{
  "positive": {
    "precision": 0.21517027863777088,
    "recall": 0.6714975845410628,
    "f1-score": 0.32590855803048063,
    "support": 207.0
  },
  "negative": {
    "precision": 0.563169164882227,
    "recall": 0.6493827160493827,
    "f1-score": 0.6032110091743119,
    "support": 405.0
  },
  "neutral": {
    "precision": 0.8998435054773083,
    "recall": 0.6087877183695076,
    "f1-score": 0.7262393432270288,
    "support": 1889.0
  },
  "micro avg": {
    "precision": 0.6491007946465914,
    "recall": 0.6205517792882846,
    "f1-score": 0.634505314799673,
    "support": 2501.0
  },
  "macro avg": {
    "precision": 0.5593943163324354,
    "recall": 0.643222672986651,
    "f1-score": 0.5517863034772738,
    "support": 2501.0
  },
  "weighted avg": {
    "precision": 0.7886557942031011,
    "recall": 0.6205517792882846,
    "f1-score": 0.6731825867987857,
    "support": 2501.0
  }
}