{
  "happiness": {
    "precision": 0.13793103448275862,
    "recall": 0.88,
    "f1-score": 0.23848238482384823,
    "support": 50.0
  },
  "anger": {
    "precision": 0.08363636363636363,
    "recall": 0.9787234042553191,
    "f1-score": 0.1541038525963149,
    "support": 47.0
  },
  "disgust": {
    "precision": 0.0,
    "recall": 0.0,
    "f1-score": 0.0,
    "support": 68.0
  },
  "fear": {
    "precision": 0.08333333333333333,
    "recall": 0.19230769230769232,
    "f1-score": 0.11627906976744186,
    "support": 26.0
  },
  "sadness": {
    "precision": 0.058823529411764705,
    "recall": 0.3333333333333333,
    "f1-score": 0.1,
    "support": 6.0
  },
  "surprise": {
    "precision": 0.09090909090909091,
    "recall": 0.15254237288135594,
    "f1-score": 0.11392405063291139,
    "support": 59.0
  },
  "other": {
    "precision": 0.9810260014054814,
    "recall": 0.621826280623608,
    "f1-score": 0.7611777535441657,
    "support": 2245.0
  },
  "micro avg": {
    "precision": 0.6015218261914297,
    "recall": 0.6005597760895641,
    "f1-score": 0.6010404161664666,
    "support": 2501.0
  },
  "macro avg": {
    "precision": 0.20509419331125608,
    "recall": 0.4512475833430441,
    "f1-score": 0.21199530162352603,
    "support": 2501.0
  },
  "weighted avg": {
    "precision": 0.8880903951128053,
    "recall": 0.6005597760895641,
    "f1-score": 0.6950643070056644,
    "support": 2501.0
  }
}