{
  "positive": {
    "precision": 0.30236486486486486,
    "recall": 0.8647342995169082,
    "f1-score": 0.44806007509386736,
    "support": 207.0
  },
  "negative": {
    "precision": 0.5007587253414264,
    "recall": 0.8148148148148148,
    "f1-score": 0.6203007518796992,
    "support": 405.0
  },
  "neutral": {
    "precision": 0.9477911646586346,
    "recall": 0.6246691371095818,
    "f1-score": 0.7530312699425654,
    "support": 1889.0
  },
  "micro avg": {
    "precision": 0.6766826923076923,
    "recall": 0.6753298680527788,
    "f1-score": 0.6760056033620172,
    "support": 2501.0
  },
  "macro avg": {
    "precision": 0.583638251621642,
    "recall": 0.7680727504804349,
    "f1-score": 0.6071306989720441,
    "support": 2501.0
  },
  "weighted avg": {
    "precision": 0.8219809359578031,
    "recall": 0.6753298680527788,
    "f1-score": 0.7062960051888104,
    "support": 2501.0
  }
}