{
  "happiness": {
    "precision": 0.15845070422535212,
    "recall": 0.9,
    "f1-score": 0.2694610778443114,
    "support": 50.0
  },
  "anger": {
    "precision": 0.08318264014466546,
    "recall": 0.9787234042553191,
    "f1-score": 0.15333333333333332,
    "support": 47.0
  },
  "disgust": {
    "precision": 0.09090909090909091,
    "recall": 0.014705882352941176,
    "f1-score": 0.02531645569620253,
    "support": 68.0
  },
  "fear": {
    "precision": 0.08,
    "recall": 0.15384615384615385,
    "f1-score": 0.10526315789473684,
    "support": 26.0
  },
  "sadness": {
    "precision": 0.0625,
    "recall": 0.3333333333333333,
    "f1-score": 0.10526315789473684,
    "support": 6.0
  },
  "surprise": {
    "precision": 0.16,
    "recall": 0.2033898305084746,
    "f1-score": 0.1791044776119403,
    "support": 59.0
  },
  "other": {
    "precision": 0.983957219251337,
    "recall": 0.6556792873051225,
    "f1-score": 0.7869553595295375,
    "support": 2245.0
  },
  "accuracy": 0.632546981207517,
  "macro avg": {
    "precision": 0.23128566493292077,
    "recall": 0.46281112737162067,
    "f1-score": 0.2320995742578284,
    "support": 2501.0
  },
  "weighted avg": {
    "precision": 0.8951990782483552,
    "recall": 0.632546981207517,
    "f1-score": 0.7209322698607645,
    "support": 2501.0
  }
}