{
  "positive": {
    "precision": 0.3446327683615819,
    "recall": 0.8840579710144928,
    "f1-score": 0.4959349593495935,
    "support": 207.0
  },
  "negative": {
    "precision": 0.504601226993865,
    "recall": 0.8123456790123457,
    "f1-score": 0.6225165562913907,
    "support": 405.0
  },
  "neutral": {
    "precision": 0.952959028831563,
    "recall": 0.6649020645844362,
    "f1-score": 0.7832865606485813,
    "support": 1889.0
  },
  "accuracy": 0.7069172331067572,
  "macro avg": {
    "precision": 0.6007310080623366,
    "recall": 0.787101904870425,
    "f1-score": 0.6339126920965218,
    "support": 2501.0
  },
  "weighted avg": {
    "precision": 0.830004832245576,
    "recall": 0.7069172331067572,
    "f1-score": 0.7334690343656733,
    "support": 2501.0
  }
}