{
  "happiness": {
    "precision": 0.1568627450980392,
    "recall": 0.16,
    "f1-score": 0.15841584158415842,
    "support": 50.0
  },
  "anger": {
    "precision": 0.1703056768558952,
    "recall": 0.8297872340425532,
    "f1-score": 0.2826086956521739,
    "support": 47.0
  },
  "disgust": {
    "precision": 0.10256410256410256,
    "recall": 0.058823529411764705,
    "f1-score": 0.07476635514018691,
    "support": 68.0
  },
  "fear": {
    "precision": 0.03143418467583497,
    "recall": 0.6153846153846154,
    "f1-score": 0.059813084112149535,
    "support": 26.0
  },
  "sadness": {
    "precision": 0.0,
    "recall": 0.0,
    "f1-score": 0.0,
    "support": 6.0
  },
  "surprise": {
    "precision": 0.03609022556390978,
    "recall": 0.4067796610169492,
    "f1-score": 0.06629834254143646,
    "support": 59.0
  },
  "other": {
    "precision": 0.9577308120133482,
    "recall": 0.38351893095768375,
    "f1-score": 0.5477099236641222,
    "support": 2245.0
  },
  "micro avg": {
    "precision": 0.39617145235122764,
    "recall": 0.38064774090363857,
    "f1-score": 0.38825448613376834,
    "support": 2501.0
  },
  "macro avg": {
    "precision": 0.2078553923958757,
    "recall": 0.35061342440193805,
    "f1-score": 0.16994460609917533,
    "support": 2501.0
  },
  "weighted avg": {
    "precision": 0.8700016585850847,
    "recall": 0.38064774090363857,
    "f1-score": 0.5043434761884077,
    "support": 2501.0
  }
}