{
  "positive": {
    "precision": 0.2437619961612284,
    "recall": 0.6135265700483091,
    "f1-score": 0.3489010989010989,
    "support": 207.0
  },
  "negative": {
    "precision": 0.6153846153846154,
    "recall": 0.4148148148148148,
    "f1-score": 0.49557522123893805,
    "support": 405.0
  },
  "neutral": {
    "precision": 0.8630217519106408,
    "recall": 0.7771307570142932,
    "f1-score": 0.8178272980501393,
    "support": 1889.0
  },
  "micro avg": {
    "precision": 0.7066132264529058,
    "recall": 0.7049180327868853,
    "f1-score": 0.7057646116893515,
    "support": 2501.0
  },
  "macro avg": {
    "precision": 0.5740561211521615,
    "recall": 0.6018240472924724,
    "f1-score": 0.5541012060633921,
    "support": 2501.0
  },
  "weighted avg": {
    "precision": 0.7716663701700697,
    "recall": 0.7049180327868853,
    "f1-score": 0.7268317705281929,
    "support": 2501.0
  }
}