{
  "happiness": {
    "precision": 0.22962962962962963,
    "recall": 0.62,
    "f1-score": 0.33513513513513515,
    "support": 50.0
  },
  "anger": {
    "precision": 0.12790697674418605,
    "recall": 0.9361702127659575,
    "f1-score": 0.22506393861892582,
    "support": 47.0
  },
  "disgust": {
    "precision": 0.07317073170731707,
    "recall": 0.04411764705882353,
    "f1-score": 0.05504587155963303,
    "support": 68.0
  },
  "fear": {
    "precision": 0.057777777777777775,
    "recall": 0.5,
    "f1-score": 0.10358565737051793,
    "support": 26.0
  },
  "sadness": {
    "precision": 0.028985507246376812,
    "recall": 0.3333333333333333,
    "f1-score": 0.05333333333333334,
    "support": 6.0
  },
  "surprise": {
    "precision": 0.036211699164345405,
    "recall": 0.6610169491525424,
    "f1-score": 0.06866197183098592,
    "support": 59.0
  },
  "other": {
    "precision": 0.9785575048732943,
    "recall": 0.22360801781737194,
    "f1-score": 0.3640319071791153,
    "support": 2245.0
  },
  "micro avg": {
    "precision": 0.2637271214642263,
    "recall": 0.2534986005597761,
    "f1-score": 0.2585117227319062,
    "support": 2501.0
  },
  "macro avg": {
    "precision": 0.21889140387756104,
    "recall": 0.47403516573257554,
    "f1-score": 0.1721225450039495,
    "support": 2501.0
  },
  "weighted avg": {
    "precision": 0.8889016165939616,
    "recall": 0.2534986005597761,
    "f1-score": 0.3420207101897948,
    "support": 2501.0
  }
}