{
  "positive": {
    "precision": 0.1840843720038351,
    "recall": 0.927536231884058,
    "f1-score": 0.3072,
    "support": 207.0
  },
  "negative": {
    "precision": 0.4759124087591241,
    "recall": 0.8049382716049382,
    "f1-score": 0.5981651376146789,
    "support": 405.0
  },
  "neutral": {
    "precision": 0.9148099606815203,
    "recall": 0.3695076760190577,
    "f1-score": 0.526395173453997,
    "support": 1889.0
  },
  "micro avg": {
    "precision": 0.4881573665194701,
    "recall": 0.48620551779288285,
    "f1-score": 0.48717948717948717,
    "support": 2501.0
  },
  "macro avg": {
    "precision": 0.5249355804814931,
    "recall": 0.7006607265026846,
    "f1-score": 0.47725343702289197,
    "support": 2501.0
  },
  "weighted avg": {
    "precision": 0.7832570996719836,
    "recall": 0.48620551779288285,
    "f1-score": 0.5198751552933009,
    "support": 2501.0
  }
}