{
  "happiness": {
    "precision": 0.15358361774744028,
    "recall": 0.9,
    "f1-score": 0.26239067055393583,
    "support": 50.0
  },
  "anger": {
    "precision": 0.08348457350272233,
    "recall": 0.9787234042553191,
    "f1-score": 0.15384615384615385,
    "support": 47.0
  },
  "disgust": {
    "precision": 0.1,
    "recall": 0.014705882352941176,
    "f1-score": 0.02564102564102564,
    "support": 68.0
  },
  "fear": {
    "precision": 0.07692307692307693,
    "recall": 0.15384615384615385,
    "f1-score": 0.10256410256410256,
    "support": 26.0
  },
  "sadness": {
    "precision": 0.0625,
    "recall": 0.3333333333333333,
    "f1-score": 0.10526315789473684,
    "support": 6.0
  },
  "surprise": {
    "precision": 0.1780821917808219,
    "recall": 0.22033898305084745,
    "f1-score": 0.19696969696969696,
    "support": 59.0
  },
  "other": {
    "precision": 0.9831649831649831,
    "recall": 0.6503340757238307,
    "f1-score": 0.7828418230563002,
    "support": 2245.0
  },
  "micro avg": {
    "precision": 0.6294070512820513,
    "recall": 0.6281487405037984,
    "f1-score": 0.6287772663598159,
    "support": 2501.0
  },
  "macro avg": {
    "precision": 0.2339626347312921,
    "recall": 0.4644688332232037,
    "f1-score": 0.232788090075136,
    "support": 2501.0
  },
  "weighted avg": {
    "precision": 0.8950380617202941,
    "recall": 0.6281487405037984,
    "f1-score": 0.7175102930822459,
    "support": 2501.0
  }
}