{
  "positive": {
    "precision": 0.3458646616541353,
    "recall": 0.8888888888888888,
    "f1-score": 0.4979702300405954,
    "support": 207.0
  },
  "negative": {
    "precision": 0.5061919504643962,
    "recall": 0.8074074074074075,
    "f1-score": 0.6222645099904852,
    "support": 405.0
  },
  "neutral": {
    "precision": 0.9514415781487102,
    "recall": 0.6638433033350979,
    "f1-score": 0.7820392890551918,
    "support": 1889.0
  },
  "micro avg": {
    "precision": 0.7071314102564102,
    "recall": 0.7057177129148341,
    "f1-score": 0.7064238543125876,
    "support": 2501.0
  },
  "macro avg": {
    "precision": 0.601166063422414,
    "recall": 0.7867131998771314,
    "f1-score": 0.6340913430287575,
    "support": 2501.0
  },
  "weighted avg": {
    "precision": 0.8292182591057178,
    "recall": 0.7057177129148341,
    "f1-score": 0.7326546106316701,
    "support": 2501.0
  }
}