{
  "happiness": {
    "precision": 0.1320754716981132,
    "recall": 0.84,
    "f1-score": 0.22826086956521738,
    "support": 50.0
  },
  "anger": {
    "precision": 0.08287292817679558,
    "recall": 0.9574468085106383,
    "f1-score": 0.15254237288135594,
    "support": 47.0
  },
  "disgust": {
    "precision": 0.0,
    "recall": 0.0,
    "f1-score": 0.0,
    "support": 68.0
  },
  "fear": {
    "precision": 0.08196721311475409,
    "recall": 0.19230769230769232,
    "f1-score": 0.11494252873563218,
    "support": 26.0
  },
  "sadness": {
    "precision": 0.058823529411764705,
    "recall": 0.3333333333333333,
    "f1-score": 0.1,
    "support": 6.0
  },
  "surprise": {
    "precision": 0.10714285714285714,
    "recall": 0.15254237288135594,
    "f1-score": 0.1258741258741259,
    "support": 59.0
  },
  "other": {
    "precision": 0.9758351101634684,
    "recall": 0.6115812917594655,
    "f1-score": 0.7519167579408543,
    "support": 2245.0
  },
  "micro avg": {
    "precision": 0.6002440016266775,
    "recall": 0.5901639344262295,
    "f1-score": 0.5951612903225807,
    "support": 2501.0
  },
  "macro avg": {
    "precision": 0.20553101567253615,
    "recall": 0.4410302141132122,
    "f1-score": 0.2105052364281694,
    "support": 2501.0
  },
  "weighted avg": {
    "precision": 0.8836681890504136,
    "recall": 0.5901639344262295,
    "f1-score": 0.686785580069813,
    "support": 2501.0
  }
}