{
  "positive": {
    "precision": 0.31186440677966104,
    "recall": 0.8888888888888888,
    "f1-score": 0.4617314930991217,
    "support": 207.0
  },
  "negative": {
    "precision": 0.5023041474654378,
    "recall": 0.8074074074074075,
    "f1-score": 0.6193181818181818,
    "support": 405.0
  },
  "neutral": {
    "precision": 0.9505672609400324,
    "recall": 0.6209634727368978,
    "f1-score": 0.7512007684918348,
    "support": 1889.0
  },
  "micro avg": {
    "precision": 0.6804040404040405,
    "recall": 0.6733306677329068,
    "f1-score": 0.6768488745980707,
    "support": 2501.0
  },
  "macro avg": {
    "precision": 0.5882452717283772,
    "recall": 0.7724199230110647,
    "f1-score": 0.6107501478030462,
    "support": 2501.0
  },
  "weighted avg": {
    "precision": 0.825114221448466,
    "recall": 0.6733306677329068,
    "f1-score": 0.7058858594118184,
    "support": 2501.0
  }
}