{
  "happiness": {
    "precision": 0.06614173228346457,
    "recall": 0.84,
    "f1-score": 0.12262773722627737,
    "support": 50.0
  },
  "anger": {
    "precision": 0.13068181818181818,
    "recall": 0.9787234042553191,
    "f1-score": 0.23057644110275688,
    "support": 47.0
  },
  "disgust": {
    "precision": 0.043478260869565216,
    "recall": 0.029411764705882353,
    "f1-score": 0.03508771929824561,
    "support": 68.0
  },
  "fear": {
    "precision": 0.05442176870748299,
    "recall": 0.3076923076923077,
    "f1-score": 0.09248554913294797,
    "support": 26.0
  },
  "sadness": {
    "precision": 0.030612244897959183,
    "recall": 0.5,
    "f1-score": 0.057692307692307696,
    "support": 6.0
  },
  "surprise": {
    "precision": 0.054878048780487805,
    "recall": 0.4576271186440678,
    "f1-score": 0.09800362976406533,
    "support": 59.0
  },
  "other": {
    "precision": 0.9785407725321889,
    "recall": 0.3046770601336303,
    "f1-score": 0.46467391304347827,
    "support": 2245.0
  },
  "micro avg": {
    "precision": 0.3288780882948562,
    "recall": 0.3246701319472211,
    "f1-score": 0.3267605633802817,
    "support": 2501.0
  },
  "macro avg": {
    "precision": 0.19410780660756669,
    "recall": 0.4883045222044582,
    "f1-score": 0.15730675675143987,
    "support": 2501.0
  },
  "weighted avg": {
    "precision": 0.8852723440529565,
    "recall": 0.3246701319472211,
    "f1-score": 0.42826084428937355,
    "support": 2501.0
  }
}