{
  "positive": {
    "precision": 0.22235576923076922,
    "recall": 0.893719806763285,
    "f1-score": 0.35611164581328203,
    "support": 207.0
  },
  "negative": {
    "precision": 0.5036075036075036,
    "recall": 0.8617283950617284,
    "f1-score": 0.6357012750455373,
    "support": 405.0
  },
  "neutral": {
    "precision": 0.9485066941297632,
    "recall": 0.4875595553202753,
    "f1-score": 0.644055944055944,
    "support": 1889.0
  },
  "micro avg": {
    "precision": 0.5829326923076923,
    "recall": 0.5817672930827669,
    "f1-score": 0.5823494096457875,
    "support": 2501.0
  },
  "macro avg": {
    "precision": 0.558156655656012,
    "recall": 0.7476692523817628,
    "f1-score": 0.5452896216382545,
    "support": 2501.0
  },
  "weighted avg": {
    "precision": 0.8163605871263218,
    "recall": 0.5817672930827669,
    "f1-score": 0.6188707738498482,
    "support": 2501.0
  }
}