{
  "happiness": {
    "precision": 0.06442166910688141,
    "recall": 0.88,
    "f1-score": 0.12005457025920874,
    "support": 50.0
  },
  "anger": {
    "precision": 0.12078651685393259,
    "recall": 0.9148936170212766,
    "f1-score": 0.21339950372208435,
    "support": 47.0
  },
  "disgust": {
    "precision": 0.1111111111111111,
    "recall": 0.058823529411764705,
    "f1-score": 0.07692307692307693,
    "support": 68.0
  },
  "fear": {
    "precision": 0.07142857142857142,
    "recall": 0.34615384615384615,
    "f1-score": 0.11842105263157894,
    "support": 26.0
  },
  "sadness": {
    "precision": 0.0125,
    "recall": 0.3333333333333333,
    "f1-score": 0.024096385542168676,
    "support": 6.0
  },
  "surprise": {
    "precision": 0.0708215297450425,
    "recall": 0.423728813559322,
    "f1-score": 0.12135922330097088,
    "support": 59.0
  },
  "other": {
    "precision": 0.9729119638826185,
    "recall": 0.19198218262806235,
    "f1-score": 0.32068452380952384,
    "support": 2245.0
  },
  "micro avg": {
    "precision": 0.25869262865090403,
    "recall": 0.2231107556977209,
    "f1-score": 0.23958780592528983,
    "support": 2501.0
  },
  "macro avg": {
    "precision": 0.2034259088754511,
    "recall": 0.4498450460153722,
    "f1-score": 0.1421340480269446,
    "support": 2501.0
  },
  "weighted avg": {
    "precision": 0.8823476918559029,
    "recall": 0.2231107556977209,
    "f1-score": 0.30051329477308275,
    "support": 2501.0
  }
}