{
  "positive": {
    "precision": 0.22413793103448276,
    "recall": 0.8792270531400966,
    "f1-score": 0.3572129538763494,
    "support": 207.0
  },
  "negative": {
    "precision": 0.511380880121396,
    "recall": 0.8320987654320988,
    "f1-score": 0.6334586466165414,
    "support": 405.0
  },
  "neutral": {
    "precision": 0.9448979591836735,
    "recall": 0.490206458443621,
    "f1-score": 0.6455210874869293,
    "support": 1889.0
  },
  "micro avg": {
    "precision": 0.5895552835577316,
    "recall": 0.5777688924430228,
    "f1-score": 0.5836025848142165,
    "support": 2501.0
  },
  "macro avg": {
    "precision": 0.5601389234465174,
    "recall": 0.7338440923386055,
    "f1-score": 0.54539756265994,
    "support": 2501.0
  },
  "weighted avg": {
    "precision": 0.8150412047466065,
    "recall": 0.5777688924430228,
    "f1-score": 0.6197053848840116,
    "support": 2501.0
  }
}