{
  "happiness": {
    "precision": 0.20754716981132076,
    "recall": 0.66,
    "f1-score": 0.3157894736842105,
    "support": 50.0
  },
  "anger": {
    "precision": 0.12753623188405797,
    "recall": 0.9361702127659575,
    "f1-score": 0.22448979591836735,
    "support": 47.0
  },
  "disgust": {
    "precision": 0.06060606060606061,
    "recall": 0.029411764705882353,
    "f1-score": 0.039603960396039604,
    "support": 68.0
  },
  "fear": {
    "precision": 0.0547945205479452,
    "recall": 0.46153846153846156,
    "f1-score": 0.09795918367346938,
    "support": 26.0
  },
  "sadness": {
    "precision": 0.029411764705882353,
    "recall": 0.3333333333333333,
    "f1-score": 0.05405405405405406,
    "support": 6.0
  },
  "surprise": {
    "precision": 0.03205791106514995,
    "recall": 0.5254237288135594,
    "f1-score": 0.06042884990253411,
    "support": 59.0
  },
  "other": {
    "precision": 0.9609544468546638,
    "recall": 0.1973273942093541,
    "f1-score": 0.32742054693274203,
    "support": 2245.0
  },
  "micro avg": {
    "precision": 0.25177619893428066,
    "recall": 0.2267093162734906,
    "f1-score": 0.23858615611192932,
    "support": 2501.0
  },
  "macro avg": {
    "precision": 0.21041544363929723,
    "recall": 0.4490292707666498,
    "f1-score": 0.1599636949373453,
    "support": 2501.0
  },
  "weighted avg": {
    "precision": 0.8721823476906735,
    "recall": 0.2267093162734906,
    "f1-score": 0.3080884672160713,
    "support": 2501.0
  }
}