{
  "positive": {
    "precision": 0.20212765957446807,
    "recall": 0.8260869565217391,
    "f1-score": 0.3247863247863248,
    "support": 207.0
  },
  "negative": {
    "precision": 0.49434571890145396,
    "recall": 0.7555555555555555,
    "f1-score": 0.59765625,
    "support": 405.0
  },
  "neutral": {
    "precision": 0.9049128367670365,
    "recall": 0.3022763366860773,
    "f1-score": 0.4531746031746032,
    "support": 1889.0
  },
  "micro avg": {
    "precision": 0.5,
    "recall": 0.4190323870451819,
    "f1-score": 0.4559495323036763,
    "support": 2501.0
  },
  "macro avg": {
    "precision": 0.5337954050809862,
    "recall": 0.6279729495877907,
    "f1-score": 0.4585390593203093,
    "support": 2501.0
  },
  "weighted avg": {
    "precision": 0.7802602120511538,
    "recall": 0.4190323870451819,
    "f1-score": 0.46594497236209304,
    "support": 2501.0
  }
}