{
  "happiness": {
    "precision": 0.18994413407821228,
    "recall": 0.68,
    "f1-score": 0.29694323144104806,
    "support": 50.0
  },
  "anger": {
    "precision": 0.12753623188405797,
    "recall": 0.9361702127659575,
    "f1-score": 0.22448979591836735,
    "support": 47.0
  },
  "disgust": {
    "precision": 0.05714285714285714,
    "recall": 0.029411764705882353,
    "f1-score": 0.038834951456310676,
    "support": 68.0
  },
  "fear": {
    "precision": 0.055299539170506916,
    "recall": 0.46153846153846156,
    "f1-score": 0.09876543209876543,
    "support": 26.0
  },
  "sadness": {
    "precision": 0.0273972602739726,
    "recall": 0.3333333333333333,
    "f1-score": 0.05063291139240506,
    "support": 6.0
  },
  "surprise": {
    "precision": 0.035140562248995984,
    "recall": 0.5932203389830508,
    "f1-score": 0.06635071090047394,
    "support": 59.0
  },
  "other": {
    "precision": 0.976,
    "recall": 0.2173719376391982,
    "f1-score": 0.35555555555555557,
    "support": 2245.0
  },
  "micro avg": {
    "precision": 0.26311300639658847,
    "recall": 0.2467013194722111,
    "f1-score": 0.25464300453982663,
    "support": 2501.0
  },
  "macro avg": {
    "precision": 0.20978008354265754,
    "recall": 0.4644351498522692,
    "f1-score": 0.16165322696613232,
    "support": 2501.0
  },
  "weighted avg": {
    "precision": 0.8853149094925802,
    "recall": 0.2467013194722111,
    "f1-score": 0.33308579430128643,
    "support": 2501.0
  }
}