{
  "positive": {
    "precision": 0.18529707955689828,
    "recall": 0.8888888888888888,
    "f1-score": 0.30666666666666664,
    "support": 207.0
  },
  "negative": {
    "precision": 0.487369985141159,
    "recall": 0.8098765432098766,
    "f1-score": 0.608534322820037,
    "support": 405.0
  },
  "neutral": {
    "precision": 0.9196102314250914,
    "recall": 0.39968237162519854,
    "f1-score": 0.5571955719557196,
    "support": 1889.0
  },
  "micro avg": {
    "precision": 0.509449135504624,
    "recall": 0.5065973610555777,
    "f1-score": 0.508019246190858,
    "support": 2501.0
  },
  "macro avg": {
    "precision": 0.5307590987077162,
    "recall": 0.6994826012413213,
    "f1-score": 0.49079885381414107,
    "support": 2501.0
  },
  "weighted avg": {
    "precision": 0.7888384912484786,
    "recall": 0.5065973610555777,
    "f1-score": 0.544773625016581,
    "support": 2501.0
  }
}