{
  "happiness": {
    "precision": 0.11232876712328767,
    "recall": 0.82,
    "f1-score": 0.19759036144578312,
    "support": 50.0
  },
  "anger": {
    "precision": 0.08185053380782918,
    "recall": 0.9787234042553191,
    "f1-score": 0.1510673234811166,
    "support": 47.0
  },
  "disgust": {
    "precision": 0.07692307692307693,
    "recall": 0.014705882352941176,
    "f1-score": 0.024691358024691357,
    "support": 68.0
  },
  "fear": {
    "precision": 0.05172413793103448,
    "recall": 0.11538461538461539,
    "f1-score": 0.07142857142857142,
    "support": 26.0
  },
  "sadness": {
    "precision": 0.05263157894736842,
    "recall": 0.3333333333333333,
    "f1-score": 0.09090909090909091,
    "support": 6.0
  },
  "surprise": {
    "precision": 0.08,
    "recall": 0.2033898305084746,
    "f1-score": 0.11483253588516747,
    "support": 59.0
  },
  "other": {
    "precision": 0.9748858447488584,
    "recall": 0.5706013363028953,
    "f1-score": 0.7198651306546783,
    "support": 2245.0
  },
  "micro avg": {
    "precision": 0.5544,
    "recall": 0.5541783286685326,
    "f1-score": 0.5542891421715657,
    "support": 2501.0
  },
  "macro avg": {
    "precision": 0.2043348484973507,
    "recall": 0.4337340574482255,
    "f1-score": 0.1957691959755856,
    "support": 2501.0
  },
  "weighted avg": {
    "precision": 0.8835239988792403,
    "recall": 0.5541783286685326,
    "f1-score": 0.657310527773353,
    "support": 2501.0
  }
}