{
  "positive": {
    "precision": 0.26865671641791045,
    "recall": 0.8695652173913043,
    "f1-score": 0.4104903078677309,
    "support": 207.0
  },
  "negative": {
    "precision": 0.4932330827067669,
    "recall": 0.8098765432098766,
    "f1-score": 0.6130841121495327,
    "support": 405.0
  },
  "neutral": {
    "precision": 0.944110060189166,
    "recall": 0.5812599258867125,
    "f1-score": 0.7195281782437746,
    "support": 1889.0
  },
  "micro avg": {
    "precision": 0.6429143314651722,
    "recall": 0.6421431427429029,
    "f1-score": 0.6425285057011402,
    "support": 2501.0
  },
  "macro avg": {
    "precision": 0.5686666197712812,
    "recall": 0.7535672288292977,
    "f1-score": 0.5810341994203461,
    "support": 2501.0
  },
  "weighted avg": {
    "precision": 0.8151920201887575,
    "recall": 0.6421431427429029,
    "f1-score": 0.676713029928697,
    "support": 2501.0
  }
}