{
  "happiness": {
    "precision": 0.06451612903225806,
    "recall": 0.84,
    "f1-score": 0.11982881597717546,
    "support": 50.0
  },
  "anger": {
    "precision": 0.12011173184357542,
    "recall": 0.9148936170212766,
    "f1-score": 0.2123456790123457,
    "support": 47.0
  },
  "disgust": {
    "precision": 0.1,
    "recall": 0.04411764705882353,
    "f1-score": 0.061224489795918366,
    "support": 68.0
  },
  "fear": {
    "precision": 0.06521739130434782,
    "recall": 0.34615384615384615,
    "f1-score": 0.10975609756097561,
    "support": 26.0
  },
  "sadness": {
    "precision": 0.013157894736842105,
    "recall": 0.3333333333333333,
    "f1-score": 0.02531645569620253,
    "support": 6.0
  },
  "surprise": {
    "precision": 0.07105263157894737,
    "recall": 0.4576271186440678,
    "f1-score": 0.12300683371298406,
    "support": 59.0
  },
  "other": {
    "precision": 0.9761388286334056,
    "recall": 0.20044543429844097,
    "f1-score": 0.3325942350332594,
    "support": 2245.0
  },
  "micro avg": {
    "precision": 0.2654377880184332,
    "recall": 0.2303078768492603,
    "f1-score": 0.2466281310211946,
    "support": 2501.0
  },
  "macro avg": {
    "precision": 0.20145637244705375,
    "recall": 0.4480815709299698,
    "f1-score": 0.14058180096983733,
    "support": 2501.0
  },
  "weighted avg": {
    "precision": 0.8848738236448415,
    "recall": 0.2303078768492603,
    "f1-score": 0.3107045066485636,
    "support": 2501.0
  }
}