{
  "positive": {
    "precision": 0.2236024844720497,
    "recall": 0.8695652173913043,
    "f1-score": 0.3557312252964427,
    "support": 207.0
  },
  "negative": {
    "precision": 0.5067873303167421,
    "recall": 0.8296296296296296,
    "f1-score": 0.6292134831460674,
    "support": 405.0
  },
  "neutral": {
    "precision": 0.946611909650924,
    "recall": 0.4880889359449444,
    "f1-score": 0.6440796367446734,
    "support": 1889.0
  },
  "micro avg": {
    "precision": 0.5888615888615889,
    "recall": 0.5749700119952019,
    "f1-score": 0.5818328950030346,
    "support": 2501.0
  },
  "macro avg": {
    "precision": 0.5590005748132386,
    "recall": 0.7290945943219594,
    "f1-score": 0.5430081150623945,
    "support": 2501.0
  },
  "weighted avg": {
    "precision": 0.8155475731285847,
    "recall": 0.5749700119952019,
    "f1-score": 0.617806580616237,
    "support": 2501.0
  }
}