{
  "happiness": {
    "precision": 0.06626506024096386,
    "recall": 0.88,
    "f1-score": 0.12324929971988796,
    "support": 50.0
  },
  "anger": {
    "precision": 0.1171875,
    "recall": 0.9574468085106383,
    "f1-score": 0.2088167053364269,
    "support": 47.0
  },
  "disgust": {
    "precision": 0.09090909090909091,
    "recall": 0.04411764705882353,
    "f1-score": 0.0594059405940594,
    "support": 68.0
  },
  "fear": {
    "precision": 0.06557377049180328,
    "recall": 0.3076923076923077,
    "f1-score": 0.10810810810810811,
    "support": 26.0
  },
  "sadness": {
    "precision": 0.02459016393442623,
    "recall": 0.5,
    "f1-score": 0.046875,
    "support": 6.0
  },
  "surprise": {
    "precision": 0.06506024096385542,
    "recall": 0.4576271186440678,
    "f1-score": 0.11392405063291139,
    "support": 59.0
  },
  "other": {
    "precision": 0.9703389830508474,
    "recall": 0.3060133630289532,
    "f1-score": 0.4652895360650186,
    "support": 2245.0
  },
  "micro avg": {
    "precision": 0.33374183006535946,
    "recall": 0.32666933226709316,
    "f1-score": 0.3301677106486159,
    "support": 2501.0
  },
  "macro avg": {
    "precision": 0.19998925851299815,
    "recall": 0.4932710349906844,
    "f1-score": 0.1608098057794875,
    "support": 2501.0
  },
  "weighted avg": {
    "precision": 0.8792902494507315,
    "recall": 0.32666933226709316,
    "f1-score": 0.42959018087217976,
    "support": 2501.0
  }
}