{
  "positive": {
    "precision": 0.2271062271062271,
    "recall": 0.8985507246376812,
    "f1-score": 0.36257309941520466,
    "support": 207.0
  },
  "negative": {
    "precision": 0.4942857142857143,
    "recall": 0.854320987654321,
    "f1-score": 0.6262443438914027,
    "support": 405.0
  },
  "neutral": {
    "precision": 0.9476923076923077,
    "recall": 0.4891476971942827,
    "f1-score": 0.6452513966480447,
    "support": 1889.0
  },
  "micro avg": {
    "precision": 0.5838011226944667,
    "recall": 0.5821671331467413,
    "f1-score": 0.582982982982983,
    "support": 2501.0
  },
  "macro avg": {
    "precision": 0.5563614163614163,
    "recall": 0.7473398031620949,
    "f1-score": 0.5446896133182174,
    "support": 2501.0
  },
  "weighted avg": {
    "precision": 0.8146291373560467,
    "recall": 0.5821671331467413,
    "f1-score": 0.618777080816922,
    "support": 2501.0
  }
}