{
  "happiness": {
    "precision": 0.15517241379310345,
    "recall": 0.9,
    "f1-score": 0.2647058823529412,
    "support": 50.0
  },
  "anger": {
    "precision": 0.08394160583941605,
    "recall": 0.9787234042553191,
    "f1-score": 0.1546218487394958,
    "support": 47.0
  },
  "disgust": {
    "precision": 0.09090909090909091,
    "recall": 0.014705882352941176,
    "f1-score": 0.02531645569620253,
    "support": 68.0
  },
  "fear": {
    "precision": 0.09615384615384616,
    "recall": 0.19230769230769232,
    "f1-score": 0.1282051282051282,
    "support": 26.0
  },
  "sadness": {
    "precision": 0.06451612903225806,
    "recall": 0.3333333333333333,
    "f1-score": 0.10810810810810811,
    "support": 6.0
  },
  "surprise": {
    "precision": 0.15789473684210525,
    "recall": 0.2033898305084746,
    "f1-score": 0.17777777777777778,
    "support": 59.0
  },
  "other": {
    "precision": 0.9832439678284183,
    "recall": 0.6534521158129176,
    "f1-score": 0.7851217554187851,
    "support": 2245.0
  },
  "micro avg": {
    "precision": 0.6312,
    "recall": 0.6309476209516194,
    "f1-score": 0.6310737852429514,
    "support": 2501.0
  },
  "macro avg": {
    "precision": 0.23311882719974827,
    "recall": 0.4679874655100969,
    "f1-score": 0.2348367080426341,
    "support": 2501.0
  },
  "weighted avg": {
    "precision": 0.8946306630822083,
    "recall": 0.6309476209516194,
    "f1-score": 0.7194295289011551,
    "support": 2501.0
  }
}