{
  "positive": {
    "precision": 0.3465160075329567,
    "recall": 0.8888888888888888,
    "f1-score": 0.4986449864498645,
    "support": 207.0
  },
  "negative": {
    "precision": 0.5069767441860465,
    "recall": 0.8074074074074075,
    "f1-score": 0.6228571428571429,
    "support": 405.0
  },
  "neutral": {
    "precision": 0.9523809523809523,
    "recall": 0.6670195870831127,
    "f1-score": 0.7845579078455791,
    "support": 1889.0
  },
  "micro avg": {
    "precision": 0.7086834733893558,
    "recall": 0.7081167532986805,
    "f1-score": 0.7084,
    "support": 2501.0
  },
  "macro avg": {
    "precision": 0.6019579013666518,
    "recall": 0.7877719611264696,
    "f1-score": 0.6353533457175288,
    "support": 2501.0
  },
  "weighted avg": {
    "precision": 0.8301087620960776,
    "recall": 0.7081167532986805,
    "f1-score": 0.7347087336955472,
    "support": 2501.0
  }
}