{
  "positive": {
    "precision": 0.0973724884080371,
    "recall": 0.9130434782608695,
    "f1-score": 0.17597765363128492,
    "support": 207.0
  },
  "negative": {
    "precision": 0.6388888888888888,
    "recall": 0.056790123456790124,
    "f1-score": 0.10430839002267574,
    "support": 405.0
  },
  "neutral": {
    "precision": 0.7223476297968398,
    "recall": 0.16940179989412388,
    "f1-score": 0.274442538593482,
    "support": 1889.0
  },
  "micro avg": {
    "precision": 0.21983471074380165,
    "recall": 0.21271491403438625,
    "f1-score": 0.21621621621621623,
    "support": 2501.0
  },
  "macro avg": {
    "precision": 0.4862030023645885,
    "recall": 0.37974513387059455,
    "f1-score": 0.1849095274158142,
    "support": 2501.0
  },
  "weighted avg": {
    "precision": 0.6571054689271068,
    "recall": 0.21271491403438625,
    "f1-score": 0.2387421941879037,
    "support": 2501.0
  }
}