{
  "happiness": {
    "precision": 0.14285714285714285,
    "recall": 0.86,
    "f1-score": 0.245014245014245,
    "support": 50.0
  },
  "anger": {
    "precision": 0.08318264014466546,
    "recall": 0.9787234042553191,
    "f1-score": 0.15333333333333332,
    "support": 47.0
  },
  "disgust": {
    "precision": 0.1111111111111111,
    "recall": 0.014705882352941176,
    "f1-score": 0.025974025974025976,
    "support": 68.0
  },
  "fear": {
    "precision": 0.08771929824561403,
    "recall": 0.19230769230769232,
    "f1-score": 0.12048192771084337,
    "support": 26.0
  },
  "sadness": {
    "precision": 0.0625,
    "recall": 0.3333333333333333,
    "f1-score": 0.10526315789473684,
    "support": 6.0
  },
  "surprise": {
    "precision": 0.14018691588785046,
    "recall": 0.2542372881355932,
    "f1-score": 0.18072289156626506,
    "support": 59.0
  },
  "other": {
    "precision": 0.9840499306518724,
    "recall": 0.6320712694877506,
    "f1-score": 0.7697314890154597,
    "support": 2245.0
  },
  "accuracy": 0.6121551379448221,
  "macro avg": {
    "precision": 0.2302295769854652,
    "recall": 0.46648269569608997,
    "f1-score": 0.2286458672155585,
    "support": 2501.0
  },
  "weighted avg": {
    "precision": 0.8951326752860594,
    "recall": 0.6121551379448221,
    "f1-score": 0.7051969472985125,
    "support": 2501.0
  }
}