{
  "positive": {
    "precision": 0.313893653516295,
    "recall": 0.8840579710144928,
    "f1-score": 0.46329113924050636,
    "support": 207.0
  },
  "negative": {
    "precision": 0.4945904173106646,
    "recall": 0.7901234567901234,
    "f1-score": 0.6083650190114068,
    "support": 405.0
  },
  "neutral": {
    "precision": 0.946498819826908,
    "recall": 0.636844891476972,
    "f1-score": 0.7613924050632911,
    "support": 1889.0
  },
  "accuracy": 0.6821271491403439,
  "macro avg": {
    "precision": 0.5849942968846226,
    "recall": 0.7703421064271959,
    "f1-score": 0.6110161877717348,
    "support": 2501.0
  },
  "weighted avg": {
    "precision": 0.8209601663101644,
    "recall": 0.6821271491403439,
    "f1-score": 0.7119389650887491,
    "support": 2501.0
  }
}