{
  "happiness": {
    "precision": 0.07051282051282051,
    "recall": 0.88,
    "f1-score": 0.13056379821958458,
    "support": 50.0
  },
  "anger": {
    "precision": 0.11878453038674033,
    "recall": 0.9148936170212766,
    "f1-score": 0.21026894865525672,
    "support": 47.0
  },
  "disgust": {
    "precision": 0.0625,
    "recall": 0.029411764705882353,
    "f1-score": 0.04,
    "support": 68.0
  },
  "fear": {
    "precision": 0.06201550387596899,
    "recall": 0.3076923076923077,
    "f1-score": 0.1032258064516129,
    "support": 26.0
  },
  "sadness": {
    "precision": 0.015625,
    "recall": 0.3333333333333333,
    "f1-score": 0.029850746268656716,
    "support": 6.0
  },
  "surprise": {
    "precision": 0.06264501160092807,
    "recall": 0.4576271186440678,
    "f1-score": 0.11020408163265306,
    "support": 59.0
  },
  "other": {
    "precision": 0.9770992366412213,
    "recall": 0.22806236080178174,
    "f1-score": 0.36980859516070785,
    "support": 2245.0
  },
  "micro avg": {
    "precision": 0.2860986547085202,
    "recall": 0.2550979608156737,
    "f1-score": 0.269710420629888,
    "support": 2501.0
  },
  "macro avg": {
    "precision": 0.1955974432882399,
    "recall": 0.4501457860283785,
    "f1-score": 0.14198885376978168,
    "support": 2501.0
  },
  "weighted avg": {
    "precision": 0.8845855693716872,
    "recall": 0.2550979608156737,
    "f1-score": 0.3433491175110939,
    "support": 2501.0
  }
}