{
  "positive": {
    "precision": 0.22509225092250923,
    "recall": 0.8840579710144928,
    "f1-score": 0.3588235294117647,
    "support": 207.0
  },
  "negative": {
    "precision": 0.5074404761904762,
    "recall": 0.8419753086419753,
    "f1-score": 0.6332404828226555,
    "support": 405.0
  },
  "neutral": {
    "precision": 0.9478079331941545,
    "recall": 0.4806776071995765,
    "f1-score": 0.6378644186863365,
    "support": 1889.0
  },
  "micro avg": {
    "precision": 0.5861645517805977,
    "recall": 0.5725709716113555,
    "f1-score": 0.5792880258899676,
    "support": 2501.0
  },
  "macro avg": {
    "precision": 0.5601135534357132,
    "recall": 0.7355702956186816,
    "f1-score": 0.5433094769735856,
    "support": 2501.0
  },
  "weighted avg": {
    "precision": 0.8166799978416073,
    "recall": 0.5725709716113555,
    "f1-score": 0.6140202930947223,
    "support": 2501.0
  }
}