{
  "happiness": {
    "precision": 0.20238095238095238,
    "recall": 0.68,
    "f1-score": 0.3119266055045872,
    "support": 50.0
  },
  "anger": {
    "precision": 0.125,
    "recall": 0.9361702127659575,
    "f1-score": 0.22055137844611528,
    "support": 47.0
  },
  "disgust": {
    "precision": 0.05714285714285714,
    "recall": 0.029411764705882353,
    "f1-score": 0.038834951456310676,
    "support": 68.0
  },
  "fear": {
    "precision": 0.056338028169014086,
    "recall": 0.46153846153846156,
    "f1-score": 0.100418410041841,
    "support": 26.0
  },
  "sadness": {
    "precision": 0.02857142857142857,
    "recall": 0.3333333333333333,
    "f1-score": 0.05263157894736842,
    "support": 6.0
  },
  "surprise": {
    "precision": 0.03571428571428571,
    "recall": 0.5932203389830508,
    "f1-score": 0.06737247353224254,
    "support": 59.0
  },
  "other": {
    "precision": 0.9695121951219512,
    "recall": 0.21247216035634744,
    "f1-score": 0.3485568140299598,
    "support": 2245.0
  },
  "micro avg": {
    "precision": 0.2623376623376623,
    "recall": 0.2423030787684926,
    "f1-score": 0.2519226771980877,
    "support": 2501.0
  },
  "macro avg": {
    "precision": 0.2106656781572127,
    "recall": 0.4637351816690048,
    "f1-score": 0.16289888742263212,
    "support": 2501.0
  },
  "weighted avg": {
    "precision": 0.8797193123208749,
    "recall": 0.2423030787684926,
    "f1-score": 0.32707505531053976,
    "support": 2501.0
  }
}