{
  "positive": {
    "precision": 0.1862845445240532,
    "recall": 0.8792270531400966,
    "f1-score": 0.30743243243243246,
    "support": 207.0
  },
  "negative": {
    "precision": 0.48024316109422494,
    "recall": 0.7802469135802469,
    "f1-score": 0.5945437441204139,
    "support": 405.0
  },
  "neutral": {
    "precision": 0.912932138284251,
    "recall": 0.37744838538909475,
    "f1-score": 0.5340823970037453,
    "support": 1889.0
  },
  "micro avg": {
    "precision": 0.5012417218543046,
    "recall": 0.4842063174730108,
    "f1-score": 0.4925767744559691,
    "support": 2501.0
  },
  "macro avg": {
    "precision": 0.5264866146341763,
    "recall": 0.6789741173698127,
    "f1-score": 0.4786861911855305,
    "support": 2501.0
  },
  "weighted avg": {
    "precision": 0.7827221871965574,
    "recall": 0.4842063174730108,
    "f1-score": 0.5251141054867476,
    "support": 2501.0
  }
}