{
  "happiness": {
    "precision": 0.14057507987220447,
    "recall": 0.88,
    "f1-score": 0.24242424242424243,
    "support": 50.0
  },
  "anger": {
    "precision": 0.0800711743772242,
    "recall": 0.9574468085106383,
    "f1-score": 0.1477832512315271,
    "support": 47.0
  },
  "disgust": {
    "precision": 0.06666666666666667,
    "recall": 0.014705882352941176,
    "f1-score": 0.024096385542168676,
    "support": 68.0
  },
  "fear": {
    "precision": 0.06779661016949153,
    "recall": 0.15384615384615385,
    "f1-score": 0.09411764705882353,
    "support": 26.0
  },
  "sadness": {
    "precision": 0.05555555555555555,
    "recall": 0.3333333333333333,
    "f1-score": 0.09523809523809523,
    "support": 6.0
  },
  "surprise": {
    "precision": 0.08904109589041095,
    "recall": 0.22033898305084745,
    "f1-score": 0.12682926829268293,
    "support": 59.0
  },
  "other": {
    "precision": 0.9861313868613139,
    "recall": 0.6017817371937639,
    "f1-score": 0.7474412171507607,
    "support": 2245.0
  },
  "accuracy": 0.583766493402639,
  "macro avg": {
    "precision": 0.21226250991326673,
    "recall": 0.4516361283268111,
    "f1-score": 0.21113287241975723,
    "support": 2501.0
  },
  "weighted avg": {
    "precision": 0.8942582430554167,
    "recall": 0.583766493402639,
    "f1-score": 0.6834116456911816,
    "support": 2501.0
  }
}