{
  "positive": {
    "precision": 0.26762589928057556,
    "recall": 0.8985507246376812,
    "f1-score": 0.4124168514412417,
    "support": 207.0
  },
  "negative": {
    "precision": 0.48493975903614456,
    "recall": 0.7950617283950617,
    "f1-score": 0.6024321796071095,
    "support": 405.0
  },
  "neutral": {
    "precision": 0.9413309982486865,
    "recall": 0.5690841715193224,
    "f1-score": 0.7093368525239195,
    "support": 1889.0
  },
  "accuracy": 0.6329468212714914,
  "macro avg": {
    "precision": 0.5646322188551355,
    "recall": 0.7542322081840217,
    "f1-score": 0.5747286278574236,
    "support": 2501.0
  },
  "weighted avg": {
    "precision": 0.8116647018202665,
    "recall": 0.6329468212714914,
    "f1-score": 0.667450074133107,
    "support": 2501.0
  }
}