{
  "happiness": {
    "precision": 0.15807560137457044,
    "recall": 0.92,
    "f1-score": 0.2697947214076246,
    "support": 50.0
  },
  "anger": {
    "precision": 0.08318264014466546,
    "recall": 0.9787234042553191,
    "f1-score": 0.15333333333333332,
    "support": 47.0
  },
  "disgust": {
    "precision": 0.0,
    "recall": 0.0,
    "f1-score": 0.0,
    "support": 68.0
  },
  "fear": {
    "precision": 0.07692307692307693,
    "recall": 0.15384615384615385,
    "f1-score": 0.10256410256410256,
    "support": 26.0
  },
  "sadness": {
    "precision": 0.058823529411764705,
    "recall": 0.3333333333333333,
    "f1-score": 0.1,
    "support": 6.0
  },
  "surprise": {
    "precision": 0.16666666666666666,
    "recall": 0.22033898305084745,
    "f1-score": 0.1897810218978102,
    "support": 59.0
  },
  "other": {
    "precision": 0.9838165879973028,
    "recall": 0.6498886414253897,
    "f1-score": 0.782725321888412,
    "support": 2245.0
  },
  "micro avg": {
    "precision": 0.628,
    "recall": 0.6277489004398241,
    "f1-score": 0.627874425114977,
    "support": 2501.0
  },
  "macro avg": {
    "precision": 0.2182125860740067,
    "recall": 0.4651615022730062,
    "f1-score": 0.22831407158446895,
    "support": 2501.0
  },
  "weighted avg": {
    "precision": 0.8927100674607262,
    "recall": 0.6277489004398241,
    "f1-score": 0.7166647330408518,
    "support": 2501.0
  }
}