{
  "positive": {
    "precision": 0.333955223880597,
    "recall": 0.8647342995169082,
    "f1-score": 0.48183041722745623,
    "support": 207.0
  },
  "negative": {
    "precision": 0.5046153846153846,
    "recall": 0.8098765432098766,
    "f1-score": 0.6218009478672986,
    "support": 405.0
  },
  "neutral": {
    "precision": 0.9497334348819497,
    "recall": 0.660137638962414,
    "f1-score": 0.7788881948782012,
    "support": 1889.0
  },
  "micro avg": {
    "precision": 0.7018807523009204,
    "recall": 0.7013194722111156,
    "f1-score": 0.7016,
    "support": 2501.0
  },
  "macro avg": {
    "precision": 0.5961013477926438,
    "recall": 0.7782494938963995,
    "f1-score": 0.6275065199909854,
    "support": 2501.0
  },
  "weighted avg": {
    "precision": 0.8266870934044451,
    "recall": 0.7013194722111156,
    "f1-score": 0.728863686676234,
    "support": 2501.0
  }
}