{
  "happiness": {
    "precision": 0.1774193548387097,
    "recall": 0.66,
    "f1-score": 0.2796610169491525,
    "support": 50.0
  },
  "anger": {
    "precision": 0.1282798833819242,
    "recall": 0.9361702127659575,
    "f1-score": 0.22564102564102564,
    "support": 47.0
  },
  "disgust": {
    "precision": 0.05714285714285714,
    "recall": 0.029411764705882353,
    "f1-score": 0.038834951456310676,
    "support": 68.0
  },
  "fear": {
    "precision": 0.056338028169014086,
    "recall": 0.46153846153846156,
    "f1-score": 0.100418410041841,
    "support": 26.0
  },
  "sadness": {
    "precision": 0.04411764705882353,
    "recall": 0.5,
    "f1-score": 0.08108108108108109,
    "support": 6.0
  },
  "surprise": {
    "precision": 0.03252885624344176,
    "recall": 0.5254237288135594,
    "f1-score": 0.06126482213438735,
    "support": 59.0
  },
  "other": {
    "precision": 0.9604743083003953,
    "recall": 0.21648106904231626,
    "f1-score": 0.3533260632497274,
    "support": 2245.0
  },
  "micro avg": {
    "precision": 0.2651909722222222,
    "recall": 0.24430227908836466,
    "f1-score": 0.254318418314256,
    "support": 2501.0
  },
  "macro avg": {
    "precision": 0.20804299073359508,
    "recall": 0.4755750338380253,
    "f1-score": 0.1628896243647894,
    "support": 2501.0
  },
  "weighted avg": {
    "precision": 0.8711312898097153,
    "recall": 0.24430227908836466,
    "f1-score": 0.3307308906040608,
    "support": 2501.0
  }
}