{
  "positive": {
    "precision": 0.18711656441717792,
    "recall": 0.8840579710144928,
    "f1-score": 0.30886075949367087,
    "support": 207.0
  },
  "negative": {
    "precision": 0.487256371814093,
    "recall": 0.8024691358024691,
    "f1-score": 0.6063432835820896,
    "support": 405.0
  },
  "neutral": {
    "precision": 0.9134615384615384,
    "recall": 0.4023292747485442,
    "f1-score": 0.5586181550900404,
    "support": 1889.0
  },
  "micro avg": {
    "precision": 0.5119095680258378,
    "recall": 0.5069972011195522,
    "f1-score": 0.5094415427882684,
    "support": 2501.0
  },
  "macro avg": {
    "precision": 0.5292781582309365,
    "recall": 0.6962854605218354,
    "f1-score": 0.49127406605526697,
    "support": 2501.0
  },
  "weighted avg": {
    "precision": 0.7843265915925268,
    "recall": 0.5069972011195522,
    "f1-score": 0.5456748908560666,
    "support": 2501.0
  }
}