{
  "happiness": {
    "precision": 0.11590296495956873,
    "recall": 0.86,
    "f1-score": 0.2042755344418052,
    "support": 50.0
  },
  "anger": {
    "precision": 0.08113207547169811,
    "recall": 0.9148936170212766,
    "f1-score": 0.14904679376083188,
    "support": 47.0
  },
  "disgust": {
    "precision": 0.06666666666666667,
    "recall": 0.014705882352941176,
    "f1-score": 0.024096385542168676,
    "support": 68.0
  },
  "fear": {
    "precision": 0.07462686567164178,
    "recall": 0.19230769230769232,
    "f1-score": 0.10752688172043011,
    "support": 26.0
  },
  "sadness": {
    "precision": 0.02631578947368421,
    "recall": 0.16666666666666666,
    "f1-score": 0.045454545454545456,
    "support": 6.0
  },
  "surprise": {
    "precision": 0.10067114093959731,
    "recall": 0.2542372881355932,
    "f1-score": 0.14423076923076922,
    "support": 59.0
  },
  "other": {
    "precision": 0.976425855513308,
    "recall": 0.5719376391982183,
    "f1-score": 0.7213483146067415,
    "support": 2245.0
  },
  "micro avg": {
    "precision": 0.5601609657947686,
    "recall": 0.5565773690523791,
    "f1-score": 0.5583634175691937,
    "support": 2501.0
  },
  "macro avg": {
    "precision": 0.20596305124230924,
    "recall": 0.4249641122403411,
    "f1-score": 0.199425603536756,
    "support": 2501.0
  },
  "weighted avg": {
    "precision": 0.8853480708978806,
    "recall": 0.5565773690523791,
    "f1-score": 0.6596811427908538,
    "support": 2501.0
  }
}