{
  "positive": {
    "precision": 0.26330532212885155,
    "recall": 0.9082125603864735,
    "f1-score": 0.40825190010857765,
    "support": 207.0
  },
  "negative": {
    "precision": 0.4840182648401826,
    "recall": 0.7851851851851852,
    "f1-score": 0.5988700564971752,
    "support": 405.0
  },
  "neutral": {
    "precision": 0.9393398751115076,
    "recall": 0.5574377977766014,
    "f1-score": 0.6996677740863787,
    "support": 1889.0
  },
  "micro avg": {
    "precision": 0.6256019261637239,
    "recall": 0.6233506597361056,
    "f1-score": 0.6244742639695574,
    "support": 2501.0
  },
  "macro avg": {
    "precision": 0.5622211540268472,
    "recall": 0.7502785144494201,
    "f1-score": 0.5689299102307105,
    "support": 2501.0
  },
  "weighted avg": {
    "precision": 0.8096539876155874,
    "recall": 0.6233506597361056,
    "f1-score": 0.6592254863866458,
    "support": 2501.0
  }
}