{
  "happiness": {
    "precision": 0.134375,
    "recall": 0.86,
    "f1-score": 0.23243243243243245,
    "support": 50.0
  },
  "anger": {
    "precision": 0.08424908424908426,
    "recall": 0.9787234042553191,
    "f1-score": 0.1551433389544688,
    "support": 47.0
  },
  "disgust": {
    "precision": 0.15384615384615385,
    "recall": 0.029411764705882353,
    "f1-score": 0.04938271604938271,
    "support": 68.0
  },
  "fear": {
    "precision": 0.08695652173913043,
    "recall": 0.15384615384615385,
    "f1-score": 0.1111111111111111,
    "support": 26.0
  },
  "sadness": {
    "precision": 0.05555555555555555,
    "recall": 0.3333333333333333,
    "f1-score": 0.09523809523809523,
    "support": 6.0
  },
  "surprise": {
    "precision": 0.13131313131313133,
    "recall": 0.22033898305084745,
    "f1-score": 0.16455696202531644,
    "support": 59.0
  },
  "other": {
    "precision": 0.9819569743233866,
    "recall": 0.6302895322939867,
    "f1-score": 0.7677699403147042,
    "support": 2245.0
  },
  "accuracy": 0.6097560975609756,
  "macro avg": {
    "precision": 0.23260748871806314,
    "recall": 0.45799188164078897,
    "f1-score": 0.22509065658935873,
    "support": 2501.0
  },
  "weighted avg": {
    "precision": 0.8940324192016289,
    "recall": 0.6097560975609756,
    "f1-score": 0.7033522900720358,
    "support": 2501.0
  }
}