{
  "positive": {
    "precision": 0.30522765598650925,
    "recall": 0.8743961352657005,
    "f1-score": 0.4525,
    "support": 207.0
  },
  "negative": {
    "precision": 0.5117004680187207,
    "recall": 0.8098765432098766,
    "f1-score": 0.627151051625239,
    "support": 405.0
  },
  "neutral": {
    "precision": 0.9470774091627172,
    "recall": 0.6347273689782954,
    "f1-score": 0.7600633914421553,
    "support": 1889.0
  },
  "micro avg": {
    "precision": 0.6832,
    "recall": 0.6829268292682927,
    "f1-score": 0.6830633873225355,
    "support": 2501.0
  },
  "macro avg": {
    "precision": 0.5880018443893157,
    "recall": 0.7730000158179574,
    "f1-score": 0.6132381476891314,
    "support": 2501.0
  },
  "weighted avg": {
    "precision": 0.8234506358437274,
    "recall": 0.6829268292682927,
    "f1-score": 0.7130841352828682,
    "support": 2501.0
  }
}