{
  "happiness": {
    "precision": 0.2080536912751678,
    "recall": 0.62,
    "f1-score": 0.31155778894472363,
    "support": 50.0
  },
  "anger": {
    "precision": 0.1246376811594203,
    "recall": 0.9148936170212766,
    "f1-score": 0.2193877551020408,
    "support": 47.0
  },
  "disgust": {
    "precision": 0.045454545454545456,
    "recall": 0.029411764705882353,
    "f1-score": 0.03571428571428571,
    "support": 68.0
  },
  "fear": {
    "precision": 0.05333333333333334,
    "recall": 0.46153846153846156,
    "f1-score": 0.09561752988047809,
    "support": 26.0
  },
  "sadness": {
    "precision": 0.025974025974025976,
    "recall": 0.3333333333333333,
    "f1-score": 0.04819277108433735,
    "support": 6.0
  },
  "surprise": {
    "precision": 0.03753609239653513,
    "recall": 0.6610169491525424,
    "f1-score": 0.07103825136612021,
    "support": 59.0
  },
  "other": {
    "precision": 0.9857723577235772,
    "recall": 0.21603563474387527,
    "f1-score": 0.35440263061746435,
    "support": 2245.0
  },
  "micro avg": {
    "precision": 0.25896246309574017,
    "recall": 0.2455017992802879,
    "f1-score": 0.25205254515599346,
    "support": 2501.0
  },
  "macro avg": {
    "precision": 0.21153738961665788,
    "recall": 0.46231853721362454,
    "f1-score": 0.16227300181563573,
    "support": 2501.0
  },
  "weighted avg": {
    "precision": 0.8941094154468202,
    "recall": 0.2455017992802879,
    "f1-score": 0.3322343304021633,
    "support": 2501.0
  }
}