{
  "positive": {
    "precision": 0.18618618618618618,
    "recall": 0.8985507246376812,
    "f1-score": 0.30845771144278605,
    "support": 207.0
  },
  "negative": {
    "precision": 0.4805755395683453,
    "recall": 0.8246913580246914,
    "f1-score": 0.6072727272727273,
    "support": 405.0
  },
  "neutral": {
    "precision": 0.9232704402515723,
    "recall": 0.3885653785071466,
    "f1-score": 0.5469448584202683,
    "support": 1889.0
  },
  "micro avg": {
    "precision": 0.5038167938931297,
    "recall": 0.5013994402239105,
    "f1-score": 0.5026052104208417,
    "support": 2501.0
  },
  "macro avg": {
    "precision": 0.5300107220020346,
    "recall": 0.7039358203898397,
    "f1-score": 0.4875584323785939,
    "support": 2501.0
  },
  "weighted avg": {
    "precision": 0.7905763677332829,
    "recall": 0.5013994402239105,
    "f1-score": 0.536975225257896,
    "support": 2501.0
  }
}