{
  "happiness": {
    "precision": 0.156794425087108,
    "recall": 0.9,
    "f1-score": 0.26706231454005935,
    "support": 50.0
  },
  "anger": {
    "precision": 0.08273381294964029,
    "recall": 0.9787234042553191,
    "f1-score": 0.15257048092868988,
    "support": 47.0
  },
  "disgust": {
    "precision": 0.08333333333333333,
    "recall": 0.014705882352941176,
    "f1-score": 0.025,
    "support": 68.0
  },
  "fear": {
    "precision": 0.0851063829787234,
    "recall": 0.15384615384615385,
    "f1-score": 0.1095890410958904,
    "support": 26.0
  },
  "sadness": {
    "precision": 0.0625,
    "recall": 0.3333333333333333,
    "f1-score": 0.10526315789473684,
    "support": 6.0
  },
  "surprise": {
    "precision": 0.16176470588235295,
    "recall": 0.1864406779661017,
    "f1-score": 0.1732283464566929,
    "support": 59.0
  },
  "other": {
    "precision": 0.9838709677419355,
    "recall": 0.6521158129175947,
    "f1-score": 0.7843557460487544,
    "support": 2245.0
  },
  "micro avg": {
    "precision": 0.6317269076305221,
    "recall": 0.6289484206317473,
    "f1-score": 0.6303346022841114,
    "support": 2501.0
  },
  "macro avg": {
    "precision": 0.23087194685329906,
    "recall": 0.4598807520959206,
    "f1-score": 0.23100986956640338,
    "support": 2501.0
  },
  "weighted avg": {
    "precision": 0.8949688457876074,
    "recall": 0.6289484206317473,
    "f1-score": 0.7184342041850906,
    "support": 2501.0
  }
}