{
  "positive": {
    "precision": 0.3452830188679245,
    "recall": 0.8840579710144928,
    "f1-score": 0.4966078697421981,
    "support": 207.0
  },
  "negative": {
    "precision": 0.5038520801232665,
    "recall": 0.8074074074074075,
    "f1-score": 0.6204933586337761,
    "support": 405.0
  },
  "neutral": {
    "precision": 0.9543031226199543,
    "recall": 0.6633139227104288,
    "f1-score": 0.7826358525921299,
    "support": 1889.0
  },
  "micro avg": {
    "precision": 0.7074638844301766,
    "recall": 0.7049180327868853,
    "f1-score": 0.7061886641297817,
    "support": 2501.0
  },
  "macro avg": {
    "precision": 0.6011460738703818,
    "recall": 0.7849264337107763,
    "f1-score": 0.6332456936560348,
    "support": 2501.0
  },
  "weighted avg": {
    "precision": 0.8309525293821179,
    "recall": 0.7049180327868853,
    "f1-score": 0.7327056236824661,
    "support": 2501.0
  }
}