{
  "happiness": {
    "precision": 0.14333333333333334,
    "recall": 0.86,
    "f1-score": 0.24571428571428572,
    "support": 50.0
  },
  "anger": {
    "precision": 0.08440366972477065,
    "recall": 0.9787234042553191,
    "f1-score": 0.1554054054054054,
    "support": 47.0
  },
  "disgust": {
    "precision": 0.06666666666666667,
    "recall": 0.014705882352941176,
    "f1-score": 0.024096385542168676,
    "support": 68.0
  },
  "fear": {
    "precision": 0.09615384615384616,
    "recall": 0.19230769230769232,
    "f1-score": 0.1282051282051282,
    "support": 26.0
  },
  "sadness": {
    "precision": 0.0625,
    "recall": 0.3333333333333333,
    "f1-score": 0.10526315789473684,
    "support": 6.0
  },
  "surprise": {
    "precision": 0.13592233009708737,
    "recall": 0.23728813559322035,
    "f1-score": 0.1728395061728395,
    "support": 59.0
  },
  "other": {
    "precision": 0.9814305364511692,
    "recall": 0.6356347438752784,
    "f1-score": 0.7715598810489321,
    "support": 2245.0
  },
  "accuracy": 0.614954018392643,
  "macro avg": {
    "precision": 0.2243443403466962,
    "recall": 0.4645704559596835,
    "f1-score": 0.22901196428335663,
    "support": 2501.0
  },
  "weighted avg": {
    "precision": 0.8915925406979878,
    "recall": 0.614954018392643,
    "f1-score": 0.7067343857082717,
    "support": 2501.0
  }
}