{
  "positive": {
    "precision": 0.31686541737649065,
    "recall": 0.8985507246376812,
    "f1-score": 0.46851385390428213,
    "support": 207.0
  },
  "negative": {
    "precision": 0.5030674846625767,
    "recall": 0.8098765432098766,
    "f1-score": 0.6206244087038789,
    "support": 405.0
  },
  "neutral": {
    "precision": 0.9476190476190476,
    "recall": 0.6320804658549497,
    "f1-score": 0.7583359796760877,
    "support": 1889.0
  },
  "micro avg": {
    "precision": 0.6834733893557423,
    "recall": 0.6829268292682927,
    "f1-score": 0.6832,
    "support": 2501.0
  },
  "macro avg": {
    "precision": 0.5891839832193716,
    "recall": 0.7801692445675025,
    "f1-score": 0.6158247474280829,
    "support": 2501.0
  },
  "weighted avg": {
    "precision": 0.8234249714664765,
    "recall": 0.6829268292682927,
    "f1-score": 0.7120479483772039,
    "support": 2501.0
  }
}