{
  "happiness": {
    "precision": 0.12188365650969529,
    "recall": 0.88,
    "f1-score": 0.2141119221411192,
    "support": 50.0
  },
  "anger": {
    "precision": 0.08363636363636363,
    "recall": 0.9787234042553191,
    "f1-score": 0.1541038525963149,
    "support": 47.0
  },
  "disgust": {
    "precision": 0.07142857142857142,
    "recall": 0.014705882352941176,
    "f1-score": 0.024390243902439025,
    "support": 68.0
  },
  "fear": {
    "precision": 0.046153846153846156,
    "recall": 0.11538461538461539,
    "f1-score": 0.06593406593406594,
    "support": 26.0
  },
  "sadness": {
    "precision": 0.047619047619047616,
    "recall": 0.3333333333333333,
    "f1-score": 0.08333333333333333,
    "support": 6.0
  },
  "surprise": {
    "precision": 0.07407407407407407,
    "recall": 0.2033898305084746,
    "f1-score": 0.1085972850678733,
    "support": 59.0
  },
  "other": {
    "precision": 0.9764507989907485,
    "recall": 0.5171492204899777,
    "f1-score": 0.6761793826441468,
    "support": 2245.0
  },
  "micro avg": {
    "precision": 0.5325220310532942,
    "recall": 0.5073970411835266,
    "f1-score": 0.5196560196560197,
    "support": 2501.0
  },
  "macro avg": {
    "precision": 0.20303519405890666,
    "recall": 0.4346694694749516,
    "f1-score": 0.18952144080275607,
    "support": 2501.0
  },
  "weighted avg": {
    "precision": 0.8847942275745108,
    "recall": 0.5073970411835266,
    "f1-score": 0.618253200053518,
    "support": 2501.0
  }
}