{
  "positive": {
    "precision": 0.25889046941678523,
    "recall": 0.8792270531400966,
    "f1-score": 0.4,
    "support": 207.0
  },
  "negative": {
    "precision": 0.502283105022831,
    "recall": 0.8148148148148148,
    "f1-score": 0.6214689265536724,
    "support": 405.0
  },
  "neutral": {
    "precision": 0.9443413729128015,
    "recall": 0.5389094759131816,
    "f1-score": 0.6862150320188742,
    "support": 1889.0
  },
  "micro avg": {
    "precision": 0.627563576702215,
    "recall": 0.6117552978808477,
    "f1-score": 0.6195586151042721,
    "support": 2501.0
  },
  "macro avg": {
    "precision": 0.5685049824508059,
    "recall": 0.7443171146226977,
    "f1-score": 0.5692279861908489,
    "support": 2501.0
  },
  "weighted avg": {
    "precision": 0.8160239256840477,
    "recall": 0.6117552978808477,
    "f1-score": 0.6520412278040347,
    "support": 2501.0
  }
}