{
  "happiness": {
    "precision": 0.19254658385093168,
    "recall": 0.62,
    "f1-score": 0.2938388625592417,
    "support": 50.0
  },
  "anger": {
    "precision": 0.12573099415204678,
    "recall": 0.9148936170212766,
    "f1-score": 0.2210796915167095,
    "support": 47.0
  },
  "disgust": {
    "precision": 0.07692307692307693,
    "recall": 0.04411764705882353,
    "f1-score": 0.056074766355140186,
    "support": 68.0
  },
  "fear": {
    "precision": 0.05309734513274336,
    "recall": 0.46153846153846156,
    "f1-score": 0.09523809523809523,
    "support": 26.0
  },
  "sadness": {
    "precision": 0.02702702702702703,
    "recall": 0.3333333333333333,
    "f1-score": 0.05,
    "support": 6.0
  },
  "surprise": {
    "precision": 0.037549407114624504,
    "recall": 0.6440677966101694,
    "f1-score": 0.07096171802054155,
    "support": 59.0
  },
  "other": {
    "precision": 0.97165991902834,
    "recall": 0.21380846325167038,
    "f1-score": 0.35049288061336253,
    "support": 2245.0
  },
  "micro avg": {
    "precision": 0.2593696763202726,
    "recall": 0.24350259896041584,
    "f1-score": 0.25118581150752733,
    "support": 2501.0
  },
  "macro avg": {
    "precision": 0.21207633617554147,
    "recall": 0.46167990268767645,
    "f1-score": 0.1625265734718701,
    "support": 2501.0
  },
  "weighted avg": {
    "precision": 0.8820080293972258,
    "recall": 0.24350259896041584,
    "f1-score": 0.3289545068203912,
    "support": 2501.0
  }
}