{
  "positive": {
    "precision": 0.18788501026694046,
    "recall": 0.8840579710144928,
    "f1-score": 0.3099068585944115,
    "support": 207.0
  },
  "negative": {
    "precision": 0.4787701317715959,
    "recall": 0.8074074074074075,
    "f1-score": 0.6011029411764706,
    "support": 405.0
  },
  "neutral": {
    "precision": 0.9154040404040404,
    "recall": 0.3838009528851244,
    "f1-score": 0.5408429690414025,
    "support": 1889.0
  },
  "micro avg": {
    "precision": 0.504287464271131,
    "recall": 0.49380247900839663,
    "f1-score": 0.498989898989899,
    "support": 2501.0
  },
  "macro avg": {
    "precision": 0.5273530608141922,
    "recall": 0.6917554437690082,
    "f1-score": 0.4839509229374282,
    "support": 2501.0
  },
  "weighted avg": {
    "precision": 0.7844831398704459,
    "recall": 0.49380247900839663,
    "f1-score": 0.531487316843152,
    "support": 2501.0
  }
}