{
  "happiness": {
    "precision": 0.15517241379310345,
    "recall": 0.9,
    "f1-score": 0.2647058823529412,
    "support": 50.0
  },
  "anger": {
    "precision": 0.08440366972477065,
    "recall": 0.9787234042553191,
    "f1-score": 0.1554054054054054,
    "support": 47.0
  },
  "disgust": {
    "precision": 0.09090909090909091,
    "recall": 0.014705882352941176,
    "f1-score": 0.02531645569620253,
    "support": 68.0
  },
  "fear": {
    "precision": 0.1,
    "recall": 0.19230769230769232,
    "f1-score": 0.13157894736842105,
    "support": 26.0
  },
  "sadness": {
    "precision": 0.0625,
    "recall": 0.3333333333333333,
    "f1-score": 0.10526315789473684,
    "support": 6.0
  },
  "surprise": {
    "precision": 0.1527777777777778,
    "recall": 0.1864406779661017,
    "f1-score": 0.16793893129770993,
    "support": 59.0
  },
  "other": {
    "precision": 0.9832999331997327,
    "recall": 0.6556792873051225,
    "f1-score": 0.7867450561197221,
    "support": 2245.0
  },
  "micro avg": {
    "precision": 0.6335602723267921,
    "recall": 0.632546981207517,
    "f1-score": 0.6330532212885154,
    "support": 2501.0
  },
  "macro avg": {
    "precision": 0.2327232693434965,
    "recall": 0.4658843253600729,
    "f1-score": 0.23385054801930558,
    "support": 2501.0
  },
  "weighted avg": {
    "precision": 0.8946040185009303,
    "recall": 0.632546981207517,
    "f1-score": 0.7206975396534712,
    "support": 2501.0
  }
}