{
  "positive": {
    "precision": 0.3451492537313433,
    "recall": 0.893719806763285,
    "f1-score": 0.4979811574697174,
    "support": 207.0
  },
  "negative": {
    "precision": 0.50625,
    "recall": 0.8,
    "f1-score": 0.6200956937799043,
    "support": 405.0
  },
  "neutral": {
    "precision": 0.9485627836611196,
    "recall": 0.6638433033350979,
    "f1-score": 0.7810650887573964,
    "support": 1889.0
  },
  "micro avg": {
    "precision": 0.7057646116893515,
    "recall": 0.7049180327868853,
    "f1-score": 0.7053410682136427,
    "support": 2501.0
  },
  "macro avg": {
    "precision": 0.5999873457974876,
    "recall": 0.7858543700327942,
    "f1-score": 0.6330473133356728,
    "support": 2501.0
  },
  "weighted avg": {
    "precision": 0.8269940999033357,
    "recall": 0.7049180327868853,
    "f1-score": 0.7315684958975668,
    "support": 2501.0
  }
}