{
  "happiness": {
    "precision": 0.15625,
    "recall": 0.9,
    "f1-score": 0.26627218934911245,
    "support": 50.0
  },
  "anger": {
    "precision": 0.08303249097472924,
    "recall": 0.9787234042553191,
    "f1-score": 0.15307820299500832,
    "support": 47.0
  },
  "disgust": {
    "precision": 0.09090909090909091,
    "recall": 0.014705882352941176,
    "f1-score": 0.02531645569620253,
    "support": 68.0
  },
  "fear": {
    "precision": 0.09803921568627451,
    "recall": 0.19230769230769232,
    "f1-score": 0.12987012987012986,
    "support": 26.0
  },
  "sadness": {
    "precision": 0.06060606060606061,
    "recall": 0.3333333333333333,
    "f1-score": 0.10256410256410256,
    "support": 6.0
  },
  "surprise": {
    "precision": 0.15584415584415584,
    "recall": 0.2033898305084746,
    "f1-score": 0.17647058823529413,
    "support": 59.0
  },
  "other": {
    "precision": 0.9825151311365165,
    "recall": 0.6507795100222717,
    "f1-score": 0.7829581993569131,
    "support": 2245.0
  },
  "accuracy": 0.6285485805677729,
  "macro avg": {
    "precision": 0.23245659216526107,
    "recall": 0.46760566468286174,
    "f1-score": 0.23378998115239472,
    "support": 2501.0
  },
  "weighted avg": {
    "precision": 0.8939427332368631,
    "recall": 0.6285485805677729,
    "f1-score": 0.7174629085364747,
    "support": 2501.0
  }
}