{
  "positive": {
    "precision": 0.34269662921348315,
    "recall": 0.8840579710144928,
    "f1-score": 0.4939271255060729,
    "support": 207.0
  },
  "negative": {
    "precision": 0.5053763440860215,
    "recall": 0.8123456790123457,
    "f1-score": 0.6231060606060606,
    "support": 405.0
  },
  "neutral": {
    "precision": 0.952887537993921,
    "recall": 0.6638433033350979,
    "f1-score": 0.7825273010920437,
    "support": 1889.0
  },
  "accuracy": 0.7061175529788085,
  "macro avg": {
    "precision": 0.6003201704311419,
    "recall": 0.7867489844539787,
    "f1-score": 0.633186829068059,
    "support": 2501.0
  },
  "weighted avg": {
    "precision": 0.8299161059066559,
    "recall": 0.7061175529788085,
    "f1-score": 0.7328248465766023,
    "support": 2501.0
  }
}