{
  "happiness": {
    "precision": 0.06351791530944625,
    "recall": 0.78,
    "f1-score": 0.11746987951807229,
    "support": 50.0
  },
  "anger": {
    "precision": 0.121875,
    "recall": 0.8297872340425532,
    "f1-score": 0.2125340599455041,
    "support": 47.0
  },
  "disgust": {
    "precision": 0.13636363636363635,
    "recall": 0.08823529411764706,
    "f1-score": 0.10714285714285714,
    "support": 68.0
  },
  "fear": {
    "precision": 0.08843537414965986,
    "recall": 0.5,
    "f1-score": 0.15028901734104047,
    "support": 26.0
  },
  "sadness": {
    "precision": 0.008583690987124463,
    "recall": 0.3333333333333333,
    "f1-score": 0.016736401673640166,
    "support": 6.0
  },
  "surprise": {
    "precision": 0.038834951456310676,
    "recall": 0.3389830508474576,
    "f1-score": 0.06968641114982578,
    "support": 59.0
  },
  "other": {
    "precision": 0.9618320610687023,
    "recall": 0.11224944320712694,
    "f1-score": 0.20103709613083368,
    "support": 2245.0
  },
  "micro avg": {
    "precision": 0.1737704918032787,
    "recall": 0.1483406637345062,
    "f1-score": 0.16005176876617774,
    "support": 2501.0
  },
  "macro avg": {
    "precision": 0.2027775184764114,
    "recall": 0.42608405079258826,
    "f1-score": 0.12498510327168195,
    "support": 2501.0
  },
  "weighted avg": {
    "precision": 0.872503722170001,
    "recall": 0.1483406637345062,
    "f1-score": 0.19296122391504472,
    "support": 2501.0
  }
}