{
  "positive": {
    "precision": 0.22897800776196636,
    "recall": 0.855072463768116,
    "f1-score": 0.36122448979591837,
    "support": 207.0
  },
  "negative": {
    "precision": 0.5154798761609907,
    "recall": 0.8222222222222222,
    "f1-score": 0.6336822074215034,
    "support": 405.0
  },
  "neutral": {
    "precision": 0.9392430278884463,
    "recall": 0.49920592906299627,
    "f1-score": 0.6519184237815416,
    "support": 1889.0
  },
  "micro avg": {
    "precision": 0.599669830788279,
    "recall": 0.580967612954818,
    "f1-score": 0.5901705930138099,
    "support": 2501.0
  },
  "macro avg": {
    "precision": 0.5612336372704677,
    "recall": 0.7255002050177781,
    "f1-score": 0.5489417069996545,
    "support": 2501.0
  },
  "weighted avg": {
    "precision": 0.8118344170864467,
    "recall": 0.580967612954818,
    "f1-score": 0.6249055041650524,
    "support": 2501.0
  }
}