{
  "anger": {
    "precision": 0.8606194690265486,
    "recall": 0.6971326164874552,
    "f1-score": 0.7702970297029703,
    "support": 558.0
  },
  "joy": {
    "precision": 0.0,
    "recall": 0.0,
    "f1-score": 0.0,
    "support": 358.0
  },
  "optimism": {
    "precision": 0.0,
    "recall": 0.0,
    "f1-score": 0.0,
    "support": 123.0
  },
  "sadness": {
    "precision": 0.7311178247734139,
    "recall": 0.6335078534031413,
    "f1-score": 0.6788218793828892,
    "support": 382.0
  },
  "micro avg": {
    "precision": 0.8058748403575989,
    "recall": 0.44405348346235046,
    "f1-score": 0.5725952813067151,
    "support": 1421.0
  },
  "macro avg": {
    "precision": 0.39793432344999063,
    "recall": 0.3326601174726491,
    "f1-score": 0.36227972727146485,
    "support": 1421.0
  },
  "weighted avg": {
    "precision": 0.5344916768333978,
    "recall": 0.44405348346235046,
    "f1-score": 0.48496530647327313,
    "support": 1421.0
  }
}