{
  "happiness": {
    "precision": 0.11666666666666667,
    "recall": 0.84,
    "f1-score": 0.2048780487804878,
    "support": 50.0
  },
  "anger": {
    "precision": 0.07879924953095685,
    "recall": 0.8936170212765957,
    "f1-score": 0.14482758620689656,
    "support": 47.0
  },
  "disgust": {
    "precision": 0.08333333333333333,
    "recall": 0.029411764705882353,
    "f1-score": 0.043478260869565216,
    "support": 68.0
  },
  "fear": {
    "precision": 0.078125,
    "recall": 0.19230769230769232,
    "f1-score": 0.1111111111111111,
    "support": 26.0
  },
  "sadness": {
    "precision": 0.047619047619047616,
    "recall": 0.3333333333333333,
    "f1-score": 0.08333333333333333,
    "support": 6.0
  },
  "surprise": {
    "precision": 0.07017543859649122,
    "recall": 0.2033898305084746,
    "f1-score": 0.10434782608695652,
    "support": 59.0
  },
  "other": {
    "precision": 0.9750390015600624,
    "recall": 0.5567928730512249,
    "f1-score": 0.7088176920895946,
    "support": 2245.0
  },
  "micro avg": {
    "precision": 0.5472536348949919,
    "recall": 0.5417832866853258,
    "f1-score": 0.5445047217199116,
    "support": 2501.0
  },
  "macro avg": {
    "precision": 0.20710824818665113,
    "recall": 0.4355503593118861,
    "f1-score": 0.20011340835399216,
    "support": 2501.0
  },
  "weighted avg": {
    "precision": 0.8838958170304687,
    "recall": 0.5417832866853258,
    "f1-score": 0.648080147980423,
    "support": 2501.0
  }
}