{
  "positive": {
    "precision": 0.2635431918008785,
    "recall": 0.8695652173913043,
    "f1-score": 0.4044943820224719,
    "support": 207.0
  },
  "negative": {
    "precision": 0.4947526236881559,
    "recall": 0.8148148148148148,
    "f1-score": 0.6156716417910447,
    "support": 405.0
  },
  "neutral": {
    "precision": 0.9409691629955947,
    "recall": 0.5653785071466384,
    "f1-score": 0.7063492063492064,
    "support": 1889.0
  },
  "micro avg": {
    "precision": 0.635010060362173,
    "recall": 0.6309476209516194,
    "f1-score": 0.6329723225030084,
    "support": 2501.0
  },
  "macro avg": {
    "precision": 0.5664216594948764,
    "recall": 0.7499195131175859,
    "f1-score": 0.5755050767209077,
    "support": 2501.0
  },
  "weighted avg": {
    "precision": 0.8126425438605213,
    "recall": 0.6309476209516194,
    "f1-score": 0.6666817284276991,
    "support": 2501.0
  }
}