{
  "happiness": {
    "precision": 0.22535211267605634,
    "recall": 0.64,
    "f1-score": 0.3333333333333333,
    "support": 50.0
  },
  "anger": {
    "precision": 0.1282798833819242,
    "recall": 0.9361702127659575,
    "f1-score": 0.22564102564102564,
    "support": 47.0
  },
  "disgust": {
    "precision": 0.05405405405405406,
    "recall": 0.029411764705882353,
    "f1-score": 0.0380952380952381,
    "support": 68.0
  },
  "fear": {
    "precision": 0.057777777777777775,
    "recall": 0.5,
    "f1-score": 0.10358565737051793,
    "support": 26.0
  },
  "sadness": {
    "precision": 0.025974025974025976,
    "recall": 0.3333333333333333,
    "f1-score": 0.04819277108433735,
    "support": 6.0
  },
  "surprise": {
    "precision": 0.0345489443378119,
    "recall": 0.6101694915254238,
    "f1-score": 0.0653950953678474,
    "support": 59.0
  },
  "other": {
    "precision": 0.9733606557377049,
    "recall": 0.21158129175946547,
    "f1-score": 0.34760336626417854,
    "support": 2245.0
  },
  "micro avg": {
    "precision": 0.25658453695836875,
    "recall": 0.2415033986405438,
    "f1-score": 0.24881565396498456,
    "support": 2501.0
  },
  "macro avg": {
    "precision": 0.2141924934199079,
    "recall": 0.46580944201286606,
    "f1-score": 0.16597806959378264,
    "support": 2501.0
  },
  "weighted avg": {
    "precision": 0.8835919880262191,
    "recall": 0.2415033986405438,
    "f1-score": 0.32669832973618324,
    "support": 2501.0
  }
}