{
  "positive": {
    "precision": 0.1844181459566075,
    "recall": 0.9033816425120773,
    "f1-score": 0.3063063063063063,
    "support": 207.0
  },
  "negative": {
    "precision": 0.48301329394387,
    "recall": 0.8074074074074075,
    "f1-score": 0.6044362292051756,
    "support": 405.0
  },
  "neutral": {
    "precision": 0.9122137404580153,
    "recall": 0.3795659078877713,
    "f1-score": 0.5360747663551402,
    "support": 1889.0
  },
  "micro avg": {
    "precision": 0.49697214372224463,
    "recall": 0.492203118752499,
    "f1-score": 0.49457613499397346,
    "support": 2501.0
  },
  "macro avg": {
    "precision": 0.5265483934528309,
    "recall": 0.6967849859357519,
    "f1-score": 0.4822724339555407,
    "support": 2501.0
  },
  "weighted avg": {
    "precision": 0.7824736889186229,
    "recall": 0.492203118752499,
    "f1-score": 0.5281276736818717,
    "support": 2501.0
  }
}