{
  "happiness": {
    "precision": 0.08888888888888889,
    "recall": 0.88,
    "f1-score": 0.1614678899082569,
    "support": 50.0
  },
  "anger": {
    "precision": 0.12078651685393259,
    "recall": 0.9148936170212766,
    "f1-score": 0.21339950372208435,
    "support": 47.0
  },
  "disgust": {
    "precision": 0.08823529411764706,
    "recall": 0.04411764705882353,
    "f1-score": 0.058823529411764705,
    "support": 68.0
  },
  "fear": {
    "precision": 0.06201550387596899,
    "recall": 0.3076923076923077,
    "f1-score": 0.1032258064516129,
    "support": 26.0
  },
  "sadness": {
    "precision": 0.015384615384615385,
    "recall": 0.3333333333333333,
    "f1-score": 0.029411764705882353,
    "support": 6.0
  },
  "surprise": {
    "precision": 0.060324825986078884,
    "recall": 0.4406779661016949,
    "f1-score": 0.10612244897959183,
    "support": 59.0
  },
  "other": {
    "precision": 0.9742388758782201,
    "recall": 0.18530066815144766,
    "f1-score": 0.31137724550898205,
    "support": 2245.0
  },
  "micro avg": {
    "precision": 0.2707292707292707,
    "recall": 0.21671331467413035,
    "f1-score": 0.24072840328669776,
    "support": 2501.0
  },
  "macro avg": {
    "precision": 0.20141064585505028,
    "recall": 0.4437165056226977,
    "f1-score": 0.14054688409831076,
    "support": 2501.0
  },
  "weighted avg": {
    "precision": 0.8830673980845443,
    "recall": 0.21671331467413035,
    "f1-score": 0.2919898654073525,
    "support": 2501.0
  }
}