{
  "positive": {
    "precision": 0.2247191011235955,
    "recall": 0.8695652173913043,
    "f1-score": 0.35714285714285715,
    "support": 207.0
  },
  "negative": {
    "precision": 0.5052316890881914,
    "recall": 0.8345679012345679,
    "f1-score": 0.6294227188081937,
    "support": 405.0
  },
  "neutral": {
    "precision": 0.9483667017913593,
    "recall": 0.4764425622022234,
    "f1-score": 0.6342494714587738,
    "support": 1889.0
  },
  "micro avg": {
    "precision": 0.5861926415874328,
    "recall": 0.5669732107157137,
    "f1-score": 0.5764227642276423,
    "support": 2501.0
  },
  "macro avg": {
    "precision": 0.5594391640010486,
    "recall": 0.7268585602760319,
    "f1-score": 0.5402716824699415,
    "support": 2501.0
  },
  "weighted avg": {
    "precision": 0.8167134696909953,
    "recall": 0.5669732107157137,
    "f1-score": 0.6105325966139598,
    "support": 2501.0
  }
}