{
  "happiness": {
    "precision": 0.06687402799377916,
    "recall": 0.86,
    "f1-score": 0.1240981240981241,
    "support": 50.0
  },
  "anger": {
    "precision": 0.1295774647887324,
    "recall": 0.9787234042553191,
    "f1-score": 0.22885572139303484,
    "support": 47.0
  },
  "disgust": {
    "precision": 0.044444444444444446,
    "recall": 0.029411764705882353,
    "f1-score": 0.035398230088495575,
    "support": 68.0
  },
  "fear": {
    "precision": 0.06338028169014084,
    "recall": 0.34615384615384615,
    "f1-score": 0.10714285714285714,
    "support": 26.0
  },
  "sadness": {
    "precision": 0.022222222222222223,
    "recall": 0.3333333333333333,
    "f1-score": 0.041666666666666664,
    "support": 6.0
  },
  "surprise": {
    "precision": 0.0577319587628866,
    "recall": 0.4745762711864407,
    "f1-score": 0.10294117647058823,
    "support": 59.0
  },
  "other": {
    "precision": 0.9759206798866855,
    "recall": 0.3069042316258352,
    "f1-score": 0.4669603524229075,
    "support": 2245.0
  },
  "micro avg": {
    "precision": 0.33211678832116787,
    "recall": 0.327469012395042,
    "f1-score": 0.32977652506543187,
    "support": 2501.0
  },
  "macro avg": {
    "precision": 0.19430729711269873,
    "recall": 0.47558612160866526,
    "f1-score": 0.15815187546895343,
    "support": 2501.0
  },
  "weighted avg": {
    "precision": 0.8830809264441734,
    "recall": 0.327469012395042,
    "f1-score": 0.43054915619484324,
    "support": 2501.0
  }
}