{
  "positive": {
    "precision": 0.22316043425814233,
    "recall": 0.893719806763285,
    "f1-score": 0.35714285714285715,
    "support": 207.0
  },
  "negative": {
    "precision": 0.5058309037900874,
    "recall": 0.8567901234567902,
    "f1-score": 0.6361136571952337,
    "support": 405.0
  },
  "neutral": {
    "precision": 0.9468845760980592,
    "recall": 0.4907358390682901,
    "f1-score": 0.6464435146443515,
    "support": 1889.0
  },
  "micro avg": {
    "precision": 0.5850040096230954,
    "recall": 0.5833666533386646,
    "f1-score": 0.5841841841841842,
    "support": 2501.0
  },
  "macro avg": {
    "precision": 0.5586253047154296,
    "recall": 0.7470819230961219,
    "f1-score": 0.5465666763274808,
    "support": 2501.0
  },
  "weighted avg": {
    "precision": 0.815562051249762,
    "recall": 0.5833666533386646,
    "f1-score": 0.6208262302102443,
    "support": 2501.0
  }
}