{
  "happiness": {
    "precision": 0.15845070422535212,
    "recall": 0.9,
    "f1-score": 0.2694610778443114,
    "support": 50.0
  },
  "anger": {
    "precision": 0.08228980322003578,
    "recall": 0.9787234042553191,
    "f1-score": 0.15181518151815182,
    "support": 47.0
  },
  "disgust": {
    "precision": 0.1,
    "recall": 0.014705882352941176,
    "f1-score": 0.02564102564102564,
    "support": 68.0
  },
  "fear": {
    "precision": 0.0851063829787234,
    "recall": 0.15384615384615385,
    "f1-score": 0.1095890410958904,
    "support": 26.0
  },
  "sadness": {
    "precision": 0.05714285714285714,
    "recall": 0.3333333333333333,
    "f1-score": 0.0975609756097561,
    "support": 6.0
  },
  "surprise": {
    "precision": 0.14285714285714285,
    "recall": 0.2033898305084746,
    "f1-score": 0.16783216783216784,
    "support": 59.0
  },
  "other": {
    "precision": 0.9831195138419987,
    "recall": 0.6485523385300668,
    "f1-score": 0.7815351583467526,
    "support": 2245.0
  },
  "micro avg": {
    "precision": 0.6264,
    "recall": 0.6261495401839264,
    "f1-score": 0.6262747450509898,
    "support": 2501.0
  },
  "macro avg": {
    "precision": 0.22985234346658714,
    "recall": 0.46179299183232697,
    "f1-score": 0.2290620896982937,
    "support": 2501.0
  },
  "weighted avg": {
    "precision": 0.894313338291392,
    "recall": 0.6261495401839264,
    "f1-score": 0.7158077434945492,
    "support": 2501.0
  }
}