{
  "positive": {
    "precision": 0.3382899628252788,
    "recall": 0.8792270531400966,
    "f1-score": 0.4885906040268456,
    "support": 207.0
  },
  "negative": {
    "precision": 0.5038402457757296,
    "recall": 0.8098765432098766,
    "f1-score": 0.6212121212121212,
    "support": 405.0
  },
  "neutral": {
    "precision": 0.9511077158135982,
    "recall": 0.6590788777130757,
    "f1-score": 0.7786116322701688,
    "support": 1889.0
  },
  "micro avg": {
    "precision": 0.7025620496397118,
    "recall": 0.70171931227509,
    "f1-score": 0.7021404280856172,
    "support": 2501.0
  },
  "macro avg": {
    "precision": 0.5977459748048689,
    "recall": 0.7827274913543496,
    "f1-score": 0.6294714525030453,
    "support": 2501.0
  },
  "weighted avg": {
    "precision": 0.8279583354721672,
    "recall": 0.70171931227509,
    "f1-score": 0.7291189674061636,
    "support": 2501.0
  }
}