{
  "happiness": {
    "precision": 0.19642857142857142,
    "recall": 0.66,
    "f1-score": 0.30275229357798167,
    "support": 50.0
  },
  "anger": {
    "precision": 0.12903225806451613,
    "recall": 0.9361702127659575,
    "f1-score": 0.2268041237113402,
    "support": 47.0
  },
  "disgust": {
    "precision": 0.06060606060606061,
    "recall": 0.029411764705882353,
    "f1-score": 0.039603960396039604,
    "support": 68.0
  },
  "fear": {
    "precision": 0.056074766355140186,
    "recall": 0.46153846153846156,
    "f1-score": 0.1,
    "support": 26.0
  },
  "sadness": {
    "precision": 0.027777777777777776,
    "recall": 0.3333333333333333,
    "f1-score": 0.05128205128205128,
    "support": 6.0
  },
  "surprise": {
    "precision": 0.035140562248995984,
    "recall": 0.5932203389830508,
    "f1-score": 0.06635071090047394,
    "support": 59.0
  },
  "other": {
    "precision": 0.9718875502008032,
    "recall": 0.2155902004454343,
    "f1-score": 0.35289828654757566,
    "support": 2245.0
  },
  "micro avg": {
    "precision": 0.26356589147286824,
    "recall": 0.24470211915233905,
    "f1-score": 0.25378395189715947,
    "support": 2501.0
  },
  "macro avg": {
    "precision": 0.2109925066688379,
    "recall": 0.4613234731103028,
    "f1-score": 0.16281306091649464,
    "support": 2501.0
  },
  "weighted avg": {
    "precision": 0.8818842905985875,
    "recall": 0.24470211915233905,
    "f1-score": 0.33089544796097176,
    "support": 2501.0
  }
}