{
  "positive": {
    "precision": 0.18737270875763748,
    "recall": 0.8888888888888888,
    "f1-score": 0.30950378469301937,
    "support": 207.0
  },
  "negative": {
    "precision": 0.48507462686567165,
    "recall": 0.8024691358024691,
    "f1-score": 0.6046511627906976,
    "support": 405.0
  },
  "neutral": {
    "precision": 0.9205548549810845,
    "recall": 0.3864478560084701,
    "f1-score": 0.5443698732289336,
    "support": 1889.0
  },
  "micro avg": {
    "precision": 0.5067484662576687,
    "recall": 0.49540183926429426,
    "f1-score": 0.5010109179134654,
    "support": 2501.0
  },
  "macro avg": {
    "precision": 0.5310007302014645,
    "recall": 0.6926019602332761,
    "f1-score": 0.48617494023755015,
    "support": 2501.0
  },
  "weighted avg": {
    "precision": 0.7893520574381033,
    "recall": 0.49540183926429426,
    "f1-score": 0.5346924009960589,
    "support": 2501.0
  }
}