{
  "happiness": {
    "precision": 0.15625,
    "recall": 0.9,
    "f1-score": 0.26627218934911245,
    "support": 50.0
  },
  "anger": {
    "precision": 0.08318264014466546,
    "recall": 0.9787234042553191,
    "f1-score": 0.15333333333333332,
    "support": 47.0
  },
  "disgust": {
    "precision": 0.09090909090909091,
    "recall": 0.014705882352941176,
    "f1-score": 0.02531645569620253,
    "support": 68.0
  },
  "fear": {
    "precision": 0.0851063829787234,
    "recall": 0.15384615384615385,
    "f1-score": 0.1095890410958904,
    "support": 26.0
  },
  "sadness": {
    "precision": 0.06666666666666667,
    "recall": 0.3333333333333333,
    "f1-score": 0.1111111111111111,
    "support": 6.0
  },
  "surprise": {
    "precision": 0.1875,
    "recall": 0.2033898305084746,
    "f1-score": 0.1951219512195122,
    "support": 59.0
  },
  "other": {
    "precision": 0.9846256684491979,
    "recall": 0.6561247216035635,
    "f1-score": 0.7874899759422614,
    "support": 2245.0
  },
  "micro avg": {
    "precision": 0.6359983929288872,
    "recall": 0.6329468212714914,
    "f1-score": 0.6344689378757515,
    "support": 2501.0
  },
  "macro avg": {
    "precision": 0.23632006416404922,
    "recall": 0.4628747608428266,
    "f1-score": 0.2354620082496319,
    "support": 2501.0
  },
  "weighted avg": {
    "precision": 0.8964669307854911,
    "recall": 0.6329468212714914,
    "f1-score": 0.7217852730783494,
    "support": 2501.0
  }
}