{
  "positive": {
    "precision": 0.34990439770554493,
    "recall": 0.8840579710144928,
    "f1-score": 0.5013698630136987,
    "support": 207.0
  },
  "negative": {
    "precision": 0.5054263565891473,
    "recall": 0.8049382716049382,
    "f1-score": 0.6209523809523809,
    "support": 405.0
  },
  "neutral": {
    "precision": 0.9545454545454546,
    "recall": 0.6670195870831127,
    "f1-score": 0.7852913680274228,
    "support": 1889.0
  },
  "micro avg": {
    "precision": 0.7110128617363344,
    "recall": 0.7073170731707317,
    "f1-score": 0.7091601523351373,
    "support": 2501.0
  },
  "macro avg": {
    "precision": 0.6032920696133822,
    "recall": 0.7853386099008479,
    "f1-score": 0.6358712039978341,
    "support": 2501.0
  },
  "weighted avg": {
    "precision": 0.8317729901559442,
    "recall": 0.7073170731707317,
    "f1-score": 0.7351797961348867,
    "support": 2501.0
  }
}