{
  "happiness": {
    "precision": 0.05741626794258373,
    "recall": 0.24,
    "f1-score": 0.09266409266409266,
    "support": 50.0
  },
  "anger": {
    "precision": 0.21311475409836064,
    "recall": 0.5531914893617021,
    "f1-score": 0.3076923076923077,
    "support": 47.0
  },
  "disgust": {
    "precision": 0.0,
    "recall": 0.0,
    "f1-score": 0.0,
    "support": 68.0
  },
  "fear": {
    "precision": 0.02850877192982456,
    "recall": 0.5,
    "f1-score": 0.05394190871369295,
    "support": 26.0
  },
  "sadness": {
    "precision": 0.0,
    "recall": 0.0,
    "f1-score": 0.0,
    "support": 6.0
  },
  "surprise": {
    "precision": 0.05105105105105105,
    "recall": 0.288135593220339,
    "f1-score": 0.08673469387755102,
    "support": 59.0
  },
  "other": {
    "precision": 0.9167950693374423,
    "recall": 0.5300668151447662,
    "f1-score": 0.6717471069714931,
    "support": 2245.0
  },
  "micro avg": {
    "precision": 0.5147299509001637,
    "recall": 0.502998800479808,
    "f1-score": 0.5087967644084934,
    "support": 2501.0
  },
  "macro avg": {
    "precision": 0.1809837020513232,
    "recall": 0.30162769967525815,
    "f1-score": 0.1732543014170196,
    "support": 2501.0
  },
  "weighted avg": {
    "precision": 0.8296063085103947,
    "recall": 0.502998800479808,
    "f1-score": 0.6132294421475717,
    "support": 2501.0
  }
}