{
  "positive": {
    "precision": 0.14737991266375547,
    "recall": 0.6521739130434783,
    "f1-score": 0.2404274265360641,
    "support": 207.0
  },
  "negative": {
    "precision": 0.5260273972602739,
    "recall": 0.4740740740740741,
    "f1-score": 0.4987012987012987,
    "support": 405.0
  },
  "neutral": {
    "precision": 0.8636363636363636,
    "recall": 0.5330862890418211,
    "f1-score": 0.6592471358428805,
    "support": 1889.0
  },
  "micro avg": {
    "precision": 0.5451573355128729,
    "recall": 0.5333866453418633,
    "f1-score": 0.5392077607113985,
    "support": 2501.0
  },
  "macro avg": {
    "precision": 0.5123478911867977,
    "recall": 0.5531114253864579,
    "f1-score": 0.46612528702674777,
    "support": 2501.0
  },
  "weighted avg": {
    "precision": 0.7496832581850856,
    "recall": 0.5333866453418633,
    "f1-score": 0.5985847032683697,
    "support": 2501.0
  }
}