{
  "happiness": {
    "precision": 0.072,
    "recall": 0.9,
    "f1-score": 0.13333333333333333,
    "support": 50.0
  },
  "anger": {
    "precision": 0.12078651685393259,
    "recall": 0.9148936170212766,
    "f1-score": 0.21339950372208435,
    "support": 47.0
  },
  "disgust": {
    "precision": 0.07142857142857142,
    "recall": 0.04411764705882353,
    "f1-score": 0.05454545454545454,
    "support": 68.0
  },
  "fear": {
    "precision": 0.061068702290076333,
    "recall": 0.3076923076923077,
    "f1-score": 0.10191082802547771,
    "support": 26.0
  },
  "sadness": {
    "precision": 0.02586206896551724,
    "recall": 0.5,
    "f1-score": 0.04918032786885246,
    "support": 6.0
  },
  "surprise": {
    "precision": 0.0589622641509434,
    "recall": 0.423728813559322,
    "f1-score": 0.10351966873706005,
    "support": 59.0
  },
  "other": {
    "precision": 0.9753320683111955,
    "recall": 0.2289532293986637,
    "f1-score": 0.3708513708513709,
    "support": 2245.0
  },
  "micro avg": {
    "precision": 0.2886087348041423,
    "recall": 0.256297481007597,
    "f1-score": 0.27149512918254975,
    "support": 2501.0
  },
  "macro avg": {
    "precision": 0.1979200274286052,
    "recall": 0.4741979449614848,
    "f1-score": 0.14667721244051904,
    "support": 2501.0
  },
  "weighted avg": {
    "precision": 0.8832372390108564,
    "recall": 0.256297481007597,
    "f1-score": 0.34466984636680736,
    "support": 2501.0
  }
}