{
  "positive": {
    "precision": 0.2248447204968944,
    "recall": 0.8743961352657005,
    "f1-score": 0.3577075098814229,
    "support": 207.0
  },
  "negative": {
    "precision": 0.5014836795252225,
    "recall": 0.8345679012345679,
    "f1-score": 0.6265060240963856,
    "support": 405.0
  },
  "neutral": {
    "precision": 0.9486910994764398,
    "recall": 0.47961884595023824,
    "f1-score": 0.6371308016877637,
    "support": 1889.0
  },
  "micro avg": {
    "precision": 0.585456039441249,
    "recall": 0.5697720911635346,
    "f1-score": 0.5775075987841946,
    "support": 2501.0
  },
  "macro avg": {
    "precision": 0.5583398331661856,
    "recall": 0.7295276274835022,
    "f1-score": 0.540448111888524,
    "support": 2501.0
  },
  "weighted avg": {
    "precision": 0.8163619489250569,
    "recall": 0.5697720911635346,
    "f1-score": 0.6122832781658043,
    "support": 2501.0
  }
}