{
  "happiness": {
    "precision": 0.11209439528023599,
    "recall": 0.76,
    "f1-score": 0.1953727506426735,
    "support": 50.0
  },
  "anger": {
    "precision": 0.08037383177570094,
    "recall": 0.9148936170212766,
    "f1-score": 0.14776632302405499,
    "support": 47.0
  },
  "disgust": {
    "precision": 0.1,
    "recall": 0.029411764705882353,
    "f1-score": 0.045454545454545456,
    "support": 68.0
  },
  "fear": {
    "precision": 0.043478260869565216,
    "recall": 0.11538461538461539,
    "f1-score": 0.06315789473684211,
    "support": 26.0
  },
  "sadness": {
    "precision": 0.024390243902439025,
    "recall": 0.16666666666666666,
    "f1-score": 0.0425531914893617,
    "support": 6.0
  },
  "surprise": {
    "precision": 0.08609271523178808,
    "recall": 0.22033898305084745,
    "f1-score": 0.12380952380952381,
    "support": 59.0
  },
  "other": {
    "precision": 0.9730538922155688,
    "recall": 0.579064587973274,
    "f1-score": 0.7260541748115051,
    "support": 2245.0
  },
  "micro avg": {
    "precision": 0.5620232838217584,
    "recall": 0.5597760895641744,
    "f1-score": 0.5608974358974359,
    "support": 2501.0
  },
  "macro avg": {
    "precision": 0.20278333418218544,
    "recall": 0.3979657478289375,
    "f1-score": 0.1920240577097867,
    "support": 2501.0
  },
  "weighted avg": {
    "precision": 0.8824648238009278,
    "recall": 0.5597760895641744,
    "f1-score": 0.663334015423374,
    "support": 2501.0
  }
}