{
  "positive": {
    "precision": 0.2614942528735632,
    "recall": 0.8792270531400966,
    "f1-score": 0.40310077519379844,
    "support": 207.0
  },
  "negative": {
    "precision": 0.49013657056145676,
    "recall": 0.7975308641975308,
    "f1-score": 0.6071428571428571,
    "support": 405.0
  },
  "neutral": {
    "precision": 0.9411247803163445,
    "recall": 0.5669666490206459,
    "f1-score": 0.707631318136769,
    "support": 1889.0
  },
  "micro avg": {
    "precision": 0.6321700762133975,
    "recall": 0.6301479408236705,
    "f1-score": 0.63115738886664,
    "support": 2501.0
  },
  "macro avg": {
    "precision": 0.5642518679171215,
    "recall": 0.7479081887860911,
    "f1-score": 0.5726249834911415,
    "support": 2501.0
  },
  "weighted avg": {
    "precision": 0.8118429953777658,
    "recall": 0.6301479408236705,
    "f1-score": 0.6661536495675051,
    "support": 2501.0
  }
}