{
  "happiness": {
    "precision": 0.17582417582417584,
    "recall": 0.64,
    "f1-score": 0.27586206896551724,
    "support": 50.0
  },
  "anger": {
    "precision": 0.13333333333333333,
    "recall": 0.9361702127659575,
    "f1-score": 0.23342175066312998,
    "support": 47.0
  },
  "disgust": {
    "precision": 0.041666666666666664,
    "recall": 0.014705882352941176,
    "f1-score": 0.021739130434782608,
    "support": 68.0
  },
  "fear": {
    "precision": 0.05092592592592592,
    "recall": 0.4230769230769231,
    "f1-score": 0.09090909090909091,
    "support": 26.0
  },
  "sadness": {
    "precision": 0.057692307692307696,
    "recall": 0.5,
    "f1-score": 0.10344827586206896,
    "support": 6.0
  },
  "surprise": {
    "precision": 0.037628278221208664,
    "recall": 0.559322033898305,
    "f1-score": 0.07051282051282051,
    "support": 59.0
  },
  "other": {
    "precision": 0.9495614035087719,
    "recall": 0.19287305122494433,
    "f1-score": 0.32062199185486856,
    "support": 2245.0
  },
  "micro avg": {
    "precision": 0.2606457650912494,
    "recall": 0.2227109156337465,
    "f1-score": 0.2401897369555843,
    "support": 2501.0
  },
  "macro avg": {
    "precision": 0.20666172731034146,
    "recall": 0.4665925861884387,
    "f1-score": 0.15950216131461126,
    "support": 2501.0
  },
  "weighted avg": {
    "precision": 0.8610743126764019,
    "recall": 0.2227109156337465,
    "f1-score": 0.30115279517882976,
    "support": 2501.0
  }
}