{
  "positive": {
    "precision": 0.21447721179624665,
    "recall": 0.7729468599033816,
    "f1-score": 0.3357817418677859,
    "support": 207.0
  },
  "negative": {
    "precision": 0.4864406779661017,
    "recall": 0.7086419753086419,
    "f1-score": 0.5768844221105528,
    "support": 405.0
  },
  "neutral": {
    "precision": 0.8933333333333333,
    "recall": 0.2837480148226575,
    "f1-score": 0.43069505825632787,
    "support": 1889.0
  },
  "micro avg": {
    "precision": 0.5077479338842975,
    "recall": 0.39304278288684524,
    "f1-score": 0.44309217940049583,
    "support": 2501.0
  },
  "macro avg": {
    "precision": 0.5314170743652272,
    "recall": 0.5884456166782269,
    "f1-score": 0.44778707407822216,
    "support": 2501.0
  },
  "weighted avg": {
    "precision": 0.7712562671270535,
    "recall": 0.39304278288684524,
    "f1-score": 0.44651258559280643,
    "support": 2501.0
  }
}