{
  "positive": {
    "precision": 0.10959836623553437,
    "recall": 0.7777777777777778,
    "f1-score": 0.19212410501193317,
    "support": 207.0
  },
  "negative": {
    "precision": 0.6818181818181818,
    "recall": 0.07407407407407407,
    "f1-score": 0.133630289532294,
    "support": 405.0
  },
  "neutral": {
    "precision": 0.7955346650998825,
    "recall": 0.35839068290100584,
    "f1-score": 0.49416058394160584,
    "support": 1889.0
  },
  "micro avg": {
    "precision": 0.36717428087986465,
    "recall": 0.3470611755297881,
    "f1-score": 0.35683453237410073,
    "support": 2501.0
  },
  "macro avg": {
    "precision": 0.5289837377178662,
    "recall": 0.40341417825095255,
    "f1-score": 0.27330499282861104,
    "support": 2501.0
  },
  "weighted avg": {
    "precision": 0.7203471442706106,
    "recall": 0.3470611755297881,
    "f1-score": 0.4107794082621922,
    "support": 2501.0
  }
}