{
  "happiness": {
    "precision": 0.1375,
    "recall": 0.88,
    "f1-score": 0.23783783783783785,
    "support": 50.0
  },
  "anger": {
    "precision": 0.08256880733944955,
    "recall": 0.9574468085106383,
    "f1-score": 0.15202702702702703,
    "support": 47.0
  },
  "disgust": {
    "precision": 0.1,
    "recall": 0.014705882352941176,
    "f1-score": 0.02564102564102564,
    "support": 68.0
  },
  "fear": {
    "precision": 0.07407407407407407,
    "recall": 0.15384615384615385,
    "f1-score": 0.1,
    "support": 26.0
  },
  "sadness": {
    "precision": 0.07142857142857142,
    "recall": 0.3333333333333333,
    "f1-score": 0.11764705882352941,
    "support": 6.0
  },
  "surprise": {
    "precision": 0.12359550561797752,
    "recall": 0.1864406779661017,
    "f1-score": 0.14864864864864866,
    "support": 59.0
  },
  "other": {
    "precision": 0.975828729281768,
    "recall": 0.6293986636971047,
    "f1-score": 0.7652315190901706,
    "support": 2245.0
  },
  "micro avg": {
    "precision": 0.6094627105052125,
    "recall": 0.6077568972411036,
    "f1-score": 0.6086086086086087,
    "support": 2501.0
  },
  "macro avg": {
    "precision": 0.22357081253454864,
    "recall": 0.4507387885294675,
    "f1-score": 0.2210047310097485,
    "support": 2501.0
  },
  "weighted avg": {
    "precision": 0.8868204171805204,
    "recall": 0.6077568972411036,
    "f1-score": 0.7000406496946807,
    "support": 2501.0
  }
}