{
  "positive": {
    "precision": 0.30449251247920134,
    "recall": 0.8840579710144928,
    "f1-score": 0.452970297029703,
    "support": 207.0
  },
  "negative": {
    "precision": 0.49615975422427033,
    "recall": 0.7975308641975308,
    "f1-score": 0.6117424242424242,
    "support": 405.0
  },
  "neutral": {
    "precision": 0.9452936444086887,
    "recall": 0.6220222339862361,
    "f1-score": 0.7503192848020435,
    "support": 1889.0
  },
  "micro avg": {
    "precision": 0.67374749498998,
    "recall": 0.6721311475409836,
    "f1-score": 0.6729383506805444,
    "support": 2501.0
  },
  "macro avg": {
    "precision": 0.5819819703707201,
    "recall": 0.7678703563994199,
    "f1-score": 0.6050106686913902,
    "support": 2501.0
  },
  "weighted avg": {
    "precision": 0.81952592756179,
    "recall": 0.6721311475409836,
    "f1-score": 0.7032681576546944,
    "support": 2501.0
  }
}