{
  "happiness": {
    "precision": 0.14195583596214512,
    "recall": 0.9,
    "f1-score": 0.2452316076294278,
    "support": 50.0
  },
  "anger": {
    "precision": 0.08378870673952642,
    "recall": 0.9787234042553191,
    "f1-score": 0.15436241610738255,
    "support": 47.0
  },
  "disgust": {
    "precision": 0.13333333333333333,
    "recall": 0.029411764705882353,
    "f1-score": 0.04819277108433735,
    "support": 68.0
  },
  "fear": {
    "precision": 0.08064516129032258,
    "recall": 0.19230769230769232,
    "f1-score": 0.11363636363636363,
    "support": 26.0
  },
  "sadness": {
    "precision": 0.03125,
    "recall": 0.16666666666666666,
    "f1-score": 0.05263157894736842,
    "support": 6.0
  },
  "surprise": {
    "precision": 0.10416666666666667,
    "recall": 0.1694915254237288,
    "f1-score": 0.12903225806451613,
    "support": 59.0
  },
  "other": {
    "precision": 0.9817927170868347,
    "recall": 0.6244988864142539,
    "f1-score": 0.7634086577729376,
    "support": 2245.0
  },
  "micro avg": {
    "precision": 0.6046418567426971,
    "recall": 0.6041583366653339,
    "f1-score": 0.6044,
    "support": 2501.0
  },
  "macro avg": {
    "precision": 0.22241891729697555,
    "recall": 0.43729999139622044,
    "f1-score": 0.21521366474890477,
    "support": 2501.0
  },
  "weighted avg": {
    "precision": 0.8927058316946651,
    "recall": 0.6041583366653339,
    "f1-score": 0.6987322659842201,
    "support": 2501.0
  }
}