{
  "positive": {
    "precision": 0.30808080808080807,
    "recall": 0.8840579710144928,
    "f1-score": 0.45692883895131087,
    "support": 207.0
  },
  "negative": {
    "precision": 0.4877675840978593,
    "recall": 0.7876543209876543,
    "f1-score": 0.6024551463644948,
    "support": 405.0
  },
  "neutral": {
    "precision": 0.9439102564102564,
    "recall": 0.6236103758602435,
    "f1-score": 0.7510360216767612,
    "support": 1889.0
  },
  "micro avg": {
    "precision": 0.6730769230769231,
    "recall": 0.6717313074770092,
    "f1-score": 0.6724034420652392,
    "support": 2501.0
  },
  "macro avg": {
    "precision": 0.5799195495296413,
    "recall": 0.7651075559541303,
    "f1-score": 0.603473335664189,
    "support": 2501.0
  },
  "weighted avg": {
    "precision": 0.8174190616518732,
    "recall": 0.6717313074770092,
    "f1-score": 0.7026332062726685,
    "support": 2501.0
  }
}