{
  "happiness": {
    "precision": 0.14423076923076922,
    "recall": 0.6,
    "f1-score": 0.23255813953488372,
    "support": 50.0
  },
  "anger": {
    "precision": 0.13432835820895522,
    "recall": 0.9574468085106383,
    "f1-score": 0.2356020942408377,
    "support": 47.0
  },
  "disgust": {
    "precision": 0.07407407407407407,
    "recall": 0.029411764705882353,
    "f1-score": 0.042105263157894736,
    "support": 68.0
  },
  "fear": {
    "precision": 0.049107142857142856,
    "recall": 0.4230769230769231,
    "f1-score": 0.088,
    "support": 26.0
  },
  "sadness": {
    "precision": 0.04411764705882353,
    "recall": 0.5,
    "f1-score": 0.08108108108108109,
    "support": 6.0
  },
  "surprise": {
    "precision": 0.03325942350332594,
    "recall": 0.5084745762711864,
    "f1-score": 0.062434963579604576,
    "support": 59.0
  },
  "other": {
    "precision": 0.9489603024574669,
    "recall": 0.22360801781737194,
    "f1-score": 0.3619322278298486,
    "support": 2245.0
  },
  "micro avg": {
    "precision": 0.27169646750981247,
    "recall": 0.24910035985605758,
    "f1-score": 0.2599082186065916,
    "support": 2501.0
  },
  "macro avg": {
    "precision": 0.20401110248436538,
    "recall": 0.4631454414831432,
    "f1-score": 0.15767339563202148,
    "support": 2501.0
  },
  "weighted avg": {
    "precision": 0.8606484146080545,
    "recall": 0.24910035985605758,
    "f1-score": 0.33768907001859,
    "support": 2501.0
  }
}