{
  "positive": {
    "precision": 0.19292604501607716,
    "recall": 0.8695652173913043,
    "f1-score": 0.3157894736842105,
    "support": 207.0
  },
  "negative": {
    "precision": 0.4847560975609756,
    "recall": 0.7851851851851852,
    "f1-score": 0.5994344957587182,
    "support": 405.0
  },
  "neutral": {
    "precision": 0.9119351100811124,
    "recall": 0.4166225516146109,
    "f1-score": 0.5719476744186046,
    "support": 1889.0
  },
  "micro avg": {
    "precision": 0.5240619902120718,
    "recall": 0.5137944822071171,
    "f1-score": 0.5188774480113063,
    "support": 2501.0
  },
  "macro avg": {
    "precision": 0.5298724175527217,
    "recall": 0.6904576513970335,
    "f1-score": 0.4957238812871778,
    "support": 2501.0
  },
  "weighted avg": {
    "precision": 0.7832496336560353,
    "recall": 0.5137944822071171,
    "f1-score": 0.5551973405884272,
    "support": 2501.0
  }
}