{
  "happiness": {
    "precision": 0.18562874251497005,
    "recall": 0.62,
    "f1-score": 0.2857142857142857,
    "support": 50.0
  },
  "anger": {
    "precision": 0.12181303116147309,
    "recall": 0.9148936170212766,
    "f1-score": 0.215,
    "support": 47.0
  },
  "disgust": {
    "precision": 0.04878048780487805,
    "recall": 0.029411764705882353,
    "f1-score": 0.03669724770642202,
    "support": 68.0
  },
  "fear": {
    "precision": 0.060085836909871244,
    "recall": 0.5384615384615384,
    "f1-score": 0.10810810810810811,
    "support": 26.0
  },
  "sadness": {
    "precision": 0.025974025974025976,
    "recall": 0.3333333333333333,
    "f1-score": 0.04819277108433735,
    "support": 6.0
  },
  "surprise": {
    "precision": 0.03880597014925373,
    "recall": 0.6610169491525424,
    "f1-score": 0.07330827067669173,
    "support": 59.0
  },
  "other": {
    "precision": 0.976545842217484,
    "recall": 0.20400890868596883,
    "f1-score": 0.3375092114959469,
    "support": 2245.0
  },
  "micro avg": {
    "precision": 0.2511727078891258,
    "recall": 0.23550579768092764,
    "f1-score": 0.2430870821295914,
    "support": 2501.0
  },
  "macro avg": {
    "precision": 0.2082334195331366,
    "recall": 0.4715894444800774,
    "f1-score": 0.15778998496939886,
    "support": 2501.0
  },
  "weighted avg": {
    "precision": 0.8855165000774202,
    "recall": 0.23550579768092764,
    "f1-score": 0.3166811124931601,
    "support": 2501.0
  }
}