{
  "positive": {
    "precision": 0.18606965174129353,
    "recall": 0.9033816425120773,
    "f1-score": 0.3085808580858086,
    "support": 207.0
  },
  "negative": {
    "precision": 0.482962962962963,
    "recall": 0.8049382716049382,
    "f1-score": 0.6037037037037037,
    "support": 405.0
  },
  "neutral": {
    "precision": 0.9210850801479655,
    "recall": 0.39544732662784543,
    "f1-score": 0.5533333333333333,
    "support": 1889.0
  },
  "micro avg": {
    "precision": 0.5058209554395825,
    "recall": 0.5037984806077569,
    "f1-score": 0.5048076923076923,
    "support": 2501.0
  },
  "macro avg": {
    "precision": 0.5300392316174073,
    "recall": 0.7012557469149536,
    "f1-score": 0.48853929837428184,
    "support": 2501.0
  },
  "weighted avg": {
    "precision": 0.7893027326309294,
    "recall": 0.5037984806077569,
    "f1-score": 0.5412326686487121,
    "support": 2501.0
  }
}