{
  "happiness": {
    "precision": 0.23529411764705882,
    "recall": 0.64,
    "f1-score": 0.34408602150537637,
    "support": 50.0
  },
  "anger": {
    "precision": 0.12753623188405797,
    "recall": 0.9361702127659575,
    "f1-score": 0.22448979591836735,
    "support": 47.0
  },
  "disgust": {
    "precision": 0.05128205128205128,
    "recall": 0.029411764705882353,
    "f1-score": 0.037383177570093455,
    "support": 68.0
  },
  "fear": {
    "precision": 0.05309734513274336,
    "recall": 0.46153846153846156,
    "f1-score": 0.09523809523809523,
    "support": 26.0
  },
  "sadness": {
    "precision": 0.027777777777777776,
    "recall": 0.3333333333333333,
    "f1-score": 0.05128205128205128,
    "support": 6.0
  },
  "surprise": {
    "precision": 0.036414565826330535,
    "recall": 0.6610169491525424,
    "f1-score": 0.06902654867256637,
    "support": 59.0
  },
  "other": {
    "precision": 0.9769673704414588,
    "recall": 0.2267260579064588,
    "f1-score": 0.3680404916847433,
    "support": 2245.0
  },
  "micro avg": {
    "precision": 0.26556016597510373,
    "recall": 0.25589764094362255,
    "f1-score": 0.26063938098147016,
    "support": 2501.0
  },
  "macro avg": {
    "precision": 0.21548135142735408,
    "recall": 0.46974239705751947,
    "f1-score": 0.16993516883875623,
    "support": 2501.0
  },
  "weighted avg": {
    "precision": 0.886938621324682,
    "recall": 0.25589764094362255,
    "f1-score": 0.3452238026973256,
    "support": 2501.0
  }
}