{
  "positive": {
    "precision": 0.18410852713178294,
    "recall": 0.9178743961352657,
    "f1-score": 0.30669895076674736,
    "support": 207.0
  },
  "negative": {
    "precision": 0.4774381368267831,
    "recall": 0.8098765432098766,
    "f1-score": 0.6007326007326007,
    "support": 405.0
  },
  "neutral": {
    "precision": 0.9195849546044098,
    "recall": 0.3753308628904182,
    "f1-score": 0.5330827067669173,
    "support": 1889.0
  },
  "micro avg": {
    "precision": 0.4927710843373494,
    "recall": 0.49060375849660137,
    "f1-score": 0.4916850330595071,
    "support": 2501.0
  },
  "macro avg": {
    "precision": 0.5270438728543253,
    "recall": 0.7010272674118535,
    "f1-score": 0.48017141942208846,
    "support": 2501.0
  },
  "weighted avg": {
    "precision": 0.7871127108272117,
    "recall": 0.49060375849660137,
    "f1-score": 0.5253005274642649,
    "support": 2501.0
  }
}