{
  "happiness": {
    "precision": 0.09327548806941431,
    "recall": 0.86,
    "f1-score": 0.16829745596868884,
    "support": 50.0
  },
  "anger": {
    "precision": 0.11864406779661017,
    "recall": 0.8936170212765957,
    "f1-score": 0.20947630922693267,
    "support": 47.0
  },
  "disgust": {
    "precision": 0.18421052631578946,
    "recall": 0.10294117647058823,
    "f1-score": 0.1320754716981132,
    "support": 68.0
  },
  "fear": {
    "precision": 0.07874015748031496,
    "recall": 0.38461538461538464,
    "f1-score": 0.13071895424836602,
    "support": 26.0
  },
  "sadness": {
    "precision": 0.02027027027027027,
    "recall": 0.5,
    "f1-score": 0.03896103896103896,
    "support": 6.0
  },
  "surprise": {
    "precision": 0.0673854447439353,
    "recall": 0.423728813559322,
    "f1-score": 0.11627906976744186,
    "support": 59.0
  },
  "other": {
    "precision": 0.9839743589743589,
    "recall": 0.13674832962138084,
    "f1-score": 0.24012514665623777,
    "support": 2245.0
  },
  "micro avg": {
    "precision": 0.2413031474323578,
    "recall": 0.17473010795681726,
    "f1-score": 0.20269016697588127,
    "support": 2501.0
  },
  "macro avg": {
    "precision": 0.22092861623581334,
    "recall": 0.47166438936332444,
    "f1-score": 0.1479904923609742,
    "support": 2501.0
  },
  "weighted avg": {
    "precision": 0.8948154355189215,
    "recall": 0.17473010795681726,
    "f1-score": 0.2306338543827783,
    "support": 2501.0
  }
}