{
  "positive": {
    "precision": 0.22710163111668757,
    "recall": 0.8743961352657005,
    "f1-score": 0.3605577689243028,
    "support": 207.0
  },
  "negative": {
    "precision": 0.5178849144634525,
    "recall": 0.8222222222222222,
    "f1-score": 0.6354961832061069,
    "support": 405.0
  },
  "neutral": {
    "precision": 0.9425641025641026,
    "recall": 0.486500794070937,
    "f1-score": 0.6417597765363129,
    "support": 1889.0
  },
  "micro avg": {
    "precision": 0.5933747412008281,
    "recall": 0.5729708116753298,
    "f1-score": 0.5829943043124491,
    "support": 2501.0
  },
  "macro avg": {
    "precision": 0.5625168827147475,
    "recall": 0.7277063838529533,
    "f1-score": 0.5459379095555742,
    "support": 2501.0
  },
  "weighted avg": {
    "precision": 0.8145769763064544,
    "recall": 0.5729708116753298,
    "f1-score": 0.6174712635917229,
    "support": 2501.0
  }
}