{
  "happiness": {
    "precision": 0.2,
    "recall": 0.6,
    "f1-score": 0.3,
    "support": 50.0
  },
  "anger": {
    "precision": 0.12684365781710916,
    "recall": 0.9148936170212766,
    "f1-score": 0.22279792746113988,
    "support": 47.0
  },
  "disgust": {
    "precision": 0.05128205128205128,
    "recall": 0.029411764705882353,
    "f1-score": 0.037383177570093455,
    "support": 68.0
  },
  "fear": {
    "precision": 0.059907834101382486,
    "recall": 0.5,
    "f1-score": 0.10699588477366255,
    "support": 26.0
  },
  "sadness": {
    "precision": 0.02666666666666667,
    "recall": 0.3333333333333333,
    "f1-score": 0.04938271604938271,
    "support": 6.0
  },
  "surprise": {
    "precision": 0.03428571428571429,
    "recall": 0.6101694915254238,
    "f1-score": 0.06492335437330929,
    "support": 59.0
  },
  "other": {
    "precision": 0.9715909090909091,
    "recall": 0.2285077951002227,
    "f1-score": 0.3699963937973314,
    "support": 2245.0
  },
  "micro avg": {
    "precision": 0.2664720600500417,
    "recall": 0.25549780087964813,
    "f1-score": 0.2608695652173913,
    "support": 2501.0
  },
  "macro avg": {
    "precision": 0.210082404749119,
    "recall": 0.45947371452659125,
    "f1-score": 0.16449706486070273,
    "support": 2501.0
  },
  "weighted avg": {
    "precision": 0.8814117885418503,
    "recall": 0.25549780087964813,
    "f1-score": 0.34608721709271717,
    "support": 2501.0
  }
}