{
  "positive": {
    "precision": 0.18235294117647058,
    "recall": 0.8985507246376812,
    "f1-score": 0.30317848410757947,
    "support": 207.0
  },
  "negative": {
    "precision": 0.49039881831610044,
    "recall": 0.8197530864197531,
    "f1-score": 0.6136783733826248,
    "support": 405.0
  },
  "neutral": {
    "precision": 0.925,
    "recall": 0.39174166225516144,
    "f1-score": 0.5503904797322424,
    "support": 1889.0
  },
  "micro avg": {
    "precision": 0.5038045654785743,
    "recall": 0.502998800479808,
    "f1-score": 0.5034013605442177,
    "support": 2501.0
  },
  "macro avg": {
    "precision": 0.5325839198308571,
    "recall": 0.7033484911041986,
    "f1-score": 0.4890824457408156,
    "support": 2501.0
  },
  "weighted avg": {
    "precision": 0.7931561696287686,
    "recall": 0.502998800479808,
    "f1-score": 0.5401780502376801,
    "support": 2501.0
  }
}