{
  "happiness": {
    "precision": 0.0707070707070707,
    "recall": 0.84,
    "f1-score": 0.13043478260869565,
    "support": 50.0
  },
  "anger": {
    "precision": 0.12540192926045016,
    "recall": 0.8297872340425532,
    "f1-score": 0.21787709497206703,
    "support": 47.0
  },
  "disgust": {
    "precision": 0.16666666666666666,
    "recall": 0.10294117647058823,
    "f1-score": 0.12727272727272726,
    "support": 68.0
  },
  "fear": {
    "precision": 0.08496732026143791,
    "recall": 0.5,
    "f1-score": 0.1452513966480447,
    "support": 26.0
  },
  "sadness": {
    "precision": 0.012396694214876033,
    "recall": 0.5,
    "f1-score": 0.024193548387096774,
    "support": 6.0
  },
  "surprise": {
    "precision": 0.040229885057471264,
    "recall": 0.3559322033898305,
    "f1-score": 0.07228915662650602,
    "support": 59.0
  },
  "other": {
    "precision": 0.9703703703703703,
    "recall": 0.11670378619153675,
    "f1-score": 0.20834990059642147,
    "support": 2245.0
  },
  "micro avg": {
    "precision": 0.18134957825679476,
    "recall": 0.15473810475809677,
    "f1-score": 0.1669902912621359,
    "support": 2501.0
  },
  "macro avg": {
    "precision": 0.21010570521976327,
    "recall": 0.46362348572778694,
    "f1-score": 0.1322383724445084,
    "support": 2501.0
  },
  "weighted avg": {
    "precision": 0.8812079779031934,
    "recall": 0.15473810475809677,
    "f1-score": 0.20045933335936394,
    "support": 2501.0
  }
}