{
  "positive": {
    "precision": 0.22908622908622908,
    "recall": 0.8599033816425121,
    "f1-score": 0.3617886178861789,
    "support": 207.0
  },
  "negative": {
    "precision": 0.5107033639143731,
    "recall": 0.8246913580246914,
    "f1-score": 0.6307837582625118,
    "support": 405.0
  },
  "neutral": {
    "precision": 0.943089430894309,
    "recall": 0.4912652196929592,
    "f1-score": 0.6460146188652977,
    "support": 1889.0
  },
  "micro avg": {
    "precision": 0.5962732919254659,
    "recall": 0.5757696921231508,
    "f1-score": 0.5858421480878763,
    "support": 2501.0
  },
  "macro avg": {
    "precision": 0.5609596746316371,
    "recall": 0.7252866531200542,
    "f1-score": 0.5461956650046628,
    "support": 2501.0
  },
  "weighted avg": {
    "precision": 0.8139750686787365,
    "recall": 0.5757696921231508,
    "f1-score": 0.6200237029329483,
    "support": 2501.0
  }
}