{
  "happiness": {
    "precision": 0.15017064846416384,
    "recall": 0.88,
    "f1-score": 0.2565597667638484,
    "support": 50.0
  },
  "anger": {
    "precision": 0.08288288288288288,
    "recall": 0.9787234042553191,
    "f1-score": 0.15282392026578073,
    "support": 47.0
  },
  "disgust": {
    "precision": 0.1111111111111111,
    "recall": 0.014705882352941176,
    "f1-score": 0.025974025974025976,
    "support": 68.0
  },
  "fear": {
    "precision": 0.08333333333333333,
    "recall": 0.15384615384615385,
    "f1-score": 0.10810810810810811,
    "support": 26.0
  },
  "sadness": {
    "precision": 0.06451612903225806,
    "recall": 0.3333333333333333,
    "f1-score": 0.10810810810810811,
    "support": 6.0
  },
  "surprise": {
    "precision": 0.1794871794871795,
    "recall": 0.23728813559322035,
    "f1-score": 0.20437956204379562,
    "support": 59.0
  },
  "other": {
    "precision": 0.9804450438300741,
    "recall": 0.6476614699331849,
    "f1-score": 0.7800429184549357,
    "support": 2245.0
  },
  "micro avg": {
    "precision": 0.6267521025230276,
    "recall": 0.625749700119952,
    "f1-score": 0.62625050020008,
    "support": 2501.0
  },
  "macro avg": {
    "precision": 0.23599233259157185,
    "recall": 0.46365119704487895,
    "f1-score": 0.23371377281694322,
    "support": 2501.0
  },
  "weighted avg": {
    "precision": 0.8929237160749217,
    "recall": 0.625749700119952,
    "f1-score": 0.7151104165966781,
    "support": 2501.0
  }
}