{
  "positive": {
    "precision": 0.33088235294117646,
    "recall": 0.8695652173913043,
    "f1-score": 0.4793608521970706,
    "support": 207.0
  },
  "negative": {
    "precision": 0.5046583850931677,
    "recall": 0.8024691358024691,
    "f1-score": 0.6196377502383222,
    "support": 405.0
  },
  "neutral": {
    "precision": 0.9480122324159022,
    "recall": 0.65643197458973,
    "f1-score": 0.7757272442915233,
    "support": 1889.0
  },
  "micro avg": {
    "precision": 0.6991185897435898,
    "recall": 0.6977209116353459,
    "f1-score": 0.6984190514308585,
    "support": 2501.0
  },
  "macro avg": {
    "precision": 0.5945176568167488,
    "recall": 0.7761554425945011,
    "f1-score": 0.6249086155756387,
    "support": 2501.0
  },
  "weighted avg": {
    "precision": 0.8251397041404221,
    "recall": 0.6977209116353459,
    "f1-score": 0.7259215312746907,
    "support": 2501.0
  }
}