{
  "happiness": {
    "precision": 0.15734265734265734,
    "recall": 0.9,
    "f1-score": 0.26785714285714285,
    "support": 50.0
  },
  "anger": {
    "precision": 0.08440366972477065,
    "recall": 0.9787234042553191,
    "f1-score": 0.1554054054054054,
    "support": 47.0
  },
  "disgust": {
    "precision": 0.09090909090909091,
    "recall": 0.014705882352941176,
    "f1-score": 0.02531645569620253,
    "support": 68.0
  },
  "fear": {
    "precision": 0.09433962264150944,
    "recall": 0.19230769230769232,
    "f1-score": 0.12658227848101267,
    "support": 26.0
  },
  "sadness": {
    "precision": 0.06666666666666667,
    "recall": 0.3333333333333333,
    "f1-score": 0.1111111111111111,
    "support": 6.0
  },
  "surprise": {
    "precision": 0.1686746987951807,
    "recall": 0.23728813559322035,
    "f1-score": 0.19718309859154928,
    "support": 59.0
  },
  "other": {
    "precision": 0.9825853985264568,
    "recall": 0.6534521158129176,
    "f1-score": 0.7849117174959872,
    "support": 2245.0
  },
  "accuracy": 0.6317473010795682,
  "macro avg": {
    "precision": 0.23498882922947603,
    "recall": 0.4728300805222034,
    "f1-score": 0.23833817280548728,
    "support": 2501.0
  },
  "weighted avg": {
    "precision": 0.8943321793824491,
    "recall": 0.6317473010795682,
    "f1-score": 0.7197668311422706,
    "support": 2501.0
  }
}