{
  "positive": {
    "precision": 0.3408662900188324,
    "recall": 0.8743961352657005,
    "f1-score": 0.4905149051490515,
    "support": 207.0
  },
  "negative": {
    "precision": 0.5077639751552795,
    "recall": 0.8074074074074075,
    "f1-score": 0.6234509056244042,
    "support": 405.0
  },
  "neutral": {
    "precision": 0.9509433962264151,
    "recall": 0.6670195870831127,
    "f1-score": 0.7840696950840075,
    "support": 1889.0
  },
  "micro avg": {
    "precision": 0.7072,
    "recall": 0.7069172331067572,
    "f1-score": 0.7070585882823436,
    "support": 2501.0
  },
  "macro avg": {
    "precision": 0.599857887133509,
    "recall": 0.7829410432520736,
    "f1-score": 0.6326785019524878,
    "support": 2501.0
  },
  "weighted avg": {
    "precision": 0.8286828498374588,
    "recall": 0.7069172331067572,
    "f1-score": 0.7337632371681037,
    "support": 2501.0
  }
}