{
  "happiness": {
    "precision": 0.07679180887372014,
    "recall": 0.9,
    "f1-score": 0.14150943396226415,
    "support": 50.0
  },
  "anger": {
    "precision": 0.1323529411764706,
    "recall": 0.9574468085106383,
    "f1-score": 0.23255813953488372,
    "support": 47.0
  },
  "disgust": {
    "precision": 0.05660377358490566,
    "recall": 0.04411764705882353,
    "f1-score": 0.049586776859504134,
    "support": 68.0
  },
  "fear": {
    "precision": 0.06172839506172839,
    "recall": 0.38461538461538464,
    "f1-score": 0.10638297872340426,
    "support": 26.0
  },
  "sadness": {
    "precision": 0.04081632653061224,
    "recall": 0.6666666666666666,
    "f1-score": 0.07692307692307693,
    "support": 6.0
  },
  "surprise": {
    "precision": 0.052104208416833664,
    "recall": 0.4406779661016949,
    "f1-score": 0.0931899641577061,
    "support": 59.0
  },
  "other": {
    "precision": 0.9805510534846029,
    "recall": 0.26948775055679286,
    "f1-score": 0.4227812718378756,
    "support": 2245.0
  },
  "micro avg": {
    "precision": 0.31337579617834393,
    "recall": 0.29508196721311475,
    "f1-score": 0.3039538714991763,
    "support": 2501.0
  },
  "macro avg": {
    "precision": 0.20013550101841052,
    "recall": 0.5232874605014287,
    "f1-score": 0.16041880599981642,
    "support": 2501.0
  },
  "weighted avg": {
    "precision": 0.8877130487337342,
    "recall": 0.29508196721311475,
    "f1-score": 0.3915422887454544,
    "support": 2501.0
  }
}