{
  "positive": {
    "precision": 0.2233502538071066,
    "recall": 0.8502415458937198,
    "f1-score": 0.35376884422110555,
    "support": 207.0
  },
  "negative": {
    "precision": 0.49544072948328266,
    "recall": 0.8049382716049382,
    "f1-score": 0.6133584195672624,
    "support": 405.0
  },
  "neutral": {
    "precision": 0.943031536113937,
    "recall": 0.4907358390682901,
    "f1-score": 0.6455431754874652,
    "support": 1889.0
  },
  "micro avg": {
    "precision": 0.5883079456566488,
    "recall": 0.5713714514194322,
    "f1-score": 0.5797160243407707,
    "support": 2501.0
  },
  "macro avg": {
    "precision": 0.553940839801442,
    "recall": 0.7153052188556493,
    "f1-score": 0.5375568130919444,
    "support": 2501.0
  },
  "weighted avg": {
    "precision": 0.8109850338656648,
    "recall": 0.5713714514194322,
    "f1-score": 0.6161820748397968,
    "support": 2501.0
  }
}