{
  "happiness": {
    "precision": 0.15753424657534246,
    "recall": 0.92,
    "f1-score": 0.26900584795321636,
    "support": 50.0
  },
  "anger": {
    "precision": 0.08394160583941605,
    "recall": 0.9787234042553191,
    "f1-score": 0.1546218487394958,
    "support": 47.0
  },
  "disgust": {
    "precision": 0.1,
    "recall": 0.014705882352941176,
    "f1-score": 0.02564102564102564,
    "support": 68.0
  },
  "fear": {
    "precision": 0.09433962264150944,
    "recall": 0.19230769230769232,
    "f1-score": 0.12658227848101267,
    "support": 26.0
  },
  "sadness": {
    "precision": 0.06896551724137931,
    "recall": 0.3333333333333333,
    "f1-score": 0.11428571428571428,
    "support": 6.0
  },
  "surprise": {
    "precision": 0.1388888888888889,
    "recall": 0.1694915254237288,
    "f1-score": 0.15267175572519084,
    "support": 59.0
  },
  "other": {
    "precision": 0.9839679358717435,
    "recall": 0.6561247216035635,
    "f1-score": 0.7872795296632816,
    "support": 2245.0
  },
  "accuracy": 0.6329468212714914,
  "macro avg": {
    "precision": 0.23251968815118282,
    "recall": 0.4663837941823683,
    "f1-score": 0.23286971435556247,
    "support": 2501.0
  },
  "weighted avg": {
    "precision": 0.8951183732794304,
    "recall": 0.6329468212714914,
    "f1-score": 0.7208669093322995,
    "support": 2501.0
  }
}