{
  "positive": {
    "precision": 0.34210526315789475,
    "recall": 0.8792270531400966,
    "f1-score": 0.4925575101488498,
    "support": 207.0
  },
  "negative": {
    "precision": 0.5038520801232665,
    "recall": 0.8074074074074075,
    "f1-score": 0.6204933586337761,
    "support": 405.0
  },
  "neutral": {
    "precision": 0.9522365428354814,
    "recall": 0.6649020645844362,
    "f1-score": 0.7830423940149626,
    "support": 1889.0
  },
  "micro avg": {
    "precision": 0.706,
    "recall": 0.7057177129148341,
    "f1-score": 0.7058588282343531,
    "support": 2501.0
  },
  "macro avg": {
    "precision": 0.5993979620388808,
    "recall": 0.7838455083773135,
    "f1-score": 0.6320310875991962,
    "support": 2501.0
  },
  "weighted avg": {
    "precision": 0.8291286330826996,
    "recall": 0.7057177129148341,
    "f1-score": 0.7326774478775512,
    "support": 2501.0
  }
}