{
  "happiness": {
    "precision": 0.19879518072289157,
    "recall": 0.66,
    "f1-score": 0.3055555555555556,
    "support": 50.0
  },
  "anger": {
    "precision": 0.13432835820895522,
    "recall": 0.9574468085106383,
    "f1-score": 0.2356020942408377,
    "support": 47.0
  },
  "disgust": {
    "precision": 0.07407407407407407,
    "recall": 0.029411764705882353,
    "f1-score": 0.042105263157894736,
    "support": 68.0
  },
  "fear": {
    "precision": 0.04716981132075472,
    "recall": 0.38461538461538464,
    "f1-score": 0.08403361344537816,
    "support": 26.0
  },
  "sadness": {
    "precision": 0.05454545454545454,
    "recall": 0.5,
    "f1-score": 0.09836065573770492,
    "support": 6.0
  },
  "surprise": {
    "precision": 0.036223929747530186,
    "recall": 0.559322033898305,
    "f1-score": 0.06804123711340206,
    "support": 59.0
  },
  "other": {
    "precision": 0.9501084598698482,
    "recall": 0.19510022271714922,
    "f1-score": 0.3237250554323725,
    "support": 2245.0
  },
  "micro avg": {
    "precision": 0.2602676511305953,
    "recall": 0.22550979608156738,
    "f1-score": 0.2416452442159383,
    "support": 2501.0
  },
  "macro avg": {
    "precision": 0.21360646692707266,
    "recall": 0.46941374492105137,
    "f1-score": 0.16534621066902083,
    "support": 2501.0
  },
  "weighted avg": {
    "precision": 0.8628447105132061,
    "recall": 0.22550979608156738,
    "f1-score": 0.3049845879333095,
    "support": 2501.0
  }
}