{
  "positive": {
    "precision": 0.20298879202988793,
    "recall": 0.7874396135265701,
    "f1-score": 0.3227722772277228,
    "support": 207.0
  },
  "negative": {
    "precision": 0.49747899159663866,
    "recall": 0.7308641975308642,
    "f1-score": 0.592,
    "support": 405.0
  },
  "neutral": {
    "precision": 0.9173553719008265,
    "recall": 0.2938062466913711,
    "f1-score": 0.4450681635926223,
    "support": 1889.0
  },
  "micro avg": {
    "precision": 0.5062406390414378,
    "recall": 0.405437824870052,
    "f1-score": 0.4502664298401421,
    "support": 2501.0
  },
  "macro avg": {
    "precision": 0.5392743851757844,
    "recall": 0.6040366859162685,
    "f1-score": 0.45328014694011504,
    "support": 2501.0
  },
  "weighted avg": {
    "precision": 0.7902366929498147,
    "recall": 0.405437824870052,
    "f1-score": 0.45873955314378334,
    "support": 2501.0
  }
}