{
  "happiness": {
    "precision": 0.09713024282560706,
    "recall": 0.88,
    "f1-score": 0.1749502982107356,
    "support": 50.0
  },
  "anger": {
    "precision": 0.1235632183908046,
    "recall": 0.9148936170212766,
    "f1-score": 0.21772151898734177,
    "support": 47.0
  },
  "disgust": {
    "precision": 0.17647058823529413,
    "recall": 0.08823529411764706,
    "f1-score": 0.11764705882352941,
    "support": 68.0
  },
  "fear": {
    "precision": 0.06818181818181818,
    "recall": 0.34615384615384615,
    "f1-score": 0.11392405063291139,
    "support": 26.0
  },
  "sadness": {
    "precision": 0.013245033112582781,
    "recall": 0.3333333333333333,
    "f1-score": 0.025477707006369428,
    "support": 6.0
  },
  "surprise": {
    "precision": 0.07122507122507123,
    "recall": 0.423728813559322,
    "f1-score": 0.12195121951219512,
    "support": 59.0
  },
  "other": {
    "precision": 0.9790209790209791,
    "recall": 0.12472160356347439,
    "f1-score": 0.22125642038719873,
    "support": 2245.0
  },
  "micro avg": {
    "precision": 0.23304843304843303,
    "recall": 0.1635345861655338,
    "f1-score": 0.19219924812030076,
    "support": 2501.0
  },
  "macro avg": {
    "precision": 0.2184052787131653,
    "recall": 0.44443807253555706,
    "f1-score": 0.14184689622289734,
    "support": 2501.0
  },
  "weighted avg": {
    "precision": 0.8902921063500313,
    "recall": 0.1635345861655338,
    "f1-score": 0.21351903381923884,
    "support": 2501.0
  }
}