{
  "positive": {
    "precision": 0.22332506203473945,
    "recall": 0.8695652173913043,
    "f1-score": 0.35538005923000987,
    "support": 207.0
  },
  "negative": {
    "precision": 0.5144596651445966,
    "recall": 0.8345679012345679,
    "f1-score": 0.6365348399246704,
    "support": 405.0
  },
  "neutral": {
    "precision": 0.9425051334702259,
    "recall": 0.4859714134462679,
    "f1-score": 0.6412853650017464,
    "support": 1889.0
  },
  "micro avg": {
    "precision": 0.589249076733689,
    "recall": 0.5741703318672531,
    "f1-score": 0.5816119886593762,
    "support": 2501.0
  },
  "macro avg": {
    "precision": 0.5600966202165206,
    "recall": 0.7300348440240468,
    "f1-score": 0.5444000880521421,
    "support": 2501.0
  },
  "weighted avg": {
    "precision": 0.8136651936625388,
    "recall": 0.5741703318672531,
    "f1-score": 0.616852593729869,
    "support": 2501.0
  }
}