{
  "happiness": {
    "precision": 0.3333333333333333,
    "recall": 0.1,
    "f1-score": 0.15384615384615385,
    "support": 50.0
  },
  "anger": {
    "precision": 0.4666666666666667,
    "recall": 0.14893617021276595,
    "f1-score": 0.22580645161290322,
    "support": 47.0
  },
  "disgust": {
    "precision": 0.2,
    "recall": 0.014705882352941176,
    "f1-score": 0.0273972602739726,
    "support": 68.0
  },
  "fear": {
    "precision": 0.0335195530726257,
    "recall": 0.46153846153846156,
    "f1-score": 0.0625,
    "support": 26.0
  },
  "sadness": {
    "precision": 0.0,
    "recall": 0.0,
    "f1-score": 0.0,
    "support": 6.0
  },
  "surprise": {
    "precision": 0.024463305042436344,
    "recall": 0.8305084745762712,
    "f1-score": 0.0475266731328807,
    "support": 59.0
  },
  "other": {
    "precision": 0.9183673469387755,
    "recall": 0.0400890868596882,
    "f1-score": 0.07682458386683738,
    "support": 2245.0
  },
  "micro avg": {
    "precision": 0.06575781876503609,
    "recall": 0.06557377049180328,
    "f1-score": 0.06566566566566566,
    "support": 2501.0
  },
  "macro avg": {
    "precision": 0.28233574357911967,
    "recall": 0.22796829650573258,
    "f1-score": 0.08484301753324967,
    "support": 2501.0
  },
  "weighted avg": {
    "precision": 0.8461613503618324,
    "recall": 0.06557377049180328,
    "f1-score": 0.07879587729413602,
    "support": 2501.0
  }
}