{
  "positive": {
    "precision": 0.09329299041855774,
    "recall": 0.893719806763285,
    "f1-score": 0.1689497716894977,
    "support": 207.0
  },
  "negative": {
    "precision": 0.7083333333333334,
    "recall": 0.16790123456790124,
    "f1-score": 0.2714570858283433,
    "support": 405.0
  },
  "neutral": {
    "precision": 0.5966386554621849,
    "recall": 0.1127580730545262,
    "f1-score": 0.18967052537845058,
    "support": 1889.0
  },
  "micro avg": {
    "precision": 0.19129720853858784,
    "recall": 0.18632546981207518,
    "f1-score": 0.18877861049220174,
    "support": 2501.0
  },
  "macro avg": {
    "precision": 0.466088326404692,
    "recall": 0.39145970479523745,
    "f1-score": 0.21002579429876386,
    "support": 2501.0
  },
  "weighted avg": {
    "precision": 0.5730656014333101,
    "recall": 0.18632546981207518,
    "f1-score": 0.20119965811279417,
    "support": 2501.0
  }
}