{
  "happiness": {
    "precision": 0.08898305084745763,
    "recall": 0.84,
    "f1-score": 0.16091954022988506,
    "support": 50.0
  },
  "anger": {
    "precision": 0.125,
    "recall": 0.9361702127659575,
    "f1-score": 0.22055137844611528,
    "support": 47.0
  },
  "disgust": {
    "precision": 0.06451612903225806,
    "recall": 0.029411764705882353,
    "f1-score": 0.04040404040404041,
    "support": 68.0
  },
  "fear": {
    "precision": 0.058333333333333334,
    "recall": 0.2692307692307692,
    "f1-score": 0.0958904109589041,
    "support": 26.0
  },
  "sadness": {
    "precision": 0.019736842105263157,
    "recall": 0.5,
    "f1-score": 0.0379746835443038,
    "support": 6.0
  },
  "surprise": {
    "precision": 0.05721393034825871,
    "recall": 0.3898305084745763,
    "f1-score": 0.09978308026030369,
    "support": 59.0
  },
  "other": {
    "precision": 0.9737704918032787,
    "recall": 0.13229398663697103,
    "f1-score": 0.23294117647058823,
    "support": 2245.0
  },
  "micro avg": {
    "precision": 0.22791712104689205,
    "recall": 0.16713314674130347,
    "f1-score": 0.19284890426758938,
    "support": 2501.0
  },
  "macro avg": {
    "precision": 0.19822196820997853,
    "recall": 0.4424196059734508,
    "f1-score": 0.12692347290202008,
    "support": 2501.0
  },
  "weighted avg": {
    "precision": 0.8819818924529278,
    "recall": 0.16713314674130345,
    "f1-score": 0.22099980337623443,
    "support": 2501.0
  }
}