{
  "positive": {
    "precision": 0.2326478149100257,
    "recall": 0.8743961352657005,
    "f1-score": 0.36751269035532996,
    "support": 207.0
  },
  "negative": {
    "precision": 0.504601226993865,
    "recall": 0.8123456790123457,
    "f1-score": 0.6225165562913907,
    "support": 405.0
  },
  "neutral": {
    "precision": 0.9439834024896265,
    "recall": 0.48173636844891476,
    "f1-score": 0.6379249912372941,
    "support": 1889.0
  },
  "micro avg": {
    "precision": 0.5931495405179615,
    "recall": 0.5677728908436626,
    "f1-score": 0.5801838610827375,
    "support": 2501.0
  },
  "macro avg": {
    "precision": 0.560410814797839,
    "recall": 0.722826060908987,
    "f1-score": 0.5426514126280049,
    "support": 2501.0
  },
  "weighted avg": {
    "precision": 0.8139569140031169,
    "recall": 0.5677728908436626,
    "f1-score": 0.613048636804804,
    "support": 2501.0
  }
}