{
  "happiness": {
    "precision": 0.06972789115646258,
    "recall": 0.82,
    "f1-score": 0.12852664576802508,
    "support": 50.0
  },
  "anger": {
    "precision": 0.1329479768786127,
    "recall": 0.9787234042553191,
    "f1-score": 0.2340966921119593,
    "support": 47.0
  },
  "disgust": {
    "precision": 0.06382978723404255,
    "recall": 0.04411764705882353,
    "f1-score": 0.05217391304347826,
    "support": 68.0
  },
  "fear": {
    "precision": 0.05673758865248227,
    "recall": 0.3076923076923077,
    "f1-score": 0.09580838323353294,
    "support": 26.0
  },
  "sadness": {
    "precision": 0.031914893617021274,
    "recall": 0.5,
    "f1-score": 0.06,
    "support": 6.0
  },
  "surprise": {
    "precision": 0.05761316872427984,
    "recall": 0.4745762711864407,
    "f1-score": 0.10275229357798166,
    "support": 59.0
  },
  "other": {
    "precision": 0.9808027923211169,
    "recall": 0.25033407572383076,
    "f1-score": 0.3988644428672818,
    "support": 2245.0
  },
  "micro avg": {
    "precision": 0.3037362637362637,
    "recall": 0.2762894842063175,
    "f1-score": 0.28936348408710216,
    "support": 2501.0
  },
  "macro avg": {
    "precision": 0.19908201408343115,
    "recall": 0.4822062437023889,
    "f1-score": 0.1531746243717513,
    "support": 2501.0
  },
  "weighted avg": {
    "precision": 0.8880621700861012,
    "recall": 0.2762894842063175,
    "f1-score": 0.36998831684399847,
    "support": 2501.0
  }
}