{
  "positive": {
    "precision": 0.22208436724565755,
    "recall": 0.8647342995169082,
    "f1-score": 0.35340572556762095,
    "support": 207.0
  },
  "negative": {
    "precision": 0.5075987841945289,
    "recall": 0.8246913580246914,
    "f1-score": 0.6284101599247413,
    "support": 405.0
  },
  "neutral": {
    "precision": 0.9479708636836629,
    "recall": 0.4822657490735839,
    "f1-score": 0.639298245614035,
    "support": 1889.0
  },
  "micro avg": {
    "precision": 0.5872164948453609,
    "recall": 0.5693722510995601,
    "f1-score": 0.5781567194478279,
    "support": 2501.0
  },
  "macro avg": {
    "precision": 0.559218005041283,
    "recall": 0.7238971355383944,
    "f1-score": 0.5403713770354658,
    "support": 2501.0
  },
  "weighted avg": {
    "precision": 0.8165797413502898,
    "recall": 0.5693722510995601,
    "f1-score": 0.6138726453126468,
    "support": 2501.0
  }
}