{
  "happiness": {
    "precision": 0.10103626943005181,
    "recall": 0.78,
    "f1-score": 0.17889908256880735,
    "support": 50.0
  },
  "anger": {
    "precision": 0.08058608058608059,
    "recall": 0.9361702127659575,
    "f1-score": 0.14839797639123103,
    "support": 47.0
  },
  "disgust": {
    "precision": 0.15,
    "recall": 0.04411764705882353,
    "f1-score": 0.06818181818181818,
    "support": 68.0
  },
  "fear": {
    "precision": 0.06756756756756757,
    "recall": 0.19230769230769232,
    "f1-score": 0.1,
    "support": 26.0
  },
  "sadness": {
    "precision": 0.029411764705882353,
    "recall": 0.16666666666666666,
    "f1-score": 0.05,
    "support": 6.0
  },
  "surprise": {
    "precision": 0.0880503144654088,
    "recall": 0.23728813559322035,
    "f1-score": 0.12844036697247707,
    "support": 59.0
  },
  "other": {
    "precision": 0.976643598615917,
    "recall": 0.5028953229398664,
    "f1-score": 0.6639223757718318,
    "support": 2245.0
  },
  "micro avg": {
    "precision": 0.52,
    "recall": 0.49380247900839663,
    "f1-score": 0.5065627563576702,
    "support": 2501.0
  },
  "macro avg": {
    "precision": 0.213327942195844,
    "recall": 0.40849223961888953,
    "f1-score": 0.19112023141230935,
    "support": 2501.0
  },
  "weighted avg": {
    "precision": 0.8871381183727441,
    "recall": 0.49380247900839663,
    "f1-score": 0.6083725461472732,
    "support": 2501.0
  }
}