{
  "positive": {
    "precision": 0.2584745762711864,
    "recall": 0.8840579710144928,
    "f1-score": 0.4,
    "support": 207.0
  },
  "negative": {
    "precision": 0.4901065449010654,
    "recall": 0.7950617283950617,
    "f1-score": 0.6064030131826742,
    "support": 405.0
  },
  "neutral": {
    "precision": 0.9416195856873822,
    "recall": 0.5293806246691372,
    "f1-score": 0.6777363605557438,
    "support": 1889.0
  },
  "micro avg": {
    "precision": 0.6201071281417387,
    "recall": 0.6017592962814874,
    "f1-score": 0.6107954545454546,
    "support": 2501.0
  },
  "macro avg": {
    "precision": 0.5634002356198781,
    "recall": 0.7361667746928973,
    "f1-score": 0.5613797912461393,
    "support": 2501.0
  },
  "weighted avg": {
    "precision": 0.8119619293628677,
    "recall": 0.6017592962814874,
    "f1-score": 0.6431976031302611,
    "support": 2501.0
  }
}