{
  "happiness": {
    "precision": 0.17098445595854922,
    "recall": 0.66,
    "f1-score": 0.2716049382716049,
    "support": 50.0
  },
  "anger": {
    "precision": 0.1355421686746988,
    "recall": 0.9574468085106383,
    "f1-score": 0.23746701846965698,
    "support": 47.0
  },
  "disgust": {
    "precision": 0.07142857142857142,
    "recall": 0.029411764705882353,
    "f1-score": 0.041666666666666664,
    "support": 68.0
  },
  "fear": {
    "precision": 0.046296296296296294,
    "recall": 0.38461538461538464,
    "f1-score": 0.08264462809917356,
    "support": 26.0
  },
  "sadness": {
    "precision": 0.05084745762711865,
    "recall": 0.5,
    "f1-score": 0.09230769230769231,
    "support": 6.0
  },
  "surprise": {
    "precision": 0.035908596300326445,
    "recall": 0.559322033898305,
    "f1-score": 0.06748466257668712,
    "support": 59.0
  },
  "other": {
    "precision": 0.9526627218934911,
    "recall": 0.21514476614699332,
    "f1-score": 0.35101744186046513,
    "support": 2245.0
  },
  "micro avg": {
    "precision": 0.2701863354037267,
    "recall": 0.24350259896041584,
    "f1-score": 0.2561514195583596,
    "support": 2501.0
  },
  "macro avg": {
    "precision": 0.2090957525970074,
    "recall": 0.4722772511253148,
    "f1-score": 0.16345614975027806,
    "support": 2501.0
  },
  "weighted avg": {
    "precision": 0.8645070187384463,
    "recall": 0.24350259896041584,
    "f1-score": 0.32878564121078807,
    "support": 2501.0
  }
}