{
  "positive": {
    "precision": 0.18904403866809882,
    "recall": 0.8502415458937198,
    "f1-score": 0.3093145869947276,
    "support": 207.0
  },
  "negative": {
    "precision": 0.48598130841121495,
    "recall": 0.7703703703703704,
    "f1-score": 0.5959885386819485,
    "support": 405.0
  },
  "neutral": {
    "precision": 0.92875,
    "recall": 0.39332980412916885,
    "f1-score": 0.5526217924879138,
    "support": 1889.0
  },
  "micro avg": {
    "precision": 0.5187526337968816,
    "recall": 0.492203118752499,
    "f1-score": 0.5051292572835453,
    "support": 2501.0
  },
  "macro avg": {
    "precision": 0.5345917823597712,
    "recall": 0.6713139067977529,
    "f1-score": 0.48597497272152995,
    "support": 2501.0
  },
  "weighted avg": {
    "precision": 0.7958269875693076,
    "recall": 0.492203118752499,
    "f1-score": 0.5395066148275757,
    "support": 2501.0
  }
}