{
  "happiness": {
    "precision": 0.1541095890410959,
    "recall": 0.9,
    "f1-score": 0.2631578947368421,
    "support": 50.0
  },
  "anger": {
    "precision": 0.08303249097472924,
    "recall": 0.9787234042553191,
    "f1-score": 0.15307820299500832,
    "support": 47.0
  },
  "disgust": {
    "precision": 0.09090909090909091,
    "recall": 0.014705882352941176,
    "f1-score": 0.02531645569620253,
    "support": 68.0
  },
  "fear": {
    "precision": 0.08163265306122448,
    "recall": 0.15384615384615385,
    "f1-score": 0.10666666666666667,
    "support": 26.0
  },
  "sadness": {
    "precision": 0.06060606060606061,
    "recall": 0.3333333333333333,
    "f1-score": 0.10256410256410256,
    "support": 6.0
  },
  "surprise": {
    "precision": 0.14473684210526316,
    "recall": 0.1864406779661017,
    "f1-score": 0.16296296296296298,
    "support": 59.0
  },
  "other": {
    "precision": 0.9811574697173621,
    "recall": 0.6494432071269488,
    "f1-score": 0.781559903511123,
    "support": 2245.0
  },
  "accuracy": 0.6265493802479009,
  "macro avg": {
    "precision": 0.2280263137735466,
    "recall": 0.45949895126868545,
    "f1-score": 0.22790088416184404,
    "support": 2501.0
  },
  "weighted avg": {
    "precision": 0.8922486618363064,
    "recall": 0.6265493802479009,
    "f1-score": 0.7155856079212127,
    "support": 2501.0
  }
}