{
  "positive": {
    "precision": 0.34386617100371747,
    "recall": 0.893719806763285,
    "f1-score": 0.4966442953020134,
    "support": 207.0
  },
  "negative": {
    "precision": 0.5038759689922481,
    "recall": 0.8024691358024691,
    "f1-score": 0.6190476190476191,
    "support": 405.0
  },
  "neutral": {
    "precision": 0.9521640091116174,
    "recall": 0.6638433033350979,
    "f1-score": 0.7822832189644416,
    "support": 1889.0
  },
  "micro avg": {
    "precision": 0.7056,
    "recall": 0.7053178728508597,
    "f1-score": 0.7054589082183563,
    "support": 2501.0
  },
  "macro avg": {
    "precision": 0.5999687163691942,
    "recall": 0.786677415300284,
    "f1-score": 0.632658377771358,
    "support": 2501.0
  },
  "weighted avg": {
    "precision": 0.8292234618358557,
    "recall": 0.7053178728508597,
    "f1-score": 0.7322081789146873,
    "support": 2501.0
  }
}