{
  "happiness": {
    "precision": 0.17777777777777778,
    "recall": 0.64,
    "f1-score": 0.2782608695652174,
    "support": 50.0
  },
  "anger": {
    "precision": 0.12359550561797752,
    "recall": 0.9361702127659575,
    "f1-score": 0.21836228287841192,
    "support": 47.0
  },
  "disgust": {
    "precision": 0.03333333333333333,
    "recall": 0.014705882352941176,
    "f1-score": 0.02040816326530612,
    "support": 68.0
  },
  "fear": {
    "precision": 0.059907834101382486,
    "recall": 0.5,
    "f1-score": 0.10699588477366255,
    "support": 26.0
  },
  "sadness": {
    "precision": 0.04054054054054054,
    "recall": 0.5,
    "f1-score": 0.075,
    "support": 6.0
  },
  "surprise": {
    "precision": 0.037298387096774195,
    "recall": 0.6271186440677966,
    "f1-score": 0.07040913415794481,
    "support": 59.0
  },
  "other": {
    "precision": 0.975103734439834,
    "recall": 0.20935412026726058,
    "f1-score": 0.3447011367803447,
    "support": 2245.0
  },
  "micro avg": {
    "precision": 0.2574002574002574,
    "recall": 0.23990403838464613,
    "f1-score": 0.24834437086092714,
    "support": 2501.0
  },
  "macro avg": {
    "precision": 0.20679387327251714,
    "recall": 0.4896212656362794,
    "f1-score": 0.15916249591726964,
    "support": 2501.0
  },
  "weighted avg": {
    "precision": 0.8836760815296348,
    "recall": 0.23990403838464613,
    "f1-score": 0.32259252693598356,
    "support": 2501.0
  }
}