{
  "positive": {
    "precision": 0.18737270875763748,
    "recall": 0.8888888888888888,
    "f1-score": 0.30950378469301937,
    "support": 207.0
  },
  "negative": {
    "precision": 0.4822485207100592,
    "recall": 0.8049382716049382,
    "f1-score": 0.603145235892692,
    "support": 405.0
  },
  "neutral": {
    "precision": 0.9180722891566265,
    "recall": 0.4033880359978825,
    "f1-score": 0.5605001838911364,
    "support": 1889.0
  },
  "micro avg": {
    "precision": 0.5112540192926045,
    "recall": 0.5085965613754498,
    "f1-score": 0.5099218280216476,
    "support": 2501.0
  },
  "macro avg": {
    "precision": 0.5292311728747744,
    "recall": 0.6990717321639032,
    "f1-score": 0.4910497348256159,
    "support": 2501.0
  },
  "weighted avg": {
    "precision": 0.7870193345930717,
    "recall": 0.5085965613754498,
    "f1-score": 0.546631727844203,
    "support": 2501.0
  }
}