{
  "happiness": {
    "precision": 0.1504424778761062,
    "recall": 0.68,
    "f1-score": 0.2463768115942029,
    "support": 50.0
  },
  "anger": {
    "precision": 0.13157894736842105,
    "recall": 0.9574468085106383,
    "f1-score": 0.23136246786632392,
    "support": 47.0
  },
  "disgust": {
    "precision": 0.07407407407407407,
    "recall": 0.029411764705882353,
    "f1-score": 0.042105263157894736,
    "support": 68.0
  },
  "fear": {
    "precision": 0.05429864253393665,
    "recall": 0.46153846153846156,
    "f1-score": 0.09716599190283401,
    "support": 26.0
  },
  "sadness": {
    "precision": 0.05,
    "recall": 0.5,
    "f1-score": 0.09090909090909091,
    "support": 6.0
  },
  "surprise": {
    "precision": 0.034519956850053934,
    "recall": 0.5423728813559322,
    "f1-score": 0.06490872210953347,
    "support": 59.0
  },
  "other": {
    "precision": 0.9560878243512974,
    "recall": 0.2133630289532294,
    "f1-score": 0.348871085214858,
    "support": 2245.0
  },
  "micro avg": {
    "precision": 0.2634548611111111,
    "recall": 0.242702918832467,
    "f1-score": 0.2526534859521332,
    "support": 2501.0
  },
  "macro avg": {
    "precision": 0.20728598900769848,
    "recall": 0.48344756358059193,
    "f1-score": 0.16024277610781973,
    "support": 2501.0
  },
  "weighted avg": {
    "precision": 0.8672167050323296,
    "recall": 0.242702918832467,
    "f1-score": 0.32633866681763735,
    "support": 2501.0
  }
}