{
  "positive": {
    "precision": 0.1917808219178082,
    "recall": 0.8792270531400966,
    "f1-score": 0.314878892733564,
    "support": 207.0
  },
  "negative": {
    "precision": 0.4820359281437126,
    "recall": 0.7950617283950617,
    "f1-score": 0.6001863932898416,
    "support": 405.0
  },
  "neutral": {
    "precision": 0.9095182138660399,
    "recall": 0.4097406034939121,
    "f1-score": 0.564963503649635,
    "support": 1889.0
  },
  "micro avg": {
    "precision": 0.5178282009724473,
    "recall": 0.5109956017592963,
    "f1-score": 0.5143892131213524,
    "support": 2501.0
  },
  "macro avg": {
    "precision": 0.5277783213091869,
    "recall": 0.6946764616763569,
    "f1-score": 0.4933429298910135,
    "support": 2501.0
  },
  "weighted avg": {
    "precision": 0.780888879259552,
    "recall": 0.5109956017592963,
    "f1-score": 0.5499686039473787,
    "support": 2501.0
  }
}