{
  "happiness": {
    "precision": 0.15845070422535212,
    "recall": 0.9,
    "f1-score": 0.2694610778443114,
    "support": 50.0
  },
  "anger": {
    "precision": 0.08318264014466546,
    "recall": 0.9787234042553191,
    "f1-score": 0.15333333333333332,
    "support": 47.0
  },
  "disgust": {
    "precision": 0.1,
    "recall": 0.014705882352941176,
    "f1-score": 0.02564102564102564,
    "support": 68.0
  },
  "fear": {
    "precision": 0.09615384615384616,
    "recall": 0.19230769230769232,
    "f1-score": 0.1282051282051282,
    "support": 26.0
  },
  "sadness": {
    "precision": 0.0625,
    "recall": 0.3333333333333333,
    "f1-score": 0.10526315789473684,
    "support": 6.0
  },
  "surprise": {
    "precision": 0.1643835616438356,
    "recall": 0.2033898305084746,
    "f1-score": 0.18181818181818182,
    "support": 59.0
  },
  "other": {
    "precision": 0.9825620389000671,
    "recall": 0.6525612472160356,
    "f1-score": 0.7842612419700214,
    "support": 2245.0
  },
  "micro avg": {
    "precision": 0.6316633266533066,
    "recall": 0.6301479408236705,
    "f1-score": 0.6309047237790232,
    "support": 2501.0
  },
  "macro avg": {
    "precision": 0.23531897015253805,
    "recall": 0.4678601985676852,
    "f1-score": 0.2354261638152484,
    "support": 2501.0
  },
  "weighted avg": {
    "precision": 0.8944652246164351,
    "recall": 0.6301479408236705,
    "f1-score": 0.7188252633079347,
    "support": 2501.0
  }
}