{
  "positive": {
    "precision": 0.3465160075329567,
    "recall": 0.8888888888888888,
    "f1-score": 0.4986449864498645,
    "support": 207.0
  },
  "negative": {
    "precision": 0.5030864197530864,
    "recall": 0.8049382716049382,
    "f1-score": 0.6191832858499525,
    "support": 405.0
  },
  "neutral": {
    "precision": 0.9514047076689446,
    "recall": 0.6633139227104288,
    "f1-score": 0.7816593886462883,
    "support": 1889.0
  },
  "micro avg": {
    "precision": 0.7063301282051282,
    "recall": 0.7049180327868853,
    "f1-score": 0.7056233740244147,
    "support": 2501.0
  },
  "macro avg": {
    "precision": 0.6003357116516627,
    "recall": 0.7857136944014186,
    "f1-score": 0.6331625536487017,
    "support": 2501.0
  },
  "weighted avg": {
    "precision": 0.8287414259679962,
    "recall": 0.7049180327868853,
    "f1-score": 0.7319245614223076,
    "support": 2501.0
  }
}