{
  "happiness": {
    "precision": 0.17582417582417584,
    "recall": 0.64,
    "f1-score": 0.27586206896551724,
    "support": 50.0
  },
  "anger": {
    "precision": 0.12835820895522387,
    "recall": 0.9148936170212766,
    "f1-score": 0.225130890052356,
    "support": 47.0
  },
  "disgust": {
    "precision": 0.07142857142857142,
    "recall": 0.029411764705882353,
    "f1-score": 0.041666666666666664,
    "support": 68.0
  },
  "fear": {
    "precision": 0.046511627906976744,
    "recall": 0.38461538461538464,
    "f1-score": 0.08298755186721991,
    "support": 26.0
  },
  "sadness": {
    "precision": 0.0392156862745098,
    "recall": 0.3333333333333333,
    "f1-score": 0.07017543859649122,
    "support": 6.0
  },
  "surprise": {
    "precision": 0.037714285714285714,
    "recall": 0.559322033898305,
    "f1-score": 0.07066381156316917,
    "support": 59.0
  },
  "other": {
    "precision": 0.964622641509434,
    "recall": 0.1821826280623608,
    "f1-score": 0.30648182840014987,
    "support": 2245.0
  },
  "micro avg": {
    "precision": 0.25165876777251184,
    "recall": 0.21231507397041183,
    "f1-score": 0.23031880286271958,
    "support": 2501.0
  },
  "macro avg": {
    "precision": 0.20909645680188246,
    "recall": 0.43482268023379184,
    "f1-score": 0.15328117944451,
    "support": 2501.0
  },
  "weighted avg": {
    "precision": 0.8752214142176321,
    "recall": 0.21231507397041183,
    "f1-score": 0.2886873999339304,
    "support": 2501.0
  }
}