{
  "positive": {
    "precision": 0.21763085399449036,
    "recall": 0.7632850241545893,
    "f1-score": 0.3386923901393355,
    "support": 207.0
  },
  "negative": {
    "precision": 0.5034129692832765,
    "recall": 0.7283950617283951,
    "f1-score": 0.5953582240161454,
    "support": 405.0
  },
  "neutral": {
    "precision": 0.9063032367972743,
    "recall": 0.28163049232398096,
    "f1-score": 0.4297253634894992,
    "support": 1889.0
  },
  "micro avg": {
    "precision": 0.5186940494997367,
    "recall": 0.3938424630147941,
    "f1-score": 0.44772727272727275,
    "support": 2501.0
  },
  "macro avg": {
    "precision": 0.5424490200250137,
    "recall": 0.5911035260689884,
    "f1-score": 0.45459199254832666,
    "support": 2501.0
  },
  "weighted avg": {
    "precision": 0.7840618367239655,
    "recall": 0.3938424630147941,
    "f1-score": 0.4490126417901021,
    "support": 2501.0
  }
}