{
  "happiness": {
    "precision": 0.15845070422535212,
    "recall": 0.9,
    "f1-score": 0.2694610778443114,
    "support": 50.0
  },
  "anger": {
    "precision": 0.08363636363636363,
    "recall": 0.9787234042553191,
    "f1-score": 0.1541038525963149,
    "support": 47.0
  },
  "disgust": {
    "precision": 0.1111111111111111,
    "recall": 0.014705882352941176,
    "f1-score": 0.025974025974025976,
    "support": 68.0
  },
  "fear": {
    "precision": 0.0784313725490196,
    "recall": 0.15384615384615385,
    "f1-score": 0.1038961038961039,
    "support": 26.0
  },
  "sadness": {
    "precision": 0.06451612903225806,
    "recall": 0.3333333333333333,
    "f1-score": 0.10810810810810811,
    "support": 6.0
  },
  "surprise": {
    "precision": 0.1388888888888889,
    "recall": 0.1694915254237288,
    "f1-score": 0.15267175572519084,
    "support": 59.0
  },
  "other": {
    "precision": 0.9818913480885312,
    "recall": 0.6521158129175947,
    "f1-score": 0.7837259100642399,
    "support": 2245.0
  },
  "micro avg": {
    "precision": 0.6318327974276527,
    "recall": 0.6285485805677729,
    "f1-score": 0.6301864101022249,
    "support": 2501.0
  },
  "macro avg": {
    "precision": 0.2309894167902178,
    "recall": 0.4574594445898673,
    "f1-score": 0.22827726202975643,
    "support": 2501.0
  },
  "weighted avg": {
    "precision": 0.8933929760981197,
    "recall": 0.6285485805677729,
    "f1-score": 0.7174347931876962,
    "support": 2501.0
  }
}