{
  "positive": {
    "precision": 0.3302238805970149,
    "recall": 0.855072463768116,
    "f1-score": 0.47644683714670255,
    "support": 207.0
  },
  "negative": {
    "precision": 0.5,
    "recall": 0.8,
    "f1-score": 0.6153846153846154,
    "support": 405.0
  },
  "neutral": {
    "precision": 0.9486196319018405,
    "recall": 0.6548438327157226,
    "f1-score": 0.7748199185718759,
    "support": 1889.0
  },
  "micro avg": {
    "precision": 0.6985530546623794,
    "recall": 0.6949220311875249,
    "f1-score": 0.6967328121868109,
    "support": 2501.0
  },
  "macro avg": {
    "precision": 0.5929478374996185,
    "recall": 0.7699720988279463,
    "f1-score": 0.6222171237010646,
    "support": 2501.0
  },
  "weighted avg": {
    "precision": 0.8247896153323305,
    "recall": 0.6949220311875249,
    "f1-score": 0.724306313755462,
    "support": 2501.0
  }
}