{
  "happiness": {
    "precision": 0.1601423487544484,
    "recall": 0.9,
    "f1-score": 0.2719033232628399,
    "support": 50.0
  },
  "anger": {
    "precision": 0.08378870673952642,
    "recall": 0.9787234042553191,
    "f1-score": 0.15436241610738255,
    "support": 47.0
  },
  "disgust": {
    "precision": 0.1,
    "recall": 0.014705882352941176,
    "f1-score": 0.02564102564102564,
    "support": 68.0
  },
  "fear": {
    "precision": 0.08333333333333333,
    "recall": 0.15384615384615385,
    "f1-score": 0.10810810810810811,
    "support": 26.0
  },
  "sadness": {
    "precision": 0.05405405405405406,
    "recall": 0.3333333333333333,
    "f1-score": 0.09302325581395349,
    "support": 6.0
  },
  "surprise": {
    "precision": 0.15789473684210525,
    "recall": 0.2033898305084746,
    "f1-score": 0.17777777777777778,
    "support": 59.0
  },
  "other": {
    "precision": 0.982,
    "recall": 0.6561247216035635,
    "f1-score": 0.786648865153538,
    "support": 2245.0
  },
  "accuracy": 0.6329468212714914,
  "macro avg": {
    "precision": 0.23160188281763822,
    "recall": 0.4628747608428266,
    "f1-score": 0.23106639598066078,
    "support": 2501.0
  },
  "weighted avg": {
    "precision": 0.8936993071248124,
    "recall": 0.6329468212714914,
    "f1-score": 0.7207030511667553,
    "support": 2501.0
  }
}