{
  "positive": {
    "precision": 0.34535104364326374,
    "recall": 0.8792270531400966,
    "f1-score": 0.49591280653950953,
    "support": 207.0
  },
  "negative": {
    "precision": 0.5030769230769231,
    "recall": 0.8074074074074075,
    "f1-score": 0.6199052132701421,
    "support": 405.0
  },
  "neutral": {
    "precision": 0.9516616314199395,
    "recall": 0.6670195870831127,
    "f1-score": 0.7843137254901961,
    "support": 1889.0
  },
  "accuracy": 0.7073170731707317,
  "macro avg": {
    "precision": 0.6000298660467088,
    "recall": 0.7845513492102056,
    "f1-score": 0.6333772484332826,
    "support": 2501.0
  },
  "weighted avg": {
    "precision": 0.8288375216443723,
    "recall": 0.7073170731707317,
    "f1-score": 0.7338201478524855,
    "support": 2501.0
  }
}