{
  "happiness": {
    "precision": 0.14102564102564102,
    "recall": 0.88,
    "f1-score": 0.2430939226519337,
    "support": 50.0
  },
  "anger": {
    "precision": 0.08534322820037106,
    "recall": 0.9787234042553191,
    "f1-score": 0.15699658703071673,
    "support": 47.0
  },
  "disgust": {
    "precision": 0.0,
    "recall": 0.0,
    "f1-score": 0.0,
    "support": 68.0
  },
  "fear": {
    "precision": 0.09803921568627451,
    "recall": 0.19230769230769232,
    "f1-score": 0.12987012987012986,
    "support": 26.0
  },
  "sadness": {
    "precision": 0.06060606060606061,
    "recall": 0.3333333333333333,
    "f1-score": 0.10256410256410256,
    "support": 6.0
  },
  "surprise": {
    "precision": 0.10465116279069768,
    "recall": 0.15254237288135594,
    "f1-score": 0.12413793103448276,
    "support": 59.0
  },
  "other": {
    "precision": 0.9809264305177112,
    "recall": 0.6414253897550112,
    "f1-score": 0.7756531106921627,
    "support": 2245.0
  },
  "micro avg": {
    "precision": 0.6184,
    "recall": 0.6181527389044382,
    "f1-score": 0.6182763447310538,
    "support": 2501.0
  },
  "macro avg": {
    "precision": 0.21008453411810799,
    "recall": 0.45404745607610175,
    "f1-score": 0.21890225483478978,
    "support": 2501.0
  },
  "weighted avg": {
    "precision": 0.8885762994262664,
    "recall": 0.6181527389044382,
    "f1-score": 0.7085929288884398,
    "support": 2501.0
  }
}