{
  "positive": {
    "precision": 0.30318257956448913,
    "recall": 0.8743961352657005,
    "f1-score": 0.4502487562189055,
    "support": 207.0
  },
  "negative": {
    "precision": 0.5093167701863354,
    "recall": 0.8098765432098766,
    "f1-score": 0.6253574833174452,
    "support": 405.0
  },
  "neutral": {
    "precision": 0.9475357710651828,
    "recall": 0.6310217046056115,
    "f1-score": 0.7575468700349539,
    "support": 1889.0
  },
  "micro avg": {
    "precision": 0.680672268907563,
    "recall": 0.6801279488204718,
    "f1-score": 0.6804,
    "support": 2501.0
  },
  "macro avg": {
    "precision": 0.5866783736053357,
    "recall": 0.7717647943603962,
    "f1-score": 0.6110510365237682,
    "support": 2501.0
  },
  "weighted avg": {
    "precision": 0.8232415663484387,
    "recall": 0.6801279488204718,
    "f1-score": 0.7107066416541009,
    "support": 2501.0
  }
}