{
  "happiness": {
    "precision": 0.13354037267080746,
    "recall": 0.86,
    "f1-score": 0.23118279569892472,
    "support": 50.0
  },
  "anger": {
    "precision": 0.08364312267657993,
    "recall": 0.9574468085106383,
    "f1-score": 0.15384615384615385,
    "support": 47.0
  },
  "disgust": {
    "precision": 0.09090909090909091,
    "recall": 0.014705882352941176,
    "f1-score": 0.02531645569620253,
    "support": 68.0
  },
  "fear": {
    "precision": 0.0547945205479452,
    "recall": 0.15384615384615385,
    "f1-score": 0.08080808080808081,
    "support": 26.0
  },
  "sadness": {
    "precision": 0.0625,
    "recall": 0.3333333333333333,
    "f1-score": 0.10526315789473684,
    "support": 6.0
  },
  "surprise": {
    "precision": 0.09734513274336283,
    "recall": 0.1864406779661017,
    "f1-score": 0.12790697674418605,
    "support": 59.0
  },
  "other": {
    "precision": 0.9802342606149341,
    "recall": 0.5964365256124722,
    "f1-score": 0.7416228191636666,
    "support": 2245.0
  },
  "micro avg": {
    "precision": 0.5885947046843177,
    "recall": 0.5777688924430228,
    "f1-score": 0.5831315577078289,
    "support": 2501.0
  },
  "macro avg": {
    "precision": 0.21470950002324576,
    "recall": 0.4431727688030915,
    "f1-score": 0.2094209199788502,
    "support": 2501.0
  },
  "weighted avg": {
    "precision": 0.8896277485117113,
    "recall": 0.5777688924430228,
    "f1-score": 0.6780222941630445,
    "support": 2501.0
  }
}