{
  "positive": {
    "precision": 0.2926829268292683,
    "recall": 0.8695652173913043,
    "f1-score": 0.43795620437956206,
    "support": 207.0
  },
  "negative": {
    "precision": 0.49390243902439024,
    "recall": 0.8,
    "f1-score": 0.6107445805843544,
    "support": 405.0
  },
  "neutral": {
    "precision": 0.9490818030050083,
    "recall": 0.6019057702488089,
    "f1-score": 0.7366375121477162,
    "support": 1889.0
  },
  "micro avg": {
    "precision": 0.6646415552855407,
    "recall": 0.6561375449820072,
    "f1-score": 0.6603621730382294,
    "support": 2501.0
  },
  "macro avg": {
    "precision": 0.5785557229528889,
    "recall": 0.7571569958800378,
    "f1-score": 0.5951127657038776,
    "support": 2501.0
  },
  "weighted avg": {
    "precision": 0.8210441341603347,
    "recall": 0.6561375449820072,
    "f1-score": 0.6915300879209392,
    "support": 2501.0
  }
}