{
  "happiness": {
    "precision": 0.21052631578947367,
    "recall": 0.64,
    "f1-score": 0.31683168316831684,
    "support": 50.0
  },
  "anger": {
    "precision": 0.1282798833819242,
    "recall": 0.9361702127659575,
    "f1-score": 0.22564102564102564,
    "support": 47.0
  },
  "disgust": {
    "precision": 0.03333333333333333,
    "recall": 0.014705882352941176,
    "f1-score": 0.02040816326530612,
    "support": 68.0
  },
  "fear": {
    "precision": 0.05454545454545454,
    "recall": 0.46153846153846156,
    "f1-score": 0.0975609756097561,
    "support": 26.0
  },
  "sadness": {
    "precision": 0.027777777777777776,
    "recall": 0.3333333333333333,
    "f1-score": 0.05128205128205128,
    "support": 6.0
  },
  "surprise": {
    "precision": 0.035856573705179286,
    "recall": 0.6101694915254238,
    "f1-score": 0.06773283160865474,
    "support": 59.0
  },
  "other": {
    "precision": 0.975,
    "recall": 0.20846325167037863,
    "f1-score": 0.3434862385321101,
    "support": 2245.0
  },
  "micro avg": {
    "precision": 0.2585832246849196,
    "recall": 0.23790483806477408,
    "f1-score": 0.2478134110787172,
    "support": 2501.0
  },
  "macro avg": {
    "precision": 0.20933133407616328,
    "recall": 0.45776866188378523,
    "f1-score": 0.1604204241581744,
    "support": 2501.0
  },
  "weighted avg": {
    "precision": 0.8842053271925409,
    "recall": 0.23790483806477408,
    "f1-score": 0.3221917583800994,
    "support": 2501.0
  }
}