{
  "positive": {
    "precision": 0.20205479452054795,
    "recall": 0.855072463768116,
    "f1-score": 0.3268698060941828,
    "support": 207.0
  },
  "negative": {
    "precision": 0.4789391575663027,
    "recall": 0.7580246913580246,
    "f1-score": 0.5869980879541109,
    "support": 405.0
  },
  "neutral": {
    "precision": 0.9144736842105263,
    "recall": 0.29433562731604024,
    "f1-score": 0.44533440128153784,
    "support": 1889.0
  },
  "micro avg": {
    "precision": 0.4894117647058824,
    "recall": 0.41583366653338666,
    "f1-score": 0.44963251188932124,
    "support": 2501.0
  },
  "macro avg": {
    "precision": 0.531822545432459,
    "recall": 0.635810927480727,
    "f1-score": 0.4530674317766105,
    "support": 2501.0
  },
  "weighted avg": {
    "precision": 0.7849806040598921,
    "recall": 0.41583366653338666,
    "f1-score": 0.458469795883141,
    "support": 2501.0
  }
}