{
  "happiness": {
    "precision": 0.12857142857142856,
    "recall": 0.9,
    "f1-score": 0.225,
    "support": 50.0
  },
  "anger": {
    "precision": 0.08318264014466546,
    "recall": 0.9787234042553191,
    "f1-score": 0.15333333333333332,
    "support": 47.0
  },
  "disgust": {
    "precision": 0.15789473684210525,
    "recall": 0.04411764705882353,
    "f1-score": 0.06896551724137931,
    "support": 68.0
  },
  "fear": {
    "precision": 0.09230769230769231,
    "recall": 0.23076923076923078,
    "f1-score": 0.13186813186813187,
    "support": 26.0
  },
  "sadness": {
    "precision": 0.027777777777777776,
    "recall": 0.16666666666666666,
    "f1-score": 0.047619047619047616,
    "support": 6.0
  },
  "surprise": {
    "precision": 0.09774436090225563,
    "recall": 0.22033898305084745,
    "f1-score": 0.13541666666666666,
    "support": 59.0
  },
  "other": {
    "precision": 0.9791666666666666,
    "recall": 0.5861915367483296,
    "f1-score": 0.7333519086096406,
    "support": 2245.0
  },
  "micro avg": {
    "precision": 0.572,
    "recall": 0.5717712914834067,
    "f1-score": 0.5718856228754249,
    "support": 2501.0
  },
  "macro avg": {
    "precision": 0.2238064718875131,
    "recall": 0.4466867812213167,
    "f1-score": 0.21365065790545706,
    "support": 2501.0
  },
  "weighted avg": {
    "precision": 0.8906988197709718,
    "recall": 0.5717712914834067,
    "f1-score": 0.6722212018054149,
    "support": 2501.0
  }
}