{
  "positive": {
    "precision": 0.27886056971514245,
    "recall": 0.8985507246376812,
    "f1-score": 0.425629290617849,
    "support": 207.0
  },
  "negative": {
    "precision": 0.4947526236881559,
    "recall": 0.8148148148148148,
    "f1-score": 0.6156716417910447,
    "support": 405.0
  },
  "neutral": {
    "precision": 0.951114922813036,
    "recall": 0.587083112758073,
    "f1-score": 0.7260229132569558,
    "support": 1889.0
  },
  "micro avg": {
    "precision": 0.65,
    "recall": 0.6497401039584166,
    "f1-score": 0.649870025994801,
    "support": 2501.0
  },
  "macro avg": {
    "precision": 0.5749093720721115,
    "recall": 0.766816217403523,
    "f1-score": 0.5891079485552831,
    "support": 2501.0
  },
  "weighted avg": {
    "precision": 0.821573386532812,
    "recall": 0.6497401039584166,
    "f1-score": 0.6832905082869482,
    "support": 2501.0
  }
}