{
  "happiness": {
    "precision": 0.2214765100671141,
    "recall": 0.66,
    "f1-score": 0.3316582914572864,
    "support": 50.0
  },
  "anger": {
    "precision": 0.12535612535612536,
    "recall": 0.9361702127659575,
    "f1-score": 0.22110552763819097,
    "support": 47.0
  },
  "disgust": {
    "precision": 0.02631578947368421,
    "recall": 0.014705882352941176,
    "f1-score": 0.018867924528301886,
    "support": 68.0
  },
  "fear": {
    "precision": 0.04739336492890995,
    "recall": 0.38461538461538464,
    "f1-score": 0.08438818565400844,
    "support": 26.0
  },
  "sadness": {
    "precision": 0.028169014084507043,
    "recall": 0.3333333333333333,
    "f1-score": 0.05194805194805195,
    "support": 6.0
  },
  "surprise": {
    "precision": 0.03428571428571429,
    "recall": 0.6101694915254238,
    "f1-score": 0.06492335437330929,
    "support": 59.0
  },
  "other": {
    "precision": 0.9782178217821782,
    "recall": 0.22004454342984409,
    "f1-score": 0.3592727272727273,
    "support": 2245.0
  },
  "micro avg": {
    "precision": 0.26105263157894737,
    "recall": 0.24790083966413434,
    "f1-score": 0.25430680885972107,
    "support": 2501.0
  },
  "macro avg": {
    "precision": 0.20874490571117615,
    "recall": 0.45129126400326924,
    "f1-score": 0.16173772326741087,
    "support": 2501.0
  },
  "weighted avg": {
    "precision": 0.8869564756880488,
    "recall": 0.24790083966413434,
    "f1-score": 0.33633003799031364,
    "support": 2501.0
  }
}