{
  "positive": {
    "precision": 0.18551587301587302,
    "recall": 0.9033816425120773,
    "f1-score": 0.30781893004115224,
    "support": 207.0
  },
  "negative": {
    "precision": 0.48520710059171596,
    "recall": 0.8098765432098766,
    "f1-score": 0.606845513413506,
    "support": 405.0
  },
  "neutral": {
    "precision": 0.9174311926605505,
    "recall": 0.370566437268396,
    "f1-score": 0.5279034690799397,
    "support": 1889.0
  },
  "micro avg": {
    "precision": 0.4965263588067021,
    "recall": 0.4858056777289084,
    "f1-score": 0.4911075181891673,
    "support": 2501.0
  },
  "macro avg": {
    "precision": 0.5293847220893798,
    "recall": 0.69460820766345,
    "f1-score": 0.48085597084486603,
    "support": 2501.0
  },
  "weighted avg": {
    "precision": 0.7868605295440666,
    "recall": 0.4858056777289084,
    "f1-score": 0.5224712533158715,
    "support": 2501.0
  }
}