{
  "happiness": {
    "precision": 0.059219380888290714,
    "recall": 0.88,
    "f1-score": 0.11097099621689786,
    "support": 50.0
  },
  "anger": {
    "precision": 0.11621621621621622,
    "recall": 0.9148936170212766,
    "f1-score": 0.20623501199040767,
    "support": 47.0
  },
  "disgust": {
    "precision": 0.125,
    "recall": 0.058823529411764705,
    "f1-score": 0.08,
    "support": 68.0
  },
  "fear": {
    "precision": 0.07936507936507936,
    "recall": 0.38461538461538464,
    "f1-score": 0.13157894736842105,
    "support": 26.0
  },
  "sadness": {
    "precision": 0.012195121951219513,
    "recall": 0.3333333333333333,
    "f1-score": 0.023529411764705882,
    "support": 6.0
  },
  "surprise": {
    "precision": 0.07103825136612021,
    "recall": 0.4406779661016949,
    "f1-score": 0.1223529411764706,
    "support": 59.0
  },
  "other": {
    "precision": 0.9736434108527132,
    "recall": 0.2797327394209354,
    "f1-score": 0.43460207612456747,
    "support": 2245.0
  },
  "micro avg": {
    "precision": 0.3094848732624693,
    "recall": 0.30267892842862854,
    "f1-score": 0.30604406711138066,
    "support": 2501.0
  },
  "macro avg": {
    "precision": 0.2052396372342342,
    "recall": 0.47029665284348426,
    "f1-score": 0.1584670549487815,
    "support": 2501.0
  },
  "weighted avg": {
    "precision": 0.8832788917219985,
    "recall": 0.30267892842862854,
    "f1-score": 0.4026966449042891,
    "support": 2501.0
  }
}