{
  "positive": {
    "precision": 0.22316043425814233,
    "recall": 0.893719806763285,
    "f1-score": 0.35714285714285715,
    "support": 207.0
  },
  "negative": {
    "precision": 0.5029940119760479,
    "recall": 0.8296296296296296,
    "f1-score": 0.6262814538676608,
    "support": 405.0
  },
  "neutral": {
    "precision": 0.9376884422110553,
    "recall": 0.4939121228163049,
    "f1-score": 0.6470180305131762,
    "support": 1889.0
  },
  "micro avg": {
    "precision": 0.5834670947030498,
    "recall": 0.5813674530187924,
    "f1-score": 0.5824153815341478,
    "support": 2501.0
  },
  "macro avg": {
    "precision": 0.5546142961484152,
    "recall": 0.7390871864030731,
    "f1-score": 0.543480780507898,
    "support": 2501.0
  },
  "weighted avg": {
    "precision": 0.8081568380961289,
    "recall": 0.5813674530187924,
    "f1-score": 0.619667980761441,
    "support": 2501.0
  }
}