{
  "happiness": {
    "precision": 0.15570934256055363,
    "recall": 0.9,
    "f1-score": 0.26548672566371684,
    "support": 50.0
  },
  "anger": {
    "precision": 0.0847145488029466,
    "recall": 0.9787234042553191,
    "f1-score": 0.15593220338983052,
    "support": 47.0
  },
  "disgust": {
    "precision": 0.08333333333333333,
    "recall": 0.014705882352941176,
    "f1-score": 0.025,
    "support": 68.0
  },
  "fear": {
    "precision": 0.09615384615384616,
    "recall": 0.19230769230769232,
    "f1-score": 0.1282051282051282,
    "support": 26.0
  },
  "sadness": {
    "precision": 0.06060606060606061,
    "recall": 0.3333333333333333,
    "f1-score": 0.10256410256410256,
    "support": 6.0
  },
  "surprise": {
    "precision": 0.15789473684210525,
    "recall": 0.2033898305084746,
    "f1-score": 0.17777777777777778,
    "support": 59.0
  },
  "other": {
    "precision": 0.983957219251337,
    "recall": 0.6556792873051225,
    "f1-score": 0.7869553595295375,
    "support": 2245.0
  },
  "accuracy": 0.6329468212714914,
  "macro avg": {
    "precision": 0.23176701250716894,
    "recall": 0.46830563286612614,
    "f1-score": 0.23456018530429906,
    "support": 2501.0
  },
  "weighted avg": {
    "precision": 0.895080807934828,
    "recall": 0.6329468212714914,
    "f1-score": 0.7210937780183633,
    "support": 2501.0
  }
}