{
  "positive": {
    "precision": 0.34782608695652173,
    "recall": 0.8888888888888888,
    "f1-score": 0.5,
    "support": 207.0
  },
  "negative": {
    "precision": 0.5085271317829457,
    "recall": 0.8098765432098766,
    "f1-score": 0.6247619047619047,
    "support": 405.0
  },
  "neutral": {
    "precision": 0.9524528301886792,
    "recall": 0.668078348332451,
    "f1-score": 0.7853142501555694,
    "support": 1889.0
  },
  "micro avg": {
    "precision": 0.7098839535814325,
    "recall": 0.7093162734906038,
    "f1-score": 0.7096,
    "support": 2501.0
  },
  "macro avg": {
    "precision": 0.6029353496427156,
    "recall": 0.7889479268104056,
    "f1-score": 0.6366920516391581,
    "support": 2501.0
  },
  "weighted avg": {
    "precision": 0.8305225448214746,
    "recall": 0.7093162734906038,
    "f1-score": 0.7357005957506766,
    "support": 2501.0
  }
}