{
  "happiness": {
    "precision": 0.21568627450980393,
    "recall": 0.66,
    "f1-score": 0.3251231527093596,
    "support": 50.0
  },
  "anger": {
    "precision": 0.12716763005780346,
    "recall": 0.9361702127659575,
    "f1-score": 0.22391857506361323,
    "support": 47.0
  },
  "disgust": {
    "precision": 0.05128205128205128,
    "recall": 0.029411764705882353,
    "f1-score": 0.037383177570093455,
    "support": 68.0
  },
  "fear": {
    "precision": 0.05150214592274678,
    "recall": 0.46153846153846156,
    "f1-score": 0.09266409266409266,
    "support": 26.0
  },
  "sadness": {
    "precision": 0.028985507246376812,
    "recall": 0.3333333333333333,
    "f1-score": 0.05333333333333334,
    "support": 6.0
  },
  "surprise": {
    "precision": 0.034653465346534656,
    "recall": 0.5932203389830508,
    "f1-score": 0.06548175865294668,
    "support": 59.0
  },
  "other": {
    "precision": 0.978,
    "recall": 0.2178173719376392,
    "f1-score": 0.35628415300546445,
    "support": 2245.0
  },
  "micro avg": {
    "precision": 0.2625531914893617,
    "recall": 0.2467013194722111,
    "f1-score": 0.2543805400948258,
    "support": 2501.0
  },
  "macro avg": {
    "precision": 0.21246815348075954,
    "recall": 0.4616416404663321,
    "f1-score": 0.1648840347141291,
    "support": 2501.0
  },
  "weighted avg": {
    "precision": 0.8874113934899247,
    "recall": 0.2467013194722111,
    "f1-score": 0.3341755299501328,
    "support": 2501.0
  }
}