{
  "positive": {
    "precision": 0.18613861386138614,
    "recall": 0.9082125603864735,
    "f1-score": 0.30895645028759244,
    "support": 207.0
  },
  "negative": {
    "precision": 0.4896449704142012,
    "recall": 0.817283950617284,
    "f1-score": 0.6123959296947271,
    "support": 405.0
  },
  "neutral": {
    "precision": 0.9212198221092758,
    "recall": 0.3838009528851244,
    "f1-score": 0.5418535127055306,
    "support": 1889.0
  },
  "micro avg": {
    "precision": 0.5030327537403962,
    "recall": 0.4974010395841663,
    "f1-score": 0.5002010454362686,
    "support": 2501.0
  },
  "macro avg": {
    "precision": 0.5323344687949544,
    "recall": 0.7030991546296272,
    "f1-score": 0.48773529756261674,
    "support": 2501.0
  },
  "weighted avg": {
    "precision": 0.790492263115346,
    "recall": 0.4974010395841663,
    "f1-score": 0.5340006486352034,
    "support": 2501.0
  }
}