{
  "happiness": {
    "precision": 0.15306122448979592,
    "recall": 0.9,
    "f1-score": 0.2616279069767442,
    "support": 50.0
  },
  "anger": {
    "precision": 0.08424908424908426,
    "recall": 0.9787234042553191,
    "f1-score": 0.1551433389544688,
    "support": 47.0
  },
  "disgust": {
    "precision": 0.1,
    "recall": 0.014705882352941176,
    "f1-score": 0.02564102564102564,
    "support": 68.0
  },
  "fear": {
    "precision": 0.09803921568627451,
    "recall": 0.19230769230769232,
    "f1-score": 0.12987012987012986,
    "support": 26.0
  },
  "sadness": {
    "precision": 0.06666666666666667,
    "recall": 0.3333333333333333,
    "f1-score": 0.1111111111111111,
    "support": 6.0
  },
  "surprise": {
    "precision": 0.13580246913580246,
    "recall": 0.1864406779661017,
    "f1-score": 0.15714285714285714,
    "support": 59.0
  },
  "other": {
    "precision": 0.9811954331766286,
    "recall": 0.6507795100222717,
    "f1-score": 0.7825388323513658,
    "support": 2245.0
  },
  "accuracy": 0.6281487405037984,
  "macro avg": {
    "precision": 0.23128772762917893,
    "recall": 0.46518435717680845,
    "f1-score": 0.23186788600681466,
    "support": 2501.0
  },
  "weighted avg": {
    "precision": 0.8925061499210648,
    "recall": 0.6281487405037984,
    "f1-score": 0.7166058053845749,
    "support": 2501.0
  }
}