{
  "positive": {
    "precision": 0.33455210237659966,
    "recall": 0.8840579710144928,
    "f1-score": 0.4854111405835544,
    "support": 207.0
  },
  "negative": {
    "precision": 0.5101088646967341,
    "recall": 0.8098765432098766,
    "f1-score": 0.6259541984732825,
    "support": 405.0
  },
  "neutral": {
    "precision": 0.9519083969465649,
    "recall": 0.660137638962414,
    "f1-score": 0.7796186308221319,
    "support": 1889.0
  },
  "micro avg": {
    "precision": 0.7032,
    "recall": 0.7029188324670131,
    "f1-score": 0.7030593881223756,
    "support": 2501.0
  },
  "macro avg": {
    "precision": 0.5988564546732996,
    "recall": 0.7846907177289277,
    "f1-score": 0.6303279899596563,
    "support": 2501.0
  },
  "weighted avg": {
    "precision": 0.829268827359534,
    "recall": 0.7029188324670131,
    "f1-score": 0.7303843063196651,
    "support": 2501.0
  }
}