{
  "happiness": {
    "precision": 0.15517241379310345,
    "recall": 0.9,
    "f1-score": 0.2647058823529412,
    "support": 50.0
  },
  "anger": {
    "precision": 0.08394160583941605,
    "recall": 0.9787234042553191,
    "f1-score": 0.1546218487394958,
    "support": 47.0
  },
  "disgust": {
    "precision": 0.09090909090909091,
    "recall": 0.014705882352941176,
    "f1-score": 0.02531645569620253,
    "support": 68.0
  },
  "fear": {
    "precision": 0.0784313725490196,
    "recall": 0.15384615384615385,
    "f1-score": 0.1038961038961039,
    "support": 26.0
  },
  "sadness": {
    "precision": 0.06060606060606061,
    "recall": 0.3333333333333333,
    "f1-score": 0.10256410256410256,
    "support": 6.0
  },
  "surprise": {
    "precision": 0.15789473684210525,
    "recall": 0.2033898305084746,
    "f1-score": 0.17777777777777778,
    "support": 59.0
  },
  "other": {
    "precision": 0.9839142091152815,
    "recall": 0.6538975501113585,
    "f1-score": 0.7856569440727856,
    "support": 2245.0
  },
  "accuracy": 0.6309476209516194,
  "macro avg": {
    "precision": 0.23012421280772535,
    "recall": 0.46255659348679723,
    "f1-score": 0.23064844501420131,
    "support": 2501.0
  },
  "weighted avg": {
    "precision": 0.8950386786618665,
    "recall": 0.6309476209516194,
    "f1-score": 0.719643923088653,
    "support": 2501.0
  }
}