{
  "positive": {
    "precision": 0.3473282442748092,
    "recall": 0.8792270531400966,
    "f1-score": 0.49794801641586867,
    "support": 207.0
  },
  "negative": {
    "precision": 0.5023041474654378,
    "recall": 0.8074074074074075,
    "f1-score": 0.6193181818181818,
    "support": 405.0
  },
  "neutral": {
    "precision": 0.952416918429003,
    "recall": 0.6675489677077819,
    "f1-score": 0.7849361967009025,
    "support": 1889.0
  },
  "micro avg": {
    "precision": 0.7082833133253301,
    "recall": 0.7077169132347061,
    "f1-score": 0.708,
    "support": 2501.0
  },
  "macro avg": {
    "precision": 0.6006831033897501,
    "recall": 0.7847278094184288,
    "f1-score": 0.6340674649783177,
    "support": 2501.0
  },
  "weighted avg": {
    "precision": 0.8294464954821169,
    "recall": 0.7077169132347061,
    "f1-score": 0.7343636859665947,
    "support": 2501.0
  }
}