{
  "happiness": {
    "precision": 0.12058823529411765,
    "recall": 0.82,
    "f1-score": 0.21025641025641026,
    "support": 50.0
  },
  "anger": {
    "precision": 0.07936507936507936,
    "recall": 0.9574468085106383,
    "f1-score": 0.1465798045602606,
    "support": 47.0
  },
  "disgust": {
    "precision": 0.0,
    "recall": 0.0,
    "f1-score": 0.0,
    "support": 68.0
  },
  "fear": {
    "precision": 0.05084745762711865,
    "recall": 0.11538461538461539,
    "f1-score": 0.07058823529411765,
    "support": 26.0
  },
  "sadness": {
    "precision": 0.058823529411764705,
    "recall": 0.3333333333333333,
    "f1-score": 0.1,
    "support": 6.0
  },
  "surprise": {
    "precision": 0.09523809523809523,
    "recall": 0.23728813559322035,
    "f1-score": 0.13592233009708737,
    "support": 59.0
  },
  "other": {
    "precision": 0.976882923191648,
    "recall": 0.5835189309576837,
    "f1-score": 0.7306190741773564,
    "support": 2245.0
  },
  "accuracy": 0.5657736905237905,
  "macro avg": {
    "precision": 0.19739218858968913,
    "recall": 0.43528168911135584,
    "f1-score": 0.1991379791978903,
    "support": 2501.0
  },
  "weighted avg": {
    "precision": 0.8837088187740655,
    "recall": 0.5657736905237905,
    "f1-score": 0.6669718530382619,
    "support": 2501.0
  }
}