{
  "positive": {
    "precision": 0.2732732732732733,
    "recall": 0.8792270531400966,
    "f1-score": 0.41695303550973656,
    "support": 207.0
  },
  "negative": {
    "precision": 0.4798807749627422,
    "recall": 0.7950617283950617,
    "f1-score": 0.5985130111524164,
    "support": 405.0
  },
  "neutral": {
    "precision": 0.9440619621342513,
    "recall": 0.5807305452620434,
    "f1-score": 0.7191084890199935,
    "support": 1889.0
  },
  "micro avg": {
    "precision": 0.640656262505002,
    "recall": 0.6401439424230307,
    "f1-score": 0.6404,
    "support": 2501.0
  },
  "macro avg": {
    "precision": 0.5657386701234223,
    "recall": 0.7516731089324006,
    "f1-score": 0.5781915118940488,
    "support": 2501.0
  },
  "weighted avg": {
    "precision": 0.8133755809272606,
    "recall": 0.6401439424230307,
    "f1-score": 0.6745713649044429,
    "support": 2501.0
  }
}