{
  "happiness": {
    "precision": 0.0706713780918728,
    "recall": 0.8,
    "f1-score": 0.12987012987012986,
    "support": 50.0
  },
  "anger": {
    "precision": 0.13274336283185842,
    "recall": 0.9574468085106383,
    "f1-score": 0.23316062176165803,
    "support": 47.0
  },
  "disgust": {
    "precision": 0.05263157894736842,
    "recall": 0.04411764705882353,
    "f1-score": 0.048,
    "support": 68.0
  },
  "fear": {
    "precision": 0.050359712230215826,
    "recall": 0.2692307692307692,
    "f1-score": 0.08484848484848485,
    "support": 26.0
  },
  "sadness": {
    "precision": 0.030927835051546393,
    "recall": 0.5,
    "f1-score": 0.05825242718446602,
    "support": 6.0
  },
  "surprise": {
    "precision": 0.053784860557768925,
    "recall": 0.4576271186440678,
    "f1-score": 0.0962566844919786,
    "support": 59.0
  },
  "other": {
    "precision": 0.9746835443037974,
    "recall": 0.2400890868596882,
    "f1-score": 0.38527519656897785,
    "support": 2245.0
  },
  "micro avg": {
    "precision": 0.2947181535730138,
    "recall": 0.2654938024790084,
    "f1-score": 0.27934371055952884,
    "support": 2501.0
  },
  "macro avg": {
    "precision": 0.19511461028777546,
    "recall": 0.46693020432914106,
    "f1-score": 0.1479519349608136,
    "support": 2501.0
  },
  "weighted avg": {
    "precision": 0.8821208466970575,
    "recall": 0.2654938024790084,
    "f1-score": 0.357414470838806,
    "support": 2501.0
  }
}