{
  "positive": {
    "precision": 0.23307291666666666,
    "recall": 0.8647342995169082,
    "f1-score": 0.3671794871794872,
    "support": 207.0
  },
  "negative": {
    "precision": 0.5091185410334347,
    "recall": 0.8271604938271605,
    "f1-score": 0.6302916274694261,
    "support": 405.0
  },
  "neutral": {
    "precision": 0.9483282674772037,
    "recall": 0.49550026469031233,
    "f1-score": 0.650904033379694,
    "support": 1889.0
  },
  "micro avg": {
    "precision": 0.6009117281392458,
    "recall": 0.5797680927628949,
    "f1-score": 0.5901505901505901,
    "support": 2501.0
  },
  "macro avg": {
    "precision": 0.5635065750591016,
    "recall": 0.7291316860114603,
    "f1-score": 0.5494583826762024,
    "support": 2501.0
  },
  "weighted avg": {
    "precision": 0.8180052779420147,
    "recall": 0.5797680927628949,
    "f1-score": 0.6240831595463867,
    "support": 2501.0
  }
}