{
  "happiness": {
    "precision": 0.11331444759206799,
    "recall": 0.8,
    "f1-score": 0.19851116625310175,
    "support": 50.0
  },
  "anger": {
    "precision": 0.08050089445438283,
    "recall": 0.9574468085106383,
    "f1-score": 0.1485148514851485,
    "support": 47.0
  },
  "disgust": {
    "precision": 0.0,
    "recall": 0.0,
    "f1-score": 0.0,
    "support": 68.0
  },
  "fear": {
    "precision": 0.07692307692307693,
    "recall": 0.19230769230769232,
    "f1-score": 0.10989010989010989,
    "support": 26.0
  },
  "sadness": {
    "precision": 0.04878048780487805,
    "recall": 0.3333333333333333,
    "f1-score": 0.0851063829787234,
    "support": 6.0
  },
  "surprise": {
    "precision": 0.11564625850340136,
    "recall": 0.288135593220339,
    "f1-score": 0.1650485436893204,
    "support": 59.0
  },
  "other": {
    "precision": 0.9840909090909091,
    "recall": 0.578619153674833,
    "f1-score": 0.7287517531556802,
    "support": 2245.0
  },
  "accuracy": 0.5629748100759696,
  "macro avg": {
    "precision": 0.20275086776695947,
    "recall": 0.44997751157811944,
    "f1-score": 0.20511754392172632,
    "support": 2501.0
  },
  "weighted avg": {
    "precision": 0.8907833536611676,
    "recall": 0.5629748100759696,
    "f1-score": 0.6661571720910213,
    "support": 2501.0
  }
}