{
  "positive": {
    "precision": 0.26666666666666666,
    "recall": 0.8695652173913043,
    "f1-score": 0.40816326530612246,
    "support": 207.0
  },
  "negative": {
    "precision": 0.4889543446244477,
    "recall": 0.8197530864197531,
    "f1-score": 0.6125461254612546,
    "support": 405.0
  },
  "neutral": {
    "precision": 0.9458987783595113,
    "recall": 0.5738485971413446,
    "f1-score": 0.714332784184514,
    "support": 1889.0
  },
  "micro avg": {
    "precision": 0.6384,
    "recall": 0.6381447421031587,
    "f1-score": 0.6382723455308938,
    "support": 2501.0
  },
  "macro avg": {
    "precision": 0.5671732632168752,
    "recall": 0.754388966984134,
    "f1-score": 0.5783473916506304,
    "support": 2501.0
  },
  "weighted avg": {
    "precision": 0.8156854465789757,
    "recall": 0.6381447421031587,
    "f1-score": 0.6725092387263985,
    "support": 2501.0
  }
}