{
  "positive": {
    "precision": 0.11545741324921135,
    "recall": 0.8840579710144928,
    "f1-score": 0.20424107142857142,
    "support": 207.0
  },
  "negative": {
    "precision": 0.48286604361370716,
    "recall": 0.7654320987654321,
    "f1-score": 0.5921680993314231,
    "support": 405.0
  },
  "neutral": {
    "precision": 0.7426470588235294,
    "recall": 0.1069348861831657,
    "f1-score": 0.1869504858861638,
    "support": 1889.0
  },
  "micro avg": {
    "precision": 0.2781112444977991,
    "recall": 0.2778888444622151,
    "f1-score": 0.278,
    "support": 2501.0
  },
  "macro avg": {
    "precision": 0.4469901718954827,
    "recall": 0.5854749853210302,
    "f1-score": 0.3277865522153861,
    "support": 2501.0
  },
  "weighted avg": {
    "precision": 0.648668823000314,
    "recall": 0.2778888444622151,
    "f1-score": 0.25400057970967777,
    "support": 2501.0
  }
}