{
  "happiness": {
    "precision": 0.15845070422535212,
    "recall": 0.9,
    "f1-score": 0.2694610778443114,
    "support": 50.0
  },
  "anger": {
    "precision": 0.08318264014466546,
    "recall": 0.9787234042553191,
    "f1-score": 0.15333333333333332,
    "support": 47.0
  },
  "disgust": {
    "precision": 0.1,
    "recall": 0.014705882352941176,
    "f1-score": 0.02564102564102564,
    "support": 68.0
  },
  "fear": {
    "precision": 0.08,
    "recall": 0.15384615384615385,
    "f1-score": 0.10526315789473684,
    "support": 26.0
  },
  "sadness": {
    "precision": 0.05714285714285714,
    "recall": 0.3333333333333333,
    "f1-score": 0.0975609756097561,
    "support": 6.0
  },
  "surprise": {
    "precision": 0.15492957746478872,
    "recall": 0.1864406779661017,
    "f1-score": 0.16923076923076924,
    "support": 59.0
  },
  "other": {
    "precision": 0.9819759679572764,
    "recall": 0.6552338530066815,
    "f1-score": 0.7860005343307508,
    "support": 2245.0
  },
  "accuracy": 0.6317473010795682,
  "macro avg": {
    "precision": 0.23081167813356282,
    "recall": 0.4603261863943615,
    "f1-score": 0.22949869626924047,
    "support": 2501.0
  },
  "weighted avg": {
    "precision": 0.8935353336966941,
    "recall": 0.6317473010795682,
    "f1-score": 0.7198326002473189,
    "support": 2501.0
  }
}