{
  "positive": {
    "precision": 0.34600760456273766,
    "recall": 0.8792270531400966,
    "f1-score": 0.4965893587994543,
    "support": 207.0
  },
  "negative": {
    "precision": 0.5053929121725732,
    "recall": 0.8098765432098766,
    "f1-score": 0.6223908918406073,
    "support": 405.0
  },
  "neutral": {
    "precision": 0.9493957703927492,
    "recall": 0.6654314452091054,
    "f1-score": 0.7824463118580766,
    "support": 1889.0
  },
  "micro avg": {
    "precision": 0.7070828331332533,
    "recall": 0.7065173930427829,
    "f1-score": 0.7068,
    "support": 2501.0
  },
  "macro avg": {
    "precision": 0.6002654290426866,
    "recall": 0.7848450138530262,
    "f1-score": 0.633808854166046,
    "support": 2501.0
  },
  "weighted avg": {
    "precision": 0.827555503337178,
    "recall": 0.7065173930427829,
    "f1-score": 0.7328682093429987,
    "support": 2501.0
  }
}