{
  "happiness": {
    "precision": 0.21428571428571427,
    "recall": 0.66,
    "f1-score": 0.3235294117647059,
    "support": 50.0
  },
  "anger": {
    "precision": 0.12903225806451613,
    "recall": 0.9361702127659575,
    "f1-score": 0.2268041237113402,
    "support": 47.0
  },
  "disgust": {
    "precision": 0.0625,
    "recall": 0.029411764705882353,
    "f1-score": 0.04,
    "support": 68.0
  },
  "fear": {
    "precision": 0.05555555555555555,
    "recall": 0.46153846153846156,
    "f1-score": 0.09917355371900827,
    "support": 26.0
  },
  "sadness": {
    "precision": 0.0273972602739726,
    "recall": 0.3333333333333333,
    "f1-score": 0.05063291139240506,
    "support": 6.0
  },
  "surprise": {
    "precision": 0.03353658536585366,
    "recall": 0.559322033898305,
    "f1-score": 0.06327900287631831,
    "support": 59.0
  },
  "other": {
    "precision": 0.9734693877551021,
    "recall": 0.21247216035634744,
    "f1-score": 0.3488117001828154,
    "support": 2245.0
  },
  "micro avg": {
    "precision": 0.2633187772925764,
    "recall": 0.24110355857656937,
    "f1-score": 0.2517219787100814,
    "support": 2501.0
  },
  "macro avg": {
    "precision": 0.21368239447153062,
    "recall": 0.4560354237997553,
    "f1-score": 0.1646043862352276,
    "support": 2501.0
  },
  "weighted avg": {
    "precision": 0.8836685581352243,
    "recall": 0.24110355857656937,
    "f1-score": 0.3275706926620713,
    "support": 2501.0
  }
}