{
  "positive": {
    "precision": 0.20253164556962025,
    "recall": 0.8502415458937198,
    "f1-score": 0.3271375464684015,
    "support": 207.0
  },
  "negative": {
    "precision": 0.48503937007874015,
    "recall": 0.7604938271604939,
    "f1-score": 0.5923076923076923,
    "support": 405.0
  },
  "neutral": {
    "precision": 0.9178743961352657,
    "recall": 0.30174695606140817,
    "f1-score": 0.4541832669322709,
    "support": 1889.0
  },
  "micro avg": {
    "precision": 0.496,
    "recall": 0.4214314274290284,
    "f1-score": 0.45568525724167747,
    "support": 2501.0
  },
  "macro avg": {
    "precision": 0.5351484705945421,
    "recall": 0.6374941097052073,
    "f1-score": 0.45787616856945496,
    "support": 2501.0
  },
  "weighted avg": {
    "precision": 0.7885764613411907,
    "recall": 0.4214314274290284,
    "f1-score": 0.4660352973765031,
    "support": 2501.0
  }
}