{
  "happiness": {
    "precision": 0.12138728323699421,
    "recall": 0.84,
    "f1-score": 0.21212121212121213,
    "support": 50.0
  },
  "anger": {
    "precision": 0.08598130841121496,
    "recall": 0.9787234042553191,
    "f1-score": 0.15807560137457044,
    "support": 47.0
  },
  "disgust": {
    "precision": 0.0,
    "recall": 0.0,
    "f1-score": 0.0,
    "support": 68.0
  },
  "fear": {
    "precision": 0.06153846153846154,
    "recall": 0.15384615384615385,
    "f1-score": 0.08791208791208792,
    "support": 26.0
  },
  "sadness": {
    "precision": 0.044444444444444446,
    "recall": 0.3333333333333333,
    "f1-score": 0.0784313725490196,
    "support": 6.0
  },
  "surprise": {
    "precision": 0.05847953216374269,
    "recall": 0.1694915254237288,
    "f1-score": 0.08695652173913043,
    "support": 59.0
  },
  "other": {
    "precision": 0.9748858447488584,
    "recall": 0.5706013363028953,
    "f1-score": 0.7198651306546783,
    "support": 2245.0
  },
  "micro avg": {
    "precision": 0.5557784911717496,
    "recall": 0.5537784886045581,
    "f1-score": 0.5547766873623072,
    "support": 2501.0
  },
  "macro avg": {
    "precision": 0.19238812493481663,
    "recall": 0.43514225045163296,
    "f1-score": 0.19190884662152838,
    "support": 2501.0
  },
  "weighted avg": {
    "precision": 0.881265960089041,
    "recall": 0.5537784886045581,
    "f1-score": 0.6565452097137287,
    "support": 2501.0
  }
}