{
  "positive": {
    "precision": 0.2579250720461095,
    "recall": 0.8647342995169082,
    "f1-score": 0.3973362930077691,
    "support": 207.0
  },
  "negative": {
    "precision": 0.4798807749627422,
    "recall": 0.7950617283950617,
    "f1-score": 0.5985130111524164,
    "support": 405.0
  },
  "neutral": {
    "precision": 0.941541186891054,
    "recall": 0.5627316040232927,
    "f1-score": 0.7044400265076209,
    "support": 1889.0
  },
  "micro avg": {
    "precision": 0.6271050521251003,
    "recall": 0.6253498600559776,
    "f1-score": 0.6262262262262263,
    "support": 2501.0
  },
  "macro avg": {
    "precision": 0.5597823446333019,
    "recall": 0.7408425439784209,
    "f1-score": 0.5667631102226022,
    "support": 2501.0
  },
  "weighted avg": {
    "precision": 0.8102013217955443,
    "recall": 0.6253498600559776,
    "f1-score": 0.6618686894211248,
    "support": 2501.0
  }
}