{
  "happiness": {
    "precision": 0.156794425087108,
    "recall": 0.9,
    "f1-score": 0.26706231454005935,
    "support": 50.0
  },
  "anger": {
    "precision": 0.08318264014466546,
    "recall": 0.9787234042553191,
    "f1-score": 0.15333333333333332,
    "support": 47.0
  },
  "disgust": {
    "precision": 0.08333333333333333,
    "recall": 0.014705882352941176,
    "f1-score": 0.025,
    "support": 68.0
  },
  "fear": {
    "precision": 0.08333333333333333,
    "recall": 0.15384615384615385,
    "f1-score": 0.10810810810810811,
    "support": 26.0
  },
  "sadness": {
    "precision": 0.06451612903225806,
    "recall": 0.3333333333333333,
    "f1-score": 0.10810810810810811,
    "support": 6.0
  },
  "surprise": {
    "precision": 0.18461538461538463,
    "recall": 0.2033898305084746,
    "f1-score": 0.1935483870967742,
    "support": 59.0
  },
  "other": {
    "precision": 0.9832663989290495,
    "recall": 0.6543429844097995,
    "f1-score": 0.7857715966836052,
    "support": 2245.0
  },
  "micro avg": {
    "precision": 0.6341365461847389,
    "recall": 0.6313474610155938,
    "f1-score": 0.6327389300741334,
    "support": 2501.0
  },
  "macro avg": {
    "precision": 0.23414880635359034,
    "recall": 0.46262022695800314,
    "f1-score": 0.23441883540999833,
    "support": 2501.0
  },
  "weighted avg": {
    "precision": 0.8949600594708936,
    "recall": 0.6313474610155938,
    "f1-score": 0.7201902563960545,
    "support": 2501.0
  }
}