{
  "positive": {
    "precision": 0.3466666666666667,
    "recall": 0.8792270531400966,
    "f1-score": 0.4972677595628415,
    "support": 207.0
  },
  "negative": {
    "precision": 0.5069767441860465,
    "recall": 0.8074074074074075,
    "f1-score": 0.6228571428571429,
    "support": 405.0
  },
  "neutral": {
    "precision": 0.953857791225416,
    "recall": 0.6675489677077819,
    "f1-score": 0.7854251012145749,
    "support": 1889.0
  },
  "micro avg": {
    "precision": 0.7102728731942215,
    "recall": 0.7077169132347061,
    "f1-score": 0.7089925896254756,
    "support": 2501.0
  },
  "macro avg": {
    "precision": 0.6025004006927097,
    "recall": 0.7847278094184288,
    "f1-score": 0.6351833345448531,
    "support": 2501.0
  },
  "weighted avg": {
    "precision": 0.8312366849340902,
    "recall": 0.7077169132347061,
    "f1-score": 0.7352497342187058,
    "support": 2501.0
  }
}