{
  "happiness": {
    "precision": 1.0,
    "recall": 0.02,
    "f1-score": 0.0392156862745098,
    "support": 50.0
  },
  "anger": {
    "precision": 0.12149532710280374,
    "recall": 0.8297872340425532,
    "f1-score": 0.21195652173913043,
    "support": 47.0
  },
  "disgust": {
    "precision": 0.041666666666666664,
    "recall": 0.029411764705882353,
    "f1-score": 0.034482758620689655,
    "support": 68.0
  },
  "fear": {
    "precision": 0.25,
    "recall": 0.038461538461538464,
    "f1-score": 0.06666666666666667,
    "support": 26.0
  },
  "sadness": {
    "precision": 0.14285714285714285,
    "recall": 0.16666666666666666,
    "f1-score": 0.15384615384615385,
    "support": 6.0
  },
  "surprise": {
    "precision": 0.024943310657596373,
    "recall": 0.559322033898305,
    "f1-score": 0.04775687409551375,
    "support": 59.0
  },
  "other": {
    "precision": 0.9290240811153359,
    "recall": 0.3265033407572383,
    "f1-score": 0.4831905075807515,
    "support": 2245.0
  },
  "micro avg": {
    "precision": 0.3249097472924188,
    "recall": 0.32387045181927226,
    "f1-score": 0.32438926712054467,
    "support": 2501.0
  },
  "macro avg": {
    "precision": 0.35856950405707794,
    "recall": 0.2814503683617406,
    "f1-score": 0.14815930983191652,
    "support": 2501.0
  },
  "weighted avg": {
    "precision": 0.8608682423018934,
    "recall": 0.32387045181927226,
    "f1-score": 0.44162507947561136,
    "support": 2501.0
  }
}