{
  "positive": {
    "precision": 0.1362126245847176,
    "recall": 0.7922705314009661,
    "f1-score": 0.23245924875974486,
    "support": 207.0
  },
  "negative": {
    "precision": 0.5891089108910891,
    "recall": 0.5876543209876544,
    "f1-score": 0.588380716934487,
    "support": 405.0
  },
  "neutral": {
    "precision": 0.7905935050391937,
    "recall": 0.3737427210164108,
    "f1-score": 0.507548526240115,
    "support": 1889.0
  },
  "accuracy": 0.44302279088364654,
  "macro avg": {
    "precision": 0.5053050135050001,
    "recall": 0.5845558578016771,
    "f1-score": 0.44279616397811566,
    "support": 2501.0
  },
  "weighted avg": {
    "precision": 0.7038049792958675,
    "recall": 0.44302279088364654,
    "f1-score": 0.49786982043954886,
    "support": 2501.0
  }
}