{
  "positive": {
    "precision": 0.21106557377049182,
    "recall": 0.4975845410628019,
    "f1-score": 0.29640287769784174,
    "support": 207.0
  },
  "negative": {
    "precision": 0.7086956521739131,
    "recall": 0.4024691358024691,
    "f1-score": 0.5133858267716536,
    "support": 405.0
  },
  "neutral": {
    "precision": 0.8159682899207248,
    "recall": 0.7628374801482266,
    "f1-score": 0.7885088919288645,
    "support": 1889.0
  },
  "micro avg": {
    "precision": 0.6871980676328503,
    "recall": 0.6825269892043183,
    "f1-score": 0.6848545636910732,
    "support": 2501.0
  },
  "macro avg": {
    "precision": 0.5785765052883766,
    "recall": 0.5542970523378326,
    "f1-score": 0.5327658654661199,
    "support": 2501.0
  },
  "weighted avg": {
    "precision": 0.7485311525634449,
    "recall": 0.6825269892043183,
    "f1-score": 0.7032266902757289,
    "support": 2501.0
  }
}