{
  "happiness": {
    "precision": 0.07119205298013245,
    "recall": 0.86,
    "f1-score": 0.13149847094801223,
    "support": 50.0
  },
  "anger": {
    "precision": 0.1282051282051282,
    "recall": 0.9574468085106383,
    "f1-score": 0.22613065326633167,
    "support": 47.0
  },
  "disgust": {
    "precision": 0.12195121951219512,
    "recall": 0.07352941176470588,
    "f1-score": 0.09174311926605505,
    "support": 68.0
  },
  "fear": {
    "precision": 0.05442176870748299,
    "recall": 0.3076923076923077,
    "f1-score": 0.09248554913294797,
    "support": 26.0
  },
  "sadness": {
    "precision": 0.03333333333333333,
    "recall": 0.5,
    "f1-score": 0.0625,
    "support": 6.0
  },
  "surprise": {
    "precision": 0.05761316872427984,
    "recall": 0.4745762711864407,
    "f1-score": 0.10275229357798166,
    "support": 59.0
  },
  "other": {
    "precision": 0.9838998211091234,
    "recall": 0.24498886414253898,
    "f1-score": 0.39229671897289586,
    "support": 2245.0
  },
  "micro avg": {
    "precision": 0.2993854258121159,
    "recall": 0.27269092363054775,
    "f1-score": 0.28541535886168656,
    "support": 2501.0
  },
  "macro avg": {
    "precision": 0.20723092751023933,
    "recall": 0.4883190947566617,
    "f1-score": 0.15705811502346062,
    "support": 2501.0
  },
  "weighted avg": {
    "precision": 0.8923419304008742,
    "recall": 0.27269092363054775,
    "f1-score": 0.36504987607105904,
    "support": 2501.0
  }
}