{
  "positive": {
    "precision": 0.22924411400247832,
    "recall": 0.893719806763285,
    "f1-score": 0.36489151873767256,
    "support": 207.0
  },
  "negative": {
    "precision": 0.506006006006006,
    "recall": 0.8320987654320988,
    "f1-score": 0.6293183940242764,
    "support": 405.0
  },
  "neutral": {
    "precision": 0.9485834207764953,
    "recall": 0.47856008470089995,
    "f1-score": 0.6361717100633357,
    "support": 1889.0
  },
  "micro avg": {
    "precision": 0.5877988458367683,
    "recall": 0.570171931227509,
    "f1-score": 0.5788512279277451,
    "support": 2501.0
  },
  "macro avg": {
    "precision": 0.5612778469283265,
    "recall": 0.7347928856320946,
    "f1-score": 0.5434605409417615,
    "support": 2501.0
  },
  "weighted avg": {
    "precision": 0.8173770675240883,
    "recall": 0.570171931227509,
    "f1-score": 0.6126088981480093,
    "support": 2501.0
  }
}