{
  "happiness": {
    "precision": 0.22535211267605634,
    "recall": 0.64,
    "f1-score": 0.3333333333333333,
    "support": 50.0
  },
  "anger": {
    "precision": 0.12753623188405797,
    "recall": 0.9361702127659575,
    "f1-score": 0.22448979591836735,
    "support": 47.0
  },
  "disgust": {
    "precision": 0.05555555555555555,
    "recall": 0.029411764705882353,
    "f1-score": 0.038461538461538464,
    "support": 68.0
  },
  "fear": {
    "precision": 0.05752212389380531,
    "recall": 0.5,
    "f1-score": 0.10317460317460317,
    "support": 26.0
  },
  "sadness": {
    "precision": 0.0273972602739726,
    "recall": 0.3333333333333333,
    "f1-score": 0.05063291139240506,
    "support": 6.0
  },
  "surprise": {
    "precision": 0.03495145631067961,
    "recall": 0.6101694915254238,
    "f1-score": 0.06611570247933884,
    "support": 59.0
  },
  "other": {
    "precision": 0.9733606557377049,
    "recall": 0.21158129175946547,
    "f1-score": 0.34760336626417854,
    "support": 2245.0
  },
  "micro avg": {
    "precision": 0.25811965811965815,
    "recall": 0.2415033986405438,
    "f1-score": 0.2495352199958686,
    "support": 2501.0
  },
  "macro avg": {
    "precision": 0.2145250566188332,
    "recall": 0.46580944201286606,
    "f1-score": 0.1662587501462521,
    "support": 2501.0
  },
  "weighted avg": {
    "precision": 0.8836290896227474,
    "recall": 0.2415033986405438,
    "f1-score": 0.32670523492621767,
    "support": 2501.0
  }
}