{
  "positive": {
    "precision": 0.18768920282542886,
    "recall": 0.8985507246376812,
    "f1-score": 0.3105175292153589,
    "support": 207.0
  },
  "negative": {
    "precision": 0.4814264487369985,
    "recall": 0.8,
    "f1-score": 0.601113172541744,
    "support": 405.0
  },
  "neutral": {
    "precision": 0.9073305670816044,
    "recall": 0.3472736897829539,
    "f1-score": 0.5022970903522205,
    "support": 1889.0
  },
  "micro avg": {
    "precision": 0.48847926267281105,
    "recall": 0.4662135145941623,
    "f1-score": 0.47708674304418985,
    "support": 2501.0
  },
  "macro avg": {
    "precision": 0.525482072881344,
    "recall": 0.6819414714735451,
    "f1-score": 0.47130926403644113,
    "support": 2501.0
  },
  "weighted avg": {
    "precision": 0.7787992074932023,
    "recall": 0.4662135145941623,
    "f1-score": 0.5024258964823392,
    "support": 2501.0
  }
}