{
  "happiness": {
    "precision": 0.15734265734265734,
    "recall": 0.9,
    "f1-score": 0.26785714285714285,
    "support": 50.0
  },
  "anger": {
    "precision": 0.08348457350272233,
    "recall": 0.9787234042553191,
    "f1-score": 0.15384615384615385,
    "support": 47.0
  },
  "disgust": {
    "precision": 0.1,
    "recall": 0.014705882352941176,
    "f1-score": 0.02564102564102564,
    "support": 68.0
  },
  "fear": {
    "precision": 0.10638297872340426,
    "recall": 0.19230769230769232,
    "f1-score": 0.136986301369863,
    "support": 26.0
  },
  "sadness": {
    "precision": 0.06060606060606061,
    "recall": 0.3333333333333333,
    "f1-score": 0.10256410256410256,
    "support": 6.0
  },
  "surprise": {
    "precision": 0.1791044776119403,
    "recall": 0.2033898305084746,
    "f1-score": 0.19047619047619047,
    "support": 59.0
  },
  "other": {
    "precision": 0.9832775919732442,
    "recall": 0.6547884187082406,
    "f1-score": 0.786096256684492,
    "support": 2245.0
  },
  "micro avg": {
    "precision": 0.6351948573724387,
    "recall": 0.6321471411435425,
    "f1-score": 0.6336673346693387,
    "support": 2501.0
  },
  "macro avg": {
    "precision": 0.2385997628228613,
    "recall": 0.4681783659237144,
    "f1-score": 0.23763816763413864,
    "support": 2501.0
  },
  "weighted avg": {
    "precision": 0.8955401278653512,
    "recall": 0.6321471411435425,
    "f1-score": 0.7207390787936813,
    "support": 2501.0
  }
}