{
  "positive": {
    "precision": 0.34608030592734224,
    "recall": 0.8743961352657005,
    "f1-score": 0.4958904109589041,
    "support": 207.0
  },
  "negative": {
    "precision": 0.5030864197530864,
    "recall": 0.8049382716049382,
    "f1-score": 0.6191832858499525,
    "support": 405.0
  },
  "neutral": {
    "precision": 0.9544072948328267,
    "recall": 0.6649020645844362,
    "f1-score": 0.7837753510140406,
    "support": 1889.0
  },
  "micro avg": {
    "precision": 0.708886208283072,
    "recall": 0.7049180327868853,
    "f1-score": 0.7068965517241379,
    "support": 2501.0
  },
  "macro avg": {
    "precision": 0.6011913401710851,
    "recall": 0.7814121571516917,
    "f1-score": 0.6329496826076324,
    "support": 2501.0
  },
  "weighted avg": {
    "precision": 0.8309732120216591,
    "recall": 0.7049180327868853,
    "f1-score": 0.733294755659035,
    "support": 2501.0
  }
}