{
  "happiness": {
    "precision": 0.23404255319148937,
    "recall": 0.66,
    "f1-score": 0.34554973821989526,
    "support": 50.0
  },
  "anger": {
    "precision": 0.12941176470588237,
    "recall": 0.9361702127659575,
    "f1-score": 0.22739018087855298,
    "support": 47.0
  },
  "disgust": {
    "precision": 0.058823529411764705,
    "recall": 0.029411764705882353,
    "f1-score": 0.0392156862745098,
    "support": 68.0
  },
  "fear": {
    "precision": 0.05909090909090909,
    "recall": 0.5,
    "f1-score": 0.10569105691056911,
    "support": 26.0
  },
  "sadness": {
    "precision": 0.02702702702702703,
    "recall": 0.3333333333333333,
    "f1-score": 0.05,
    "support": 6.0
  },
  "surprise": {
    "precision": 0.03784295175023652,
    "recall": 0.6779661016949152,
    "f1-score": 0.07168458781362007,
    "support": 59.0
  },
  "other": {
    "precision": 0.9788461538461538,
    "recall": 0.2267260579064588,
    "f1-score": 0.3681735985533454,
    "support": 2245.0
  },
  "micro avg": {
    "precision": 0.2694886839899413,
    "recall": 0.25709716113554576,
    "f1-score": 0.2631471250255781,
    "support": 2501.0
  },
  "macro avg": {
    "precision": 0.2178692698604947,
    "recall": 0.4805153529152211,
    "f1-score": 0.17252926409292751,
    "support": 2501.0
  },
  "weighted avg": {
    "precision": 0.8889345685474435,
    "recall": 0.25709716113554576,
    "f1-score": 0.3456451735273459,
    "support": 2501.0
  }
}