{
  "positive": {
    "precision": 0.1875,
    "recall": 0.9130434782608695,
    "f1-score": 0.3111111111111111,
    "support": 207.0
  },
  "negative": {
    "precision": 0.48372781065088755,
    "recall": 0.8074074074074075,
    "f1-score": 0.6049953746530989,
    "support": 405.0
  },
  "neutral": {
    "precision": 0.92,
    "recall": 0.3896241397564849,
    "f1-score": 0.5474153960580141,
    "support": 1889.0
  },
  "micro avg": {
    "precision": 0.5040257648953301,
    "recall": 0.5005997600959616,
    "f1-score": 0.5023069207622869,
    "support": 2501.0
  },
  "macro avg": {
    "precision": 0.5304092702169626,
    "recall": 0.703358341808254,
    "f1-score": 0.48784062727407473,
    "support": 2501.0
  },
  "weighted avg": {
    "precision": 0.78872541515938,
    "recall": 0.5005997600959616,
    "f1-score": 0.5371814513746876,
    "support": 2501.0
  }
}