{
  "happiness": {
    "precision": 0.13846153846153847,
    "recall": 0.9,
    "f1-score": 0.24,
    "support": 50.0
  },
  "anger": {
    "precision": 0.08409506398537477,
    "recall": 0.9787234042553191,
    "f1-score": 0.15488215488215487,
    "support": 47.0
  },
  "disgust": {
    "precision": 0.1111111111111111,
    "recall": 0.014705882352941176,
    "f1-score": 0.025974025974025976,
    "support": 68.0
  },
  "fear": {
    "precision": 0.08620689655172414,
    "recall": 0.19230769230769232,
    "f1-score": 0.11904761904761904,
    "support": 26.0
  },
  "sadness": {
    "precision": 0.0625,
    "recall": 0.3333333333333333,
    "f1-score": 0.10526315789473684,
    "support": 6.0
  },
  "surprise": {
    "precision": 0.11764705882352941,
    "recall": 0.2033898305084746,
    "f1-score": 0.14906832298136646,
    "support": 59.0
  },
  "other": {
    "precision": 0.9824929971988795,
    "recall": 0.6249443207126949,
    "f1-score": 0.7639531717941737,
    "support": 2245.0
  },
  "accuracy": 0.6053578568572571,
  "macro avg": {
    "precision": 0.22607352373316533,
    "recall": 0.46391492335292217,
    "f1-score": 0.22259835036772527,
    "support": 2501.0
  },
  "weighted avg": {
    "precision": 0.8931169272204569,
    "recall": 0.6053578568572571,
    "f1-score": 0.6991772946110043,
    "support": 2501.0
  }
}