{
  "positive": {
    "precision": 0.3082077051926298,
    "recall": 0.8888888888888888,
    "f1-score": 0.4577114427860697,
    "support": 207.0
  },
  "negative": {
    "precision": 0.4969040247678019,
    "recall": 0.7925925925925926,
    "f1-score": 0.6108468125594672,
    "support": 405.0
  },
  "neutral": {
    "precision": 0.945859872611465,
    "recall": 0.6289041821069349,
    "f1-score": 0.7554848966613672,
    "support": 1889.0
  },
  "micro avg": {
    "precision": 0.6774709883953581,
    "recall": 0.6769292283086765,
    "f1-score": 0.6772,
    "support": 2501.0
  },
  "macro avg": {
    "precision": 0.5836572008572989,
    "recall": 0.7701285545294722,
    "f1-score": 0.6080143840023013,
    "support": 2501.0
  },
  "weighted avg": {
    "precision": 0.8203816171007164,
    "recall": 0.6769292283086765,
    "f1-score": 0.7074171121697814,
    "support": 2501.0
  }
}