{
  "happiness": {
    "precision": 0.14563106796116504,
    "recall": 0.9,
    "f1-score": 0.25069637883008355,
    "support": 50.0
  },
  "anger": {
    "precision": 0.08272058823529412,
    "recall": 0.9574468085106383,
    "f1-score": 0.15228426395939088,
    "support": 47.0
  },
  "disgust": {
    "precision": 0.09090909090909091,
    "recall": 0.014705882352941176,
    "f1-score": 0.02531645569620253,
    "support": 68.0
  },
  "fear": {
    "precision": 0.0847457627118644,
    "recall": 0.19230769230769232,
    "f1-score": 0.11764705882352941,
    "support": 26.0
  },
  "sadness": {
    "precision": 0.05263157894736842,
    "recall": 0.3333333333333333,
    "f1-score": 0.09090909090909091,
    "support": 6.0
  },
  "surprise": {
    "precision": 0.102803738317757,
    "recall": 0.1864406779661017,
    "f1-score": 0.13253012048192772,
    "support": 59.0
  },
  "other": {
    "precision": 0.9790648988136776,
    "recall": 0.6249443207126949,
    "f1-score": 0.7629146275149538,
    "support": 2245.0
  },
  "accuracy": 0.6045581767293082,
  "macro avg": {
    "precision": 0.21978667512803107,
    "recall": 0.4584541021690574,
    "f1-score": 0.21889971374502554,
    "support": 2501.0
  },
  "weighted avg": {
    "precision": 0.8892189272005526,
    "recall": 0.6045581767293082,
    "f1-score": 0.697953055693446,
    "support": 2501.0
  }
}