{
  "positive": {
    "precision": 0.3096446700507614,
    "recall": 0.8840579710144928,
    "f1-score": 0.45864661654135336,
    "support": 207.0
  },
  "negative": {
    "precision": 0.5015337423312883,
    "recall": 0.8074074074074075,
    "f1-score": 0.618732261116367,
    "support": 405.0
  },
  "neutral": {
    "precision": 0.949085123309467,
    "recall": 0.6315510852302806,
    "f1-score": 0.7584233947870311,
    "support": 1889.0
  },
  "micro avg": {
    "precision": 0.6812,
    "recall": 0.6809276289484206,
    "f1-score": 0.6810637872425515,
    "support": 2501.0
  },
  "macro avg": {
    "precision": 0.5867545118971723,
    "recall": 0.7743388212173935,
    "f1-score": 0.6119340908149172,
    "support": 2501.0
  },
  "weighted avg": {
    "precision": 0.8236862895946672,
    "recall": 0.6809276289484206,
    "f1-score": 0.7109908868967975,
    "support": 2501.0
  }
}