{
  "happiness": {
    "precision": 0.09127789046653144,
    "recall": 0.9,
    "f1-score": 0.16574585635359115,
    "support": 50.0
  },
  "anger": {
    "precision": 0.12222222222222222,
    "recall": 0.9361702127659575,
    "f1-score": 0.21621621621621623,
    "support": 47.0
  },
  "disgust": {
    "precision": 0.09090909090909091,
    "recall": 0.04411764705882353,
    "f1-score": 0.0594059405940594,
    "support": 68.0
  },
  "fear": {
    "precision": 0.06451612903225806,
    "recall": 0.3076923076923077,
    "f1-score": 0.10666666666666667,
    "support": 26.0
  },
  "sadness": {
    "precision": 0.024,
    "recall": 0.5,
    "f1-score": 0.04580152671755725,
    "support": 6.0
  },
  "surprise": {
    "precision": 0.0625,
    "recall": 0.4576271186440678,
    "f1-score": 0.109979633401222,
    "support": 59.0
  },
  "other": {
    "precision": 0.9823399558498896,
    "recall": 0.19821826280623608,
    "f1-score": 0.32987398072646407,
    "support": 2245.0
  },
  "micro avg": {
    "precision": 0.28465346534653463,
    "recall": 0.22990803678528587,
    "f1-score": 0.25436850254368504,
    "support": 2501.0
  },
  "macro avg": {
    "precision": 0.20539504121142746,
    "recall": 0.47768936413819896,
    "f1-score": 0.14766997438225382,
    "support": 2501.0
  },
  "weighted avg": {
    "precision": 0.8905846770841384,
    "recall": 0.22990803678528587,
    "f1-score": 0.3089136691465255,
    "support": 2501.0
  }
}