{
  "positive": {
    "precision": 0.2272159800249688,
    "recall": 0.8792270531400966,
    "f1-score": 0.3611111111111111,
    "support": 207.0
  },
  "negative": {
    "precision": 0.512781954887218,
    "recall": 0.8419753086419753,
    "f1-score": 0.6373831775700934,
    "support": 405.0
  },
  "neutral": {
    "precision": 0.9526813880126183,
    "recall": 0.47961884595023824,
    "f1-score": 0.6380281690140845,
    "support": 1889.0
  },
  "micro avg": {
    "precision": 0.591228796028134,
    "recall": 0.5713714514194322,
    "f1-score": 0.5811305408702725,
    "support": 2501.0
  },
  "macro avg": {
    "precision": 0.564226440974935,
    "recall": 0.7336070692441035,
    "f1-score": 0.5455074858984297,
    "support": 2501.0
  },
  "weighted avg": {
    "precision": 0.821401655957748,
    "recall": 0.5713714514194322,
    "f1-score": 0.6150041576103533,
    "support": 2501.0
  }
}