{
  "happiness": {
    "precision": 0.11965811965811966,
    "recall": 0.84,
    "f1-score": 0.20947630922693267,
    "support": 50.0
  },
  "anger": {
    "precision": 0.0856610800744879,
    "recall": 0.9787234042553191,
    "f1-score": 0.15753424657534246,
    "support": 47.0
  },
  "disgust": {
    "precision": 0.0,
    "recall": 0.0,
    "f1-score": 0.0,
    "support": 68.0
  },
  "fear": {
    "precision": 0.078125,
    "recall": 0.19230769230769232,
    "f1-score": 0.1111111111111111,
    "support": 26.0
  },
  "sadness": {
    "precision": 0.044444444444444446,
    "recall": 0.3333333333333333,
    "f1-score": 0.0784313725490196,
    "support": 6.0
  },
  "surprise": {
    "precision": 0.07236842105263158,
    "recall": 0.1864406779661017,
    "f1-score": 0.10426540284360189,
    "support": 59.0
  },
  "other": {
    "precision": 0.9743008314436886,
    "recall": 0.5741648106904231,
    "f1-score": 0.7225336322869955,
    "support": 2245.0
  },
  "micro avg": {
    "precision": 0.5606913183279743,
    "recall": 0.5577768892443022,
    "f1-score": 0.5592303066746843,
    "support": 2501.0
  },
  "macro avg": {
    "precision": 0.19636541381048175,
    "recall": 0.44356713122183855,
    "f1-score": 0.19762172494185762,
    "support": 2501.0
  },
  "weighted avg": {
    "precision": 0.8812003186110595,
    "recall": 0.5577768892443022,
    "f1-score": 0.6595270153645135,
    "support": 2501.0
  }
}