{
  "positive": {
    "precision": 0.26939970717423134,
    "recall": 0.8888888888888888,
    "f1-score": 0.4134831460674157,
    "support": 207.0
  },
  "negative": {
    "precision": 0.4946070878274268,
    "recall": 0.7925925925925926,
    "f1-score": 0.6091081593927894,
    "support": 405.0
  },
  "neutral": {
    "precision": 0.9422413793103448,
    "recall": 0.5786130227633669,
    "f1-score": 0.7169563791407019,
    "support": 1889.0
  },
  "micro avg": {
    "precision": 0.6412520064205457,
    "recall": 0.6389444222311076,
    "f1-score": 0.6400961345884238,
    "support": 2501.0
  },
  "macro avg": {
    "precision": 0.5687493914373344,
    "recall": 0.7533648347482829,
    "f1-score": 0.5798492282003024,
    "support": 2501.0
  },
  "weighted avg": {
    "precision": 0.814064604347227,
    "recall": 0.6389444222311076,
    "f1-score": 0.674374416628077,
    "support": 2501.0
  }
}