{
  "happiness": {
    "precision": 0.09905660377358491,
    "recall": 0.84,
    "f1-score": 0.17721518987341772,
    "support": 50.0
  },
  "anger": {
    "precision": 0.12140575079872204,
    "recall": 0.8085106382978723,
    "f1-score": 0.2111111111111111,
    "support": 47.0
  },
  "disgust": {
    "precision": 0.15217391304347827,
    "recall": 0.10294117647058823,
    "f1-score": 0.12280701754385964,
    "support": 68.0
  },
  "fear": {
    "precision": 0.0896551724137931,
    "recall": 0.5,
    "f1-score": 0.15204678362573099,
    "support": 26.0
  },
  "sadness": {
    "precision": 0.012875536480686695,
    "recall": 0.5,
    "f1-score": 0.02510460251046025,
    "support": 6.0
  },
  "surprise": {
    "precision": 0.04093567251461988,
    "recall": 0.3559322033898305,
    "f1-score": 0.07342657342657342,
    "support": 59.0
  },
  "other": {
    "precision": 0.9739583333333334,
    "recall": 0.08329621380846325,
    "f1-score": 0.15346737792367665,
    "support": 2245.0
  },
  "micro avg": {
    "precision": 0.16666666666666666,
    "recall": 0.12435025989604158,
    "f1-score": 0.14243187542935654,
    "support": 2501.0
  },
  "macro avg": {
    "precision": 0.2128658546226026,
    "recall": 0.4558114617095363,
    "f1-score": 0.1307398080021185,
    "support": 2501.0
  },
  "weighted avg": {
    "precision": 0.884592833777095,
    "recall": 0.12435025989604158,
    "f1-score": 0.15198086132308247,
    "support": 2501.0
  }
}