{
  "positive": {
    "precision": 0.22786458333333334,
    "recall": 0.8454106280193237,
    "f1-score": 0.358974358974359,
    "support": 207.0
  },
  "negative": {
    "precision": 0.5154320987654321,
    "recall": 0.8246913580246914,
    "f1-score": 0.6343779677113011,
    "support": 405.0
  },
  "neutral": {
    "precision": 0.9402834008097166,
    "recall": 0.4917946003176284,
    "f1-score": 0.6458116093152589,
    "support": 1889.0
  },
  "micro avg": {
    "precision": 0.5981697171381032,
    "recall": 0.5749700119952019,
    "f1-score": 0.5863404689092763,
    "support": 2501.0
  },
  "macro avg": {
    "precision": 0.561193360969494,
    "recall": 0.7206321954538812,
    "f1-score": 0.546387978666973,
    "support": 2501.0
  },
  "weighted avg": {
    "precision": 0.8125203170250119,
    "recall": 0.5749700119952019,
    "f1-score": 0.6202194719021565,
    "support": 2501.0
  }
}