{
  "happiness": {
    "precision": 0.09443099273607748,
    "recall": 0.78,
    "f1-score": 0.16846652267818574,
    "support": 50.0
  },
  "anger": {
    "precision": 0.14652014652014653,
    "recall": 0.851063829787234,
    "f1-score": 0.25,
    "support": 47.0
  },
  "disgust": {
    "precision": 0.11904761904761904,
    "recall": 0.07352941176470588,
    "f1-score": 0.09090909090909091,
    "support": 68.0
  },
  "fear": {
    "precision": 0.0641025641025641,
    "recall": 0.38461538461538464,
    "f1-score": 0.10989010989010989,
    "support": 26.0
  },
  "sadness": {
    "precision": 0.014778325123152709,
    "recall": 0.5,
    "f1-score": 0.028708133971291867,
    "support": 6.0
  },
  "surprise": {
    "precision": 0.05011389521640091,
    "recall": 0.3728813559322034,
    "f1-score": 0.08835341365461848,
    "support": 59.0
  },
  "other": {
    "precision": 0.9771863117870723,
    "recall": 0.11447661469933185,
    "f1-score": 0.20494417862838915,
    "support": 2245.0
  },
  "micro avg": {
    "precision": 0.2101732811626607,
    "recall": 0.15033986405437824,
    "f1-score": 0.17529137529137528,
    "support": 2501.0
  },
  "macro avg": {
    "precision": 0.20945426493329045,
    "recall": 0.4395095138284085,
    "f1-score": 0.13446734996166945,
    "support": 2501.0
  },
  "weighted avg": {
    "precision": 0.8869246545444379,
    "recall": 0.15033986405437824,
    "f1-score": 0.1977997074782304,
    "support": 2501.0
  }
}