{
  "positive": {
    "precision": 0.22550335570469798,
    "recall": 0.8115942028985508,
    "f1-score": 0.35294117647058826,
    "support": 207.0
  },
  "negative": {
    "precision": 0.5223642172523961,
    "recall": 0.8074074074074075,
    "f1-score": 0.6343355965082444,
    "support": 405.0
  },
  "neutral": {
    "precision": 0.9424083769633508,
    "recall": 0.4764425622022234,
    "f1-score": 0.6329113924050633,
    "support": 1889.0
  },
  "micro avg": {
    "precision": 0.5997420464316423,
    "recall": 0.5577768892443022,
    "f1-score": 0.5779987569919205,
    "support": 2501.0
  },
  "macro avg": {
    "precision": 0.5634253166401483,
    "recall": 0.6984813908360605,
    "f1-score": 0.540062721794632,
    "support": 2501.0
  },
  "weighted avg": {
    "precision": 0.8150524297088615,
    "recall": 0.5577768892443022,
    "f1-score": 0.6099697562448683,
    "support": 2501.0
  }
}