{
  "happiness": {
    "precision": 0.18404907975460122,
    "recall": 0.6,
    "f1-score": 0.28169014084507044,
    "support": 50.0
  },
  "anger": {
    "precision": 0.12979351032448377,
    "recall": 0.9361702127659575,
    "f1-score": 0.22797927461139897,
    "support": 47.0
  },
  "disgust": {
    "precision": 0.046511627906976744,
    "recall": 0.029411764705882353,
    "f1-score": 0.036036036036036036,
    "support": 68.0
  },
  "fear": {
    "precision": 0.05660377358490566,
    "recall": 0.46153846153846156,
    "f1-score": 0.10084033613445378,
    "support": 26.0
  },
  "sadness": {
    "precision": 0.03225806451612903,
    "recall": 0.3333333333333333,
    "f1-score": 0.058823529411764705,
    "support": 6.0
  },
  "surprise": {
    "precision": 0.03640040444893832,
    "recall": 0.6101694915254238,
    "f1-score": 0.06870229007633588,
    "support": 59.0
  },
  "other": {
    "precision": 0.9568965517241379,
    "recall": 0.1977728285077951,
    "f1-score": 0.327796234772979,
    "support": 2245.0
  },
  "micro avg": {
    "precision": 0.25088028169014087,
    "recall": 0.22790883646541382,
    "f1-score": 0.23884349465744814,
    "support": 2501.0
  },
  "macro avg": {
    "precision": 0.20607328746573894,
    "recall": 0.45262801319669344,
    "f1-score": 0.15740969169829125,
    "support": 2501.0
  },
  "weighted avg": {
    "precision": 0.867857324531842,
    "recall": 0.22790883646541382,
    "f1-score": 0.30794912254907947,
    "support": 2501.0
  }
}