{
  "positive": {
    "precision": 0.19037433155080213,
    "recall": 0.8599033816425121,
    "f1-score": 0.3117338003502627,
    "support": 207.0
  },
  "negative": {
    "precision": 0.47147147147147145,
    "recall": 0.7753086419753087,
    "f1-score": 0.5863678804855276,
    "support": 405.0
  },
  "neutral": {
    "precision": 0.9107373868046572,
    "recall": 0.3726839597670725,
    "f1-score": 0.5289256198347108,
    "support": 1889.0
  },
  "micro avg": {
    "precision": 0.5037910699241785,
    "recall": 0.47820871651339464,
    "f1-score": 0.49066666666666664,
    "support": 2501.0
  },
  "macro avg": {
    "precision": 0.5241943966089769,
    "recall": 0.6692986611282977,
    "f1-score": 0.475675766890167,
    "support": 2501.0
  },
  "weighted avg": {
    "precision": 0.7799825494805915,
    "recall": 0.47820871651339464,
    "f1-score": 0.5202512531535033,
    "support": 2501.0
  }
}