{
  "happiness": {
    "precision": 0.058091286307053944,
    "recall": 0.84,
    "f1-score": 0.10866752910737387,
    "support": 50.0
  },
  "anger": {
    "precision": 0.11748633879781421,
    "recall": 0.9148936170212766,
    "f1-score": 0.20823244552058112,
    "support": 47.0
  },
  "disgust": {
    "precision": 0.06451612903225806,
    "recall": 0.029411764705882353,
    "f1-score": 0.04040404040404041,
    "support": 68.0
  },
  "fear": {
    "precision": 0.07751937984496124,
    "recall": 0.38461538461538464,
    "f1-score": 0.12903225806451613,
    "support": 26.0
  },
  "sadness": {
    "precision": 0.01948051948051948,
    "recall": 0.5,
    "f1-score": 0.0375,
    "support": 6.0
  },
  "surprise": {
    "precision": 0.05897435897435897,
    "recall": 0.3898305084745763,
    "f1-score": 0.10244988864142539,
    "support": 59.0
  },
  "other": {
    "precision": 0.9676923076923077,
    "recall": 0.28017817371937637,
    "f1-score": 0.43454231433506046,
    "support": 2245.0
  },
  "micro avg": {
    "precision": 0.307818256242325,
    "recall": 0.3006797281087565,
    "f1-score": 0.3042071197411003,
    "support": 2501.0
  },
  "macro avg": {
    "precision": 0.19482290287561052,
    "recall": 0.47698992121949946,
    "f1-score": 0.15154692515328533,
    "support": 2501.0
  },
  "weighted avg": {
    "precision": 0.8760074466032042,
    "recall": 0.3006797281087564,
    "f1-score": 0.4010954234162507,
    "support": 2501.0
  }
}