{
  "positive": {
    "precision": 0.23020706455542023,
    "recall": 0.9130434782608695,
    "f1-score": 0.36770428015564205,
    "support": 207.0
  },
  "negative": {
    "precision": 0.5096296296296297,
    "recall": 0.8493827160493828,
    "f1-score": 0.6370370370370371,
    "support": 405.0
  },
  "neutral": {
    "precision": 0.9496475327291037,
    "recall": 0.49920592906299627,
    "f1-score": 0.6544066620402498,
    "support": 1889.0
  },
  "micro avg": {
    "precision": 0.5930092406588992,
    "recall": 0.5901639344262295,
    "f1-score": 0.5915831663326653,
    "support": 2501.0
  },
  "macro avg": {
    "precision": 0.5631614089713844,
    "recall": 0.7538773744577495,
    "f1-score": 0.5530493264109763,
    "support": 2501.0
  },
  "weighted avg": {
    "precision": 0.8188472817625946,
    "recall": 0.5901639344262295,
    "f1-score": 0.6278644424575169,
    "support": 2501.0
  }
}