{
  "happiness": {
    "precision": 0.06687898089171974,
    "recall": 0.84,
    "f1-score": 0.12389380530973451,
    "support": 50.0
  },
  "anger": {
    "precision": 0.11813186813186813,
    "recall": 0.9148936170212766,
    "f1-score": 0.20924574209245742,
    "support": 47.0
  },
  "disgust": {
    "precision": 0.02631578947368421,
    "recall": 0.014705882352941176,
    "f1-score": 0.018867924528301886,
    "support": 68.0
  },
  "fear": {
    "precision": 0.047619047619047616,
    "recall": 0.23076923076923078,
    "f1-score": 0.07894736842105263,
    "support": 26.0
  },
  "sadness": {
    "precision": 0.020202020202020204,
    "recall": 0.3333333333333333,
    "f1-score": 0.0380952380952381,
    "support": 6.0
  },
  "surprise": {
    "precision": 0.06108597285067873,
    "recall": 0.4576271186440678,
    "f1-score": 0.10778443113772455,
    "support": 59.0
  },
  "other": {
    "precision": 0.9738805970149254,
    "recall": 0.23251670378619155,
    "f1-score": 0.37540453074433655,
    "support": 2245.0
  },
  "micro avg": {
    "precision": 0.2879534258844604,
    "recall": 0.25709716113554576,
    "f1-score": 0.27165188001689905,
    "support": 2501.0
  },
  "macro avg": {
    "precision": 0.1877306108834206,
    "recall": 0.4319779837010059,
    "f1-score": 0.13603414861840651,
    "support": 2501.0
  },
  "weighted avg": {
    "precision": 0.8804521953566569,
    "recall": 0.25709716113554576,
    "f1-score": 0.3473554238214462,
    "support": 2501.0
  }
}