{
  "positive": {
    "precision": 0.22601010101010102,
    "recall": 0.8647342995169082,
    "f1-score": 0.35835835835835833,
    "support": 207.0
  },
  "negative": {
    "precision": 0.4977645305514158,
    "recall": 0.8246913580246914,
    "f1-score": 0.620817843866171,
    "support": 405.0
  },
  "neutral": {
    "precision": 0.949738219895288,
    "recall": 0.48014822657490736,
    "f1-score": 0.6378340365682138,
    "support": 1889.0
  },
  "micro avg": {
    "precision": 0.587262200165426,
    "recall": 0.5677728908436626,
    "f1-score": 0.577353120552958,
    "support": 2501.0
  },
  "macro avg": {
    "precision": 0.5578376171522682,
    "recall": 0.7231912947055023,
    "f1-score": 0.5390034129309144,
    "support": 2501.0
  },
  "weighted avg": {
    "precision": 0.8166470304536637,
    "recall": 0.5677728908436626,
    "f1-score": 0.6119471819365595,
    "support": 2501.0
  }
}