{
  "happiness": {
    "precision": 0.14330218068535824,
    "recall": 0.92,
    "f1-score": 0.24797843665768193,
    "support": 50.0
  },
  "anger": {
    "precision": 0.08424908424908426,
    "recall": 0.9787234042553191,
    "f1-score": 0.1551433389544688,
    "support": 47.0
  },
  "disgust": {
    "precision": 0.06666666666666667,
    "recall": 0.014705882352941176,
    "f1-score": 0.024096385542168676,
    "support": 68.0
  },
  "fear": {
    "precision": 0.05,
    "recall": 0.11538461538461539,
    "f1-score": 0.06976744186046512,
    "support": 26.0
  },
  "sadness": {
    "precision": 0.06666666666666667,
    "recall": 0.3333333333333333,
    "f1-score": 0.1111111111111111,
    "support": 6.0
  },
  "surprise": {
    "precision": 0.07692307692307693,
    "recall": 0.11864406779661017,
    "f1-score": 0.09333333333333334,
    "support": 59.0
  },
  "other": {
    "precision": 0.979050279329609,
    "recall": 0.6244988864142539,
    "f1-score": 0.7625781887408213,
    "support": 2245.0
  },
  "micro avg": {
    "precision": 0.6040080160320641,
    "recall": 0.6025589764094362,
    "f1-score": 0.6032826261008807,
    "support": 2501.0
  },
  "macro avg": {
    "precision": 0.20955113636006595,
    "recall": 0.4436128842195819,
    "f1-score": 0.20914403374286433,
    "support": 2501.0
  },
  "weighted avg": {
    "precision": 0.8875907588807445,
    "recall": 0.6025589764094362,
    "f1-score": 0.6962433160837509,
    "support": 2501.0
  }
}