{
  "positive": {
    "precision": 0.30413223140495865,
    "recall": 0.8888888888888888,
    "f1-score": 0.45320197044334976,
    "support": 207.0
  },
  "negative": {
    "precision": 0.49538461538461537,
    "recall": 0.7950617283950617,
    "f1-score": 0.6104265402843602,
    "support": 405.0
  },
  "neutral": {
    "precision": 0.9459677419354838,
    "recall": 0.6209634727368978,
    "f1-score": 0.7497603068072867,
    "support": 1889.0
  },
  "micro avg": {
    "precision": 0.6729458917835671,
    "recall": 0.6713314674130347,
    "f1-score": 0.6721377101681345,
    "support": 2501.0
  },
  "macro avg": {
    "precision": 0.5818281962416859,
    "recall": 0.7683046966736161,
    "f1-score": 0.6044629391783322,
    "support": 2501.0
  },
  "weighted avg": {
    "precision": 0.819879730366943,
    "recall": 0.6713314674130347,
    "f1-score": 0.7026520496824885,
    "support": 2501.0
  }
}