{
  "happiness": {
    "precision": 0.14285714285714285,
    "recall": 0.02,
    "f1-score": 0.03508771929824561,
    "support": 50.0
  },
  "anger": {
    "precision": 0.15483870967741936,
    "recall": 0.5106382978723404,
    "f1-score": 0.2376237623762376,
    "support": 47.0
  },
  "disgust": {
    "precision": 0.09090909090909091,
    "recall": 0.11764705882352941,
    "f1-score": 0.10256410256410256,
    "support": 68.0
  },
  "fear": {
    "precision": 0.19047619047619047,
    "recall": 0.15384615384615385,
    "f1-score": 0.1702127659574468,
    "support": 26.0
  },
  "sadness": {
    "precision": 0.04,
    "recall": 0.16666666666666666,
    "f1-score": 0.06451612903225806,
    "support": 6.0
  },
  "surprise": {
    "precision": 0.02655440414507772,
    "recall": 0.6949152542372882,
    "f1-score": 0.051154086088583905,
    "support": 59.0
  },
  "other": {
    "precision": 0.9525862068965517,
    "recall": 0.09844097995545657,
    "f1-score": 0.17844166330238193,
    "support": 2245.0
  },
  "micro avg": {
    "precision": 0.14478764478764478,
    "recall": 0.11995201919232307,
    "f1-score": 0.1312048983162038,
    "support": 2501.0
  },
  "macro avg": {
    "precision": 0.2283173921373533,
    "recall": 0.2517363444859193,
    "f1-score": 0.11994288980275093,
    "support": 2501.0
  },
  "weighted avg": {
    "precision": 0.8660204797917685,
    "recall": 0.11995201919232307,
    "f1-score": 0.17126322097285704,
    "support": 2501.0
  }
}