{
  "positive": {
    "precision": 0.12545587162654998,
    "recall": 0.8309178743961353,
    "f1-score": 0.21799746514575413,
    "support": 207.0
  },
  "negative": {
    "precision": 0.5028409090909091,
    "recall": 0.43703703703703706,
    "f1-score": 0.4676354029062087,
    "support": 405.0
  },
  "neutral": {
    "precision": 0.8616352201257862,
    "recall": 0.21757543673901536,
    "f1-score": 0.3474218089602705,
    "support": 1889.0
  },
  "micro avg": {
    "precision": 0.34545454545454546,
    "recall": 0.3038784486205518,
    "f1-score": 0.3233354605403106,
    "support": 2501.0
  },
  "macro avg": {
    "precision": 0.49664400028108174,
    "recall": 0.49517678272406257,
    "f1-score": 0.34435155900407777,
    "support": 2501.0
  },
  "weighted avg": {
    "precision": 0.7426025047685422,
    "recall": 0.3038784486205518,
    "f1-score": 0.35617657360581234,
    "support": 2501.0
  }
}