{
  "happiness": {
    "precision": 0.09799554565701558,
    "recall": 0.88,
    "f1-score": 0.17635270541082165,
    "support": 50.0
  },
  "anger": {
    "precision": 0.12285714285714286,
    "recall": 0.9148936170212766,
    "f1-score": 0.21662468513853905,
    "support": 47.0
  },
  "disgust": {
    "precision": 0.16666666666666666,
    "recall": 0.07352941176470588,
    "f1-score": 0.10204081632653061,
    "support": 68.0
  },
  "fear": {
    "precision": 0.07377049180327869,
    "recall": 0.34615384615384615,
    "f1-score": 0.12162162162162163,
    "support": 26.0
  },
  "sadness": {
    "precision": 0.012195121951219513,
    "recall": 0.3333333333333333,
    "f1-score": 0.023529411764705882,
    "support": 6.0
  },
  "surprise": {
    "precision": 0.06896551724137931,
    "recall": 0.4067796610169492,
    "f1-score": 0.11793611793611794,
    "support": 59.0
  },
  "other": {
    "precision": 0.9727891156462585,
    "recall": 0.12739420935412027,
    "f1-score": 0.22528554549035054,
    "support": 2245.0
  },
  "micro avg": {
    "precision": 0.2350597609561753,
    "recall": 0.16513394642143142,
    "f1-score": 0.19398778769375294,
    "support": 2501.0
  },
  "macro avg": {
    "precision": 0.216462800260423,
    "recall": 0.44029772552060453,
    "f1-score": 0.14048441481266963,
    "support": 2501.0
  },
  "weighted avg": {
    "precision": 0.8844378768461232,
    "recall": 0.16513394642143142,
    "f1-score": 0.2166994762891143,
    "support": 2501.0
  }
}