{
  "positive": {
    "precision": 0.22277227722772278,
    "recall": 0.8695652173913043,
    "f1-score": 0.35467980295566504,
    "support": 207.0
  },
  "negative": {
    "precision": 0.5083713850837138,
    "recall": 0.8246913580246914,
    "f1-score": 0.6290018832391714,
    "support": 405.0
  },
  "neutral": {
    "precision": 0.9410548086866598,
    "recall": 0.48173636844891476,
    "f1-score": 0.6372549019607843,
    "support": 1889.0
  },
  "micro avg": {
    "precision": 0.5855263157894737,
    "recall": 0.5693722510995601,
    "f1-score": 0.5773363065071965,
    "support": 2501.0
  },
  "macro avg": {
    "precision": 0.5573994903326988,
    "recall": 0.7253309812883035,
    "f1-score": 0.5403121960518735,
    "support": 2501.0
  },
  "weighted avg": {
    "precision": 0.8115381071388017,
    "recall": 0.5693722510995601,
    "f1-score": 0.6125305844572605,
    "support": 2501.0
  }
}