{
  "happiness": {
    "precision": 0.15789473684210525,
    "recall": 0.9,
    "f1-score": 0.26865671641791045,
    "support": 50.0
  },
  "anger": {
    "precision": 0.08455882352941177,
    "recall": 0.9787234042553191,
    "f1-score": 0.155668358714044,
    "support": 47.0
  },
  "disgust": {
    "precision": 0.125,
    "recall": 0.014705882352941176,
    "f1-score": 0.02631578947368421,
    "support": 68.0
  },
  "fear": {
    "precision": 0.1,
    "recall": 0.19230769230769232,
    "f1-score": 0.13157894736842105,
    "support": 26.0
  },
  "sadness": {
    "precision": 0.06666666666666667,
    "recall": 0.3333333333333333,
    "f1-score": 0.1111111111111111,
    "support": 6.0
  },
  "surprise": {
    "precision": 0.16666666666666666,
    "recall": 0.22033898305084745,
    "f1-score": 0.1897810218978102,
    "support": 59.0
  },
  "other": {
    "precision": 0.9827357237715804,
    "recall": 0.6592427616926503,
    "f1-score": 0.7891229005598507,
    "support": 2245.0
  },
  "accuracy": 0.6365453818472611,
  "macro avg": {
    "precision": 0.2405032310680615,
    "recall": 0.4712360081418262,
    "f1-score": 0.23889069222040454,
    "support": 2501.0
  },
  "weighted avg": {
    "precision": 0.8954194461209591,
    "recall": 0.636545381847261,
    "f1-score": 0.7234723845308866,
    "support": 2501.0
  }
}