{
  "positive": {
    "precision": 0.3395872420262664,
    "recall": 0.8743961352657005,
    "f1-score": 0.4891891891891892,
    "support": 207.0
  },
  "negative": {
    "precision": 0.5046583850931677,
    "recall": 0.8024691358024691,
    "f1-score": 0.6196377502383222,
    "support": 405.0
  },
  "neutral": {
    "precision": 0.9478851963746223,
    "recall": 0.6643726839597671,
    "f1-score": 0.7812013694366635,
    "support": 1889.0
  },
  "accuracy": 0.7041183526589364,
  "macro avg": {
    "precision": 0.5973769411646854,
    "recall": 0.780412651675979,
    "f1-score": 0.6300094362880583,
    "support": 2501.0
  },
  "weighted avg": {
    "precision": 0.8257642307132474,
    "recall": 0.7041183526589364,
    "f1-score": 0.73086958731489,
    "support": 2501.0
  }
}