{
  "happiness": {
    "precision": 0.15517241379310345,
    "recall": 0.9,
    "f1-score": 0.2647058823529412,
    "support": 50.0
  },
  "anger": {
    "precision": 0.08243727598566308,
    "recall": 0.9787234042553191,
    "f1-score": 0.15206611570247933,
    "support": 47.0
  },
  "disgust": {
    "precision": 0.08333333333333333,
    "recall": 0.014705882352941176,
    "f1-score": 0.025,
    "support": 68.0
  },
  "fear": {
    "precision": 0.10416666666666667,
    "recall": 0.19230769230769232,
    "f1-score": 0.13513513513513514,
    "support": 26.0
  },
  "sadness": {
    "precision": 0.06666666666666667,
    "recall": 0.3333333333333333,
    "f1-score": 0.1111111111111111,
    "support": 6.0
  },
  "surprise": {
    "precision": 0.16049382716049382,
    "recall": 0.22033898305084745,
    "f1-score": 0.18571428571428572,
    "support": 59.0
  },
  "other": {
    "precision": 0.9837288135593221,
    "recall": 0.6463251670378619,
    "f1-score": 0.7801075268817205,
    "support": 2245.0
  },
  "micro avg": {
    "precision": 0.6267040898155574,
    "recall": 0.6249500199920032,
    "f1-score": 0.6258258258258258,
    "support": 2501.0
  },
  "macro avg": {
    "precision": 0.23371414245217845,
    "recall": 0.46939063747685644,
    "f1-score": 0.23626286527109613,
    "support": 2501.0
  },
  "weighted avg": {
    "precision": 0.8949814053994917,
    "recall": 0.6249500199920032,
    "f1-score": 0.7151383936195319,
    "support": 2501.0
  }
}