{
  "positive": {
    "precision": 0.33212341197822143,
    "recall": 0.8840579710144928,
    "f1-score": 0.48284960422163586,
    "support": 207.0
  },
  "negative": {
    "precision": 0.5030769230769231,
    "recall": 0.8074074074074075,
    "f1-score": 0.6199052132701421,
    "support": 405.0
  },
  "neutral": {
    "precision": 0.9514263685427911,
    "recall": 0.6532556908417152,
    "f1-score": 0.7746390458254865,
    "support": 1889.0
  },
  "micro avg": {
    "precision": 0.6981585268214572,
    "recall": 0.6973210715713715,
    "f1-score": 0.6977395479095819,
    "support": 2501.0
  },
  "macro avg": {
    "precision": 0.5955422345326452,
    "recall": 0.7815736897545386,
    "f1-score": 0.6257979544390881,
    "support": 2501.0
  },
  "weighted avg": {
    "precision": 0.8275650181139456,
    "recall": 0.6973210715713715,
    "f1-score": 0.7254316821321992,
    "support": 2501.0
  }
}