{
  "happiness": {
    "precision": 0.12883435582822086,
    "recall": 0.84,
    "f1-score": 0.22340425531914893,
    "support": 50.0
  },
  "anger": {
    "precision": 0.0856610800744879,
    "recall": 0.9787234042553191,
    "f1-score": 0.15753424657534246,
    "support": 47.0
  },
  "disgust": {
    "precision": 0.07692307692307693,
    "recall": 0.014705882352941176,
    "f1-score": 0.024691358024691357,
    "support": 68.0
  },
  "fear": {
    "precision": 0.078125,
    "recall": 0.19230769230769232,
    "f1-score": 0.1111111111111111,
    "support": 26.0
  },
  "sadness": {
    "precision": 0.03333333333333333,
    "recall": 0.16666666666666666,
    "f1-score": 0.05555555555555555,
    "support": 6.0
  },
  "surprise": {
    "precision": 0.10185185185185185,
    "recall": 0.1864406779661017,
    "f1-score": 0.1317365269461078,
    "support": 59.0
  },
  "other": {
    "precision": 0.98274622573688,
    "recall": 0.6089086859688196,
    "f1-score": 0.7519251925192519,
    "support": 2245.0
  },
  "micro avg": {
    "precision": 0.5965978128797084,
    "recall": 0.5889644142343062,
    "f1-score": 0.5927565392354125,
    "support": 2501.0
  },
  "macro avg": {
    "precision": 0.2124964176782644,
    "recall": 0.42682185850250576,
    "f1-score": 0.20799403515017276,
    "support": 2501.0
  },
  "weighted avg": {
    "precision": 0.8917250475106903,
    "recall": 0.5889644142343062,
    "f1-score": 0.6874530464687888,
    "support": 2501.0
  }
}