{
  "positive": {
    "precision": 0.2981574539363484,
    "recall": 0.8599033816425121,
    "f1-score": 0.4427860696517413,
    "support": 207.0
  },
  "negative": {
    "precision": 0.49691358024691357,
    "recall": 0.7950617283950617,
    "f1-score": 0.6115859449192782,
    "support": 405.0
  },
  "neutral": {
    "precision": 0.939935064935065,
    "recall": 0.6130227633668608,
    "f1-score": 0.7420698494072413,
    "support": 1889.0
  },
  "micro avg": {
    "precision": 0.6693580944691159,
    "recall": 0.6629348260695722,
    "f1-score": 0.6661309762957011,
    "support": 2501.0
  },
  "macro avg": {
    "precision": 0.5783353663727756,
    "recall": 0.7559959578014782,
    "f1-score": 0.5988139546594202,
    "support": 2501.0
  },
  "weighted avg": {
    "precision": 0.8150763417141791,
    "recall": 0.6629348260695722,
    "f1-score": 0.6961691202081155,
    "support": 2501.0
  }
}