{
  "happiness": {
    "precision": 0.20915032679738563,
    "recall": 0.64,
    "f1-score": 0.31527093596059114,
    "support": 50.0
  },
  "anger": {
    "precision": 0.1264705882352941,
    "recall": 0.9148936170212766,
    "f1-score": 0.2222222222222222,
    "support": 47.0
  },
  "disgust": {
    "precision": 0.09090909090909091,
    "recall": 0.058823529411764705,
    "f1-score": 0.07142857142857142,
    "support": 68.0
  },
  "fear": {
    "precision": 0.05701754385964912,
    "recall": 0.5,
    "f1-score": 0.10236220472440945,
    "support": 26.0
  },
  "sadness": {
    "precision": 0.029411764705882353,
    "recall": 0.3333333333333333,
    "f1-score": 0.05405405405405406,
    "support": 6.0
  },
  "surprise": {
    "precision": 0.03581800580832527,
    "recall": 0.6271186440677966,
    "f1-score": 0.06776556776556776,
    "support": 59.0
  },
  "other": {
    "precision": 0.9746835443037974,
    "recall": 0.20579064587973275,
    "f1-score": 0.3398308201544685,
    "support": 2245.0
  },
  "micro avg": {
    "precision": 0.2534188034188034,
    "recall": 0.23710515793682527,
    "f1-score": 0.24499070439991738,
    "support": 2501.0
  },
  "macro avg": {
    "precision": 0.21763726637420358,
    "recall": 0.46856568138770055,
    "f1-score": 0.16756205375855493,
    "support": 2501.0
  },
  "weighted avg": {
    "precision": 0.8854538977217309,
    "recall": 0.23710515793682527,
    "f1-score": 0.32025959036054624,
    "support": 2501.0
  }
}