{
  "positive": {
    "precision": 0.1884498480243161,
    "recall": 0.8985507246376812,
    "f1-score": 0.31155778894472363,
    "support": 207.0
  },
  "negative": {
    "precision": 0.48120300751879697,
    "recall": 0.7901234567901234,
    "f1-score": 0.5981308411214953,
    "support": 405.0
  },
  "neutral": {
    "precision": 0.8958630527817404,
    "recall": 0.3324510322922181,
    "f1-score": 0.48494208494208496,
    "support": 1889.0
  },
  "micro avg": {
    "precision": 0.4819379515512112,
    "recall": 0.4534186325469812,
    "f1-score": 0.4672435105067985,
    "support": 2501.0
  },
  "macro avg": {
    "precision": 0.5218386361082845,
    "recall": 0.6737084045733409,
    "f1-score": 0.46487690500276796,
    "support": 2501.0
  },
  "weighted avg": {
    "precision": 0.7701645914797496,
    "recall": 0.4534186325469812,
    "f1-score": 0.48892085222765364,
    "support": 2501.0
  }
}