{
  "happiness": {
    "precision": 0.06303724928366762,
    "recall": 0.88,
    "f1-score": 0.11764705882352941,
    "support": 50.0
  },
  "anger": {
    "precision": 0.11764705882352941,
    "recall": 0.8936170212765957,
    "f1-score": 0.2079207920792079,
    "support": 47.0
  },
  "disgust": {
    "precision": 0.15151515151515152,
    "recall": 0.07352941176470588,
    "f1-score": 0.09900990099009901,
    "support": 68.0
  },
  "fear": {
    "precision": 0.07377049180327869,
    "recall": 0.34615384615384615,
    "f1-score": 0.12162162162162163,
    "support": 26.0
  },
  "sadness": {
    "precision": 0.012422360248447204,
    "recall": 0.3333333333333333,
    "f1-score": 0.023952095808383235,
    "support": 6.0
  },
  "surprise": {
    "precision": 0.0708215297450425,
    "recall": 0.423728813559322,
    "f1-score": 0.12135922330097088,
    "support": 59.0
  },
  "other": {
    "precision": 0.9721577726218097,
    "recall": 0.1866369710467706,
    "f1-score": 0.3131539611360239,
    "support": 2245.0
  },
  "micro avg": {
    "precision": 0.2533642691415313,
    "recall": 0.21831267493002798,
    "f1-score": 0.2345360824742268,
    "support": 2501.0
  },
  "macro avg": {
    "precision": 0.20876737343441812,
    "recall": 0.44814277101922484,
    "f1-score": 0.14352352196569082,
    "support": 2501.0
  },
  "weighted avg": {
    "precision": 0.8827067338149602,
    "recall": 0.21831267493002798,
    "f1-score": 0.2942359116746779,
    "support": 2501.0
  }
}