{
  "positive": {
    "precision": 0.2249690976514215,
    "recall": 0.8792270531400966,
    "f1-score": 0.35826771653543305,
    "support": 207.0
  },
  "negative": {
    "precision": 0.5068078668683812,
    "recall": 0.8271604938271605,
    "f1-score": 0.6285178236397748,
    "support": 405.0
  },
  "neutral": {
    "precision": 0.941717791411043,
    "recall": 0.4875595553202753,
    "f1-score": 0.6424834321590512,
    "support": 1889.0
  },
  "micro avg": {
    "precision": 0.5874183006535948,
    "recall": 0.5749700119952019,
    "f1-score": 0.5811275005051526,
    "support": 2501.0
  },
  "macro avg": {
    "precision": 0.5578315853102819,
    "recall": 0.7313157007625107,
    "f1-score": 0.543089657444753,
    "support": 2501.0
  },
  "weighted avg": {
    "precision": 0.8119674919116349,
    "recall": 0.5749700119952019,
    "f1-score": 0.6166982563955983,
    "support": 2501.0
  }
}