{
  "happiness": {
    "precision": 0.1595744680851064,
    "recall": 0.9,
    "f1-score": 0.2710843373493976,
    "support": 50.0
  },
  "anger": {
    "precision": 0.08288288288288288,
    "recall": 0.9787234042553191,
    "f1-score": 0.15282392026578073,
    "support": 47.0
  },
  "disgust": {
    "precision": 0.1,
    "recall": 0.014705882352941176,
    "f1-score": 0.02564102564102564,
    "support": 68.0
  },
  "fear": {
    "precision": 0.10638297872340426,
    "recall": 0.19230769230769232,
    "f1-score": 0.136986301369863,
    "support": 26.0
  },
  "sadness": {
    "precision": 0.05714285714285714,
    "recall": 0.3333333333333333,
    "f1-score": 0.0975609756097561,
    "support": 6.0
  },
  "surprise": {
    "precision": 0.13043478260869565,
    "recall": 0.15254237288135594,
    "f1-score": 0.140625,
    "support": 59.0
  },
  "other": {
    "precision": 0.9813705921490352,
    "recall": 0.6570155902004454,
    "f1-score": 0.7870864461045891,
    "support": 2245.0
  },
  "accuracy": 0.6329468212714914,
  "macro avg": {
    "precision": 0.23111265165599734,
    "recall": 0.4612326107615839,
    "f1-score": 0.23025828662005887,
    "support": 2501.0
  },
  "weighted avg": {
    "precision": 0.8927051839415887,
    "recall": 0.6329468212714914,
    "f1-score": 0.7204852007427545,
    "support": 2501.0
  }
}