{
  "positive": {
    "precision": 0.3446969696969697,
    "recall": 0.8792270531400966,
    "f1-score": 0.49523809523809526,
    "support": 207.0
  },
  "negative": {
    "precision": 0.5054263565891473,
    "recall": 0.8049382716049382,
    "f1-score": 0.6209523809523809,
    "support": 405.0
  },
  "neutral": {
    "precision": 0.9503012048192772,
    "recall": 0.668078348332451,
    "f1-score": 0.7845819086105067,
    "support": 1889.0
  },
  "accuracy": 0.7077169132347061,
  "macro avg": {
    "precision": 0.6001415103684647,
    "recall": 0.7840812243591619,
    "f1-score": 0.633590794933661,
    "support": 2501.0
  },
  "weighted avg": {
    "precision": 0.8281363146939191,
    "recall": 0.7077169132347061,
    "f1-score": 0.7341364355718701,
    "support": 2501.0
  }
}