{
  "happiness": {
    "precision": 0.07198748043818466,
    "recall": 0.92,
    "f1-score": 0.13352685050798258,
    "support": 50.0
  },
  "anger": {
    "precision": 0.1271186440677966,
    "recall": 0.9574468085106383,
    "f1-score": 0.22443890274314215,
    "support": 47.0
  },
  "disgust": {
    "precision": 0.09433962264150944,
    "recall": 0.07352941176470588,
    "f1-score": 0.08264462809917356,
    "support": 68.0
  },
  "fear": {
    "precision": 0.060810810810810814,
    "recall": 0.34615384615384615,
    "f1-score": 0.10344827586206896,
    "support": 26.0
  },
  "sadness": {
    "precision": 0.011363636363636364,
    "recall": 0.16666666666666666,
    "f1-score": 0.02127659574468085,
    "support": 6.0
  },
  "surprise": {
    "precision": 0.057494866529774126,
    "recall": 0.4745762711864407,
    "f1-score": 0.10256410256410256,
    "support": 59.0
  },
  "other": {
    "precision": 0.974025974025974,
    "recall": 0.30066815144766146,
    "f1-score": 0.45949625595643295,
    "support": 2245.0
  },
  "micro avg": {
    "precision": 0.32859463850528026,
    "recall": 0.3234706117552979,
    "f1-score": 0.32601249244408625,
    "support": 2501.0
  },
  "macro avg": {
    "precision": 0.199591576411098,
    "recall": 0.4627201651042799,
    "f1-score": 0.1610565159253691,
    "support": 2501.0
  },
  "weighted avg": {
    "precision": 0.8827344327651139,
    "recall": 0.3234706117552979,
    "f1-score": 0.4251429416575076,
    "support": 2501.0
  }
}