{
  "positive": {
    "precision": 0.22971285892634208,
    "recall": 0.8888888888888888,
    "f1-score": 0.36507936507936506,
    "support": 207.0
  },
  "negative": {
    "precision": 0.5109489051094891,
    "recall": 0.8641975308641975,
    "f1-score": 0.6422018348623854,
    "support": 405.0
  },
  "neutral": {
    "precision": 0.9485148514851485,
    "recall": 0.5071466384330333,
    "f1-score": 0.6609175577785443,
    "support": 1889.0
  },
  "micro avg": {
    "precision": 0.5977564102564102,
    "recall": 0.59656137544982,
    "f1-score": 0.5971582949769861,
    "support": 2501.0
  },
  "macro avg": {
    "precision": 0.5630588718403265,
    "recall": 0.7534110193953731,
    "f1-score": 0.5560662525734316,
    "support": 2501.0
  },
  "weighted avg": {
    "precision": 0.8181645033276855,
    "recall": 0.59656137544982,
    "f1-score": 0.6334012148478068,
    "support": 2501.0
  }
}