{
  "happiness": {
    "precision": 0.14666666666666667,
    "recall": 0.88,
    "f1-score": 0.25142857142857145,
    "support": 50.0
  },
  "anger": {
    "precision": 0.08455882352941177,
    "recall": 0.9787234042553191,
    "f1-score": 0.155668358714044,
    "support": 47.0
  },
  "disgust": {
    "precision": 0.0,
    "recall": 0.0,
    "f1-score": 0.0,
    "support": 68.0
  },
  "fear": {
    "precision": 0.09375,
    "recall": 0.23076923076923078,
    "f1-score": 0.13333333333333333,
    "support": 26.0
  },
  "sadness": {
    "precision": 0.0625,
    "recall": 0.3333333333333333,
    "f1-score": 0.10526315789473684,
    "support": 6.0
  },
  "surprise": {
    "precision": 0.09090909090909091,
    "recall": 0.15254237288135594,
    "f1-score": 0.11392405063291139,
    "support": 59.0
  },
  "other": {
    "precision": 0.9800412938747419,
    "recall": 0.6342984409799555,
    "f1-score": 0.7701460248783126,
    "support": 2245.0
  },
  "micro avg": {
    "precision": 0.6124,
    "recall": 0.6121551379448221,
    "f1-score": 0.6122775444911018,
    "support": 2501.0
  },
  "macro avg": {
    "precision": 0.20834655356855875,
    "recall": 0.45852382603131353,
    "f1-score": 0.2185376424117014,
    "support": 2501.0
  },
  "weighted avg": {
    "precision": 0.8875155694328859,
    "recall": 0.6121551379448221,
    "f1-score": 0.7035927356594072,
    "support": 2501.0
  }
}