{
  "positive": {
    "precision": 0.3096446700507614,
    "recall": 0.8840579710144928,
    "f1-score": 0.45864661654135336,
    "support": 207.0
  },
  "negative": {
    "precision": 0.4954128440366973,
    "recall": 0.8,
    "f1-score": 0.6118980169971672,
    "support": 405.0
  },
  "neutral": {
    "precision": 0.9449760765550239,
    "recall": 0.6273160402329275,
    "f1-score": 0.7540566337893733,
    "support": 1889.0
  },
  "micro avg": {
    "precision": 0.6770708283313326,
    "recall": 0.6765293882447021,
    "f1-score": 0.6768,
    "support": 2501.0
  },
  "macro avg": {
    "precision": 0.5833445302141609,
    "recall": 0.7704580037491402,
    "f1-score": 0.6082004224426313,
    "support": 2501.0
  },
  "weighted avg": {
    "precision": 0.8195915462406278,
    "recall": 0.6765293882447021,
    "f1-score": 0.706585976703734,
    "support": 2501.0
  }
}