{
  "happiness": {
    "precision": 0.08379888268156424,
    "recall": 0.3,
    "f1-score": 0.13100436681222707,
    "support": 50.0
  },
  "anger": {
    "precision": 0.15546218487394958,
    "recall": 0.7872340425531915,
    "f1-score": 0.2596491228070175,
    "support": 47.0
  },
  "disgust": {
    "precision": 0.09090909090909091,
    "recall": 0.029411764705882353,
    "f1-score": 0.044444444444444446,
    "support": 68.0
  },
  "fear": {
    "precision": 0.043731778425655975,
    "recall": 0.5769230769230769,
    "f1-score": 0.08130081300813008,
    "support": 26.0
  },
  "sadness": {
    "precision": 0.0,
    "recall": 0.0,
    "f1-score": 0.0,
    "support": 6.0
  },
  "surprise": {
    "precision": 0.03234501347708895,
    "recall": 0.2033898305084746,
    "f1-score": 0.05581395348837209,
    "support": 59.0
  },
  "other": {
    "precision": 0.9504057709648331,
    "recall": 0.46948775055679287,
    "f1-score": 0.6285032796660703,
    "support": 2245.0
  },
  "micro avg": {
    "precision": 0.5006616674018527,
    "recall": 0.4538184726109556,
    "f1-score": 0.47609060402684567,
    "support": 2501.0
  },
  "macro avg": {
    "precision": 0.19380753161888326,
    "recall": 0.3380637807496311,
    "f1-score": 0.17153085431803738,
    "support": 2501.0
  },
  "weighted avg": {
    "precision": 0.8614093653959368,
    "recall": 0.4538184726109556,
    "f1-score": 0.5750390470128415,
    "support": 2501.0
  }
}