{
  "positive": {
    "precision": 0.1673052362707535,
    "recall": 0.6328502415458938,
    "f1-score": 0.26464646464646463,
    "support": 207.0
  },
  "negative": {
    "precision": 0.6321428571428571,
    "recall": 0.43703703703703706,
    "f1-score": 0.5167883211678832,
    "support": 405.0
  },
  "neutral": {
    "precision": 0.8377997179125529,
    "recall": 0.6289041821069349,
    "f1-score": 0.7184759600846689,
    "support": 1889.0
  },
  "micro avg": {
    "precision": 0.6029826682789198,
    "recall": 0.5981607357057177,
    "f1-score": 0.6005620232838218,
    "support": 2501.0
  },
  "macro avg": {
    "precision": 0.5457492704420545,
    "recall": 0.5662638202299553,
    "f1-score": 0.49997024863300554,
    "support": 2501.0
  },
  "weighted avg": {
    "precision": 0.7490018825220774,
    "recall": 0.5981607357057177,
    "f1-score": 0.6482535693141745,
    "support": 2501.0
  }
}