{
  "happiness": {
    "precision": 0.1323529411764706,
    "recall": 0.9,
    "f1-score": 0.23076923076923078,
    "support": 50.0
  },
  "anger": {
    "precision": 0.0856610800744879,
    "recall": 0.9787234042553191,
    "f1-score": 0.15753424657534246,
    "support": 47.0
  },
  "disgust": {
    "precision": 0.15384615384615385,
    "recall": 0.029411764705882353,
    "f1-score": 0.04938271604938271,
    "support": 68.0
  },
  "fear": {
    "precision": 0.07042253521126761,
    "recall": 0.19230769230769232,
    "f1-score": 0.10309278350515463,
    "support": 26.0
  },
  "sadness": {
    "precision": 0.027777777777777776,
    "recall": 0.16666666666666666,
    "f1-score": 0.047619047619047616,
    "support": 6.0
  },
  "surprise": {
    "precision": 0.1079136690647482,
    "recall": 0.2542372881355932,
    "f1-score": 0.15151515151515152,
    "support": 59.0
  },
  "other": {
    "precision": 0.9824175824175824,
    "recall": 0.5973273942093541,
    "f1-score": 0.7429362880886426,
    "support": 2245.0
  },
  "accuracy": 0.5817672930827669,
  "macro avg": {
    "precision": 0.2229131056526412,
    "recall": 0.4455248871829296,
    "f1-score": 0.21183563773170747,
    "support": 2501.0
  },
  "weighted avg": {
    "precision": 0.8936414585639005,
    "recall": 0.5817672930827669,
    "f1-score": 0.6805670064670555,
    "support": 2501.0
  }
}