{
  "positive": {
    "precision": 0.27218934911242604,
    "recall": 0.8888888888888888,
    "f1-score": 0.41676104190260477,
    "support": 207.0
  },
  "negative": {
    "precision": 0.48338368580060426,
    "recall": 0.7901234567901234,
    "f1-score": 0.5998125585754451,
    "support": 405.0
  },
  "neutral": {
    "precision": 0.942390369733448,
    "recall": 0.5802011646373743,
    "f1-score": 0.7182175622542595,
    "support": 1889.0
  },
  "accuracy": 0.6397441023590564,
  "macro avg": {
    "precision": 0.5659878015488261,
    "recall": 0.7530711701054621,
    "f1-score": 0.5782637209107698,
    "support": 2501.0
  },
  "weighted avg": {
    "precision": 0.8125905623518593,
    "recall": 0.6397441023590564,
    "f1-score": 0.6740930015974372,
    "support": 2501.0
  }
}