{
  "happiness": {
    "precision": 0.15813953488372093,
    "recall": 0.68,
    "f1-score": 0.25660377358490566,
    "support": 50.0
  },
  "anger": {
    "precision": 0.1323529411764706,
    "recall": 0.9574468085106383,
    "f1-score": 0.23255813953488372,
    "support": 47.0
  },
  "disgust": {
    "precision": 0.08695652173913043,
    "recall": 0.029411764705882353,
    "f1-score": 0.04395604395604396,
    "support": 68.0
  },
  "fear": {
    "precision": 0.05454545454545454,
    "recall": 0.46153846153846156,
    "f1-score": 0.0975609756097561,
    "support": 26.0
  },
  "sadness": {
    "precision": 0.03278688524590164,
    "recall": 0.3333333333333333,
    "f1-score": 0.05970149253731343,
    "support": 6.0
  },
  "surprise": {
    "precision": 0.03229398663697105,
    "recall": 0.4915254237288136,
    "f1-score": 0.06060606060606061,
    "support": 59.0
  },
  "other": {
    "precision": 0.9508840864440079,
    "recall": 0.2155902004454343,
    "f1-score": 0.3514887436456064,
    "support": 2245.0
  },
  "micro avg": {
    "precision": 0.26831421006178285,
    "recall": 0.24310275889644142,
    "f1-score": 0.2550870568491714,
    "support": 2501.0
  },
  "macro avg": {
    "precision": 0.2068513443816653,
    "recall": 0.4526922846089376,
    "f1-score": 0.15749646135350998,
    "support": 2501.0
  },
  "weighted avg": {
    "precision": 0.8629730631210625,
    "recall": 0.24310275889644142,
    "f1-score": 0.3287933680958086,
    "support": 2501.0
  }
}