{
  "positive": {
    "precision": 0.19230769230769232,
    "recall": 0.8454106280193237,
    "f1-score": 0.3133393017009848,
    "support": 207.0
  },
  "negative": {
    "precision": 0.4832,
    "recall": 0.745679012345679,
    "f1-score": 0.5864077669902913,
    "support": 405.0
  },
  "neutral": {
    "precision": 0.9145408163265306,
    "recall": 0.3795659078877713,
    "f1-score": 0.5364758698092031,
    "support": 1889.0
  },
  "micro avg": {
    "precision": 0.5148771021992238,
    "recall": 0.4774090363854458,
    "f1-score": 0.4954356846473029,
    "support": 2501.0
  },
  "macro avg": {
    "precision": 0.5300161695447411,
    "recall": 0.6568851827509247,
    "f1-score": 0.47874097950015976,
    "support": 2501.0
  },
  "weighted avg": {
    "precision": 0.784914551918636,
    "recall": 0.4774090363854458,
    "f1-score": 0.5260932823481633,
    "support": 2501.0
  }
}