{
  "happiness": {
    "precision": 0.1708542713567839,
    "recall": 0.68,
    "f1-score": 0.27309236947791166,
    "support": 50.0
  },
  "anger": {
    "precision": 0.1347305389221557,
    "recall": 0.9574468085106383,
    "f1-score": 0.23622047244094488,
    "support": 47.0
  },
  "disgust": {
    "precision": 0.041666666666666664,
    "recall": 0.014705882352941176,
    "f1-score": 0.021739130434782608,
    "support": 68.0
  },
  "fear": {
    "precision": 0.04932735426008968,
    "recall": 0.4230769230769231,
    "f1-score": 0.08835341365461848,
    "support": 26.0
  },
  "sadness": {
    "precision": 0.046153846153846156,
    "recall": 0.5,
    "f1-score": 0.08450704225352113,
    "support": 6.0
  },
  "surprise": {
    "precision": 0.03636363636363636,
    "recall": 0.576271186440678,
    "f1-score": 0.06841046277665996,
    "support": 59.0
  },
  "other": {
    "precision": 0.9560229445506692,
    "recall": 0.22271714922049,
    "f1-score": 0.36127167630057805,
    "support": 2245.0
  },
  "micro avg": {
    "precision": 0.27268779852366476,
    "recall": 0.2510995601759296,
    "f1-score": 0.2614487926727727,
    "support": 2501.0
  },
  "macro avg": {
    "precision": 0.20501703689626397,
    "recall": 0.4820311356573815,
    "f1-score": 0.16194208104843094,
    "support": 2501.0
  },
  "weighted avg": {
    "precision": 0.8667272217432651,
    "recall": 0.2510995601759296,
    "f1-score": 0.3375172343683915,
    "support": 2501.0
  }
}