{
  "positive": {
    "precision": 0.19725738396624473,
    "recall": 0.9033816425120773,
    "f1-score": 0.3238095238095238,
    "support": 207.0
  },
  "negative": {
    "precision": 0.48265460030165913,
    "recall": 0.7901234567901234,
    "f1-score": 0.599250936329588,
    "support": 405.0
  },
  "neutral": {
    "precision": 0.9158878504672897,
    "recall": 0.4150344097406035,
    "f1-score": 0.5712204007285975,
    "support": 1889.0
  },
  "micro avg": {
    "precision": 0.5233076611268748,
    "recall": 0.5161935225909636,
    "f1-score": 0.5197262479871175,
    "support": 2501.0
  },
  "macro avg": {
    "precision": 0.5319332782450645,
    "recall": 0.7028465030142681,
    "f1-score": 0.4980936202892365,
    "support": 2501.0
  },
  "weighted avg": {
    "precision": 0.7862533151283067,
    "recall": 0.5161935225909636,
    "f1-score": 0.5552821022064675,
    "support": 2501.0
  }
}