{
  "happiness": {
    "precision": 0.23308270676691728,
    "recall": 0.62,
    "f1-score": 0.33879781420765026,
    "support": 50.0
  },
  "anger": {
    "precision": 0.12643678160919541,
    "recall": 0.9361702127659575,
    "f1-score": 0.22278481012658227,
    "support": 47.0
  },
  "disgust": {
    "precision": 0.02631578947368421,
    "recall": 0.014705882352941176,
    "f1-score": 0.018867924528301886,
    "support": 68.0
  },
  "fear": {
    "precision": 0.05286343612334802,
    "recall": 0.46153846153846156,
    "f1-score": 0.09486166007905138,
    "support": 26.0
  },
  "sadness": {
    "precision": 0.02857142857142857,
    "recall": 0.3333333333333333,
    "f1-score": 0.05263157894736842,
    "support": 6.0
  },
  "surprise": {
    "precision": 0.036968576709796676,
    "recall": 0.6779661016949152,
    "f1-score": 0.07011393514460999,
    "support": 59.0
  },
  "other": {
    "precision": 0.9785575048732943,
    "recall": 0.22360801781737194,
    "f1-score": 0.3640319071791153,
    "support": 2245.0
  },
  "micro avg": {
    "precision": 0.26213189547905436,
    "recall": 0.2526989204318273,
    "f1-score": 0.25732899022801303,
    "support": 2501.0
  },
  "macro avg": {
    "precision": 0.21182803201823777,
    "recall": 0.46676028707185446,
    "f1-score": 0.16601280431609708,
    "support": 2501.0
  },
  "weighted avg": {
    "precision": 0.8876348501140535,
    "recall": 0.2526989204318273,
    "f1-score": 0.3410093330990171,
    "support": 2501.0
  }
}