{
  "positive": {
    "precision": 0.18322082931533268,
    "recall": 0.9178743961352657,
    "f1-score": 0.3054662379421222,
    "support": 207.0
  },
  "negative": {
    "precision": 0.47819767441860467,
    "recall": 0.8123456790123457,
    "f1-score": 0.6020128087831657,
    "support": 405.0
  },
  "neutral": {
    "precision": 0.9167750325097529,
    "recall": 0.37321334039174164,
    "f1-score": 0.5304740406320542,
    "support": 1889.0
  },
  "micro avg": {
    "precision": 0.4907778668805132,
    "recall": 0.4894042383046781,
    "f1-score": 0.4900900900900901,
    "support": 2501.0
  },
  "macro avg": {
    "precision": 0.5260645120812301,
    "recall": 0.701144471846451,
    "f1-score": 0.4793176957857807,
    "support": 2501.0
  },
  "weighted avg": {
    "precision": 0.7850399065248829,
    "recall": 0.4894042383046781,
    "f1-score": 0.5234354904298888,
    "support": 2501.0
  }
}