{
  "happiness": {
    "precision": 0.13442622950819672,
    "recall": 0.82,
    "f1-score": 0.23098591549295774,
    "support": 50.0
  },
  "anger": {
    "precision": 0.08502772643253234,
    "recall": 0.9787234042553191,
    "f1-score": 0.1564625850340136,
    "support": 47.0
  },
  "disgust": {
    "precision": 0.0,
    "recall": 0.0,
    "f1-score": 0.0,
    "support": 68.0
  },
  "fear": {
    "precision": 0.078125,
    "recall": 0.19230769230769232,
    "f1-score": 0.1111111111111111,
    "support": 26.0
  },
  "sadness": {
    "precision": 0.05714285714285714,
    "recall": 0.3333333333333333,
    "f1-score": 0.0975609756097561,
    "support": 6.0
  },
  "surprise": {
    "precision": 0.1276595744680851,
    "recall": 0.2033898305084746,
    "f1-score": 0.1568627450980392,
    "support": 59.0
  },
  "other": {
    "precision": 0.9765355417529331,
    "recall": 0.6302895322939867,
    "f1-score": 0.7661072008662696,
    "support": 2245.0
  },
  "accuracy": 0.608156737305078,
  "macro avg": {
    "precision": 0.20841670418637204,
    "recall": 0.45114911324268653,
    "f1-score": 0.21701293331602106,
    "support": 2501.0
  },
  "weighted avg": {
    "precision": 0.8848244413792674,
    "recall": 0.608156737305078,
    "f1-score": 0.7003370091640758,
    "support": 2501.0
  }
}