{
  "positive": {
    "precision": 0.32013769363166955,
    "recall": 0.8985507246376812,
    "f1-score": 0.4720812182741117,
    "support": 207.0
  },
  "negative": {
    "precision": 0.5075757575757576,
    "recall": 0.8271604938271605,
    "f1-score": 0.6291079812206573,
    "support": 405.0
  },
  "neutral": {
    "precision": 0.9571428571428572,
    "recall": 0.6384330333509793,
    "f1-score": 0.7659574468085106,
    "support": 1889.0
  },
  "accuracy": 0.6905237904838065,
  "macro avg": {
    "precision": 0.5949521027834281,
    "recall": 0.788048083938607,
    "f1-score": 0.6223822154344265,
    "support": 2501.0
  },
  "weighted avg": {
    "precision": 0.8316191689495381,
    "recall": 0.6905237904838065,
    "f1-score": 0.7194734752492539,
    "support": 2501.0
  }
}