{
  "happiness": {
    "precision": 0.08669354838709678,
    "recall": 0.86,
    "f1-score": 0.1575091575091575,
    "support": 50.0
  },
  "anger": {
    "precision": 0.12256267409470752,
    "recall": 0.9361702127659575,
    "f1-score": 0.21674876847290642,
    "support": 47.0
  },
  "disgust": {
    "precision": 0.06060606060606061,
    "recall": 0.029411764705882353,
    "f1-score": 0.039603960396039604,
    "support": 68.0
  },
  "fear": {
    "precision": 0.06299212598425197,
    "recall": 0.3076923076923077,
    "f1-score": 0.10457516339869281,
    "support": 26.0
  },
  "sadness": {
    "precision": 0.01639344262295082,
    "recall": 0.3333333333333333,
    "f1-score": 0.03125,
    "support": 6.0
  },
  "surprise": {
    "precision": 0.06338028169014084,
    "recall": 0.4576271186440678,
    "f1-score": 0.11134020618556702,
    "support": 59.0
  },
  "other": {
    "precision": 0.976905311778291,
    "recall": 0.18841870824053453,
    "f1-score": 0.31590739357729647,
    "support": 2245.0
  },
  "micro avg": {
    "precision": 0.2750501002004008,
    "recall": 0.21951219512195122,
    "f1-score": 0.24416277518345564,
    "support": 2501.0
  },
  "macro avg": {
    "precision": 0.19850477788049994,
    "recall": 0.4446647779117262,
    "f1-score": 0.13956209279137996,
    "support": 2501.0
  },
  "weighted avg": {
    "precision": 0.884783827555509,
    "recall": 0.21951219512195122,
    "f1-score": 0.29565907408834874,
    "support": 2501.0
  }
}