{
  "positive": {
    "precision": 0.22236024844720498,
    "recall": 0.8647342995169082,
    "f1-score": 0.35375494071146246,
    "support": 207.0
  },
  "negative": {
    "precision": 0.5082706766917293,
    "recall": 0.8345679012345679,
    "f1-score": 0.6317757009345795,
    "support": 405.0
  },
  "neutral": {
    "precision": 0.9502645502645503,
    "recall": 0.4753838009528851,
    "f1-score": 0.6337332392378264,
    "support": 1889.0
  },
  "micro avg": {
    "precision": 0.5859213250517599,
    "recall": 0.5657736905237905,
    "f1-score": 0.5756712774613507,
    "support": 2501.0
  },
  "macro avg": {
    "precision": 0.5602984918011615,
    "recall": 0.7248953339014538,
    "f1-score": 0.5397546269612894,
    "support": 2501.0
  },
  "weighted avg": {
    "precision": 0.8184437948574399,
    "recall": 0.5657736905237905,
    "f1-score": 0.6102433108860582,
    "support": 2501.0
  }
}