{
  "happiness": {
    "precision": 0.14330218068535824,
    "recall": 0.92,
    "f1-score": 0.24797843665768193,
    "support": 50.0
  },
  "anger": {
    "precision": 0.08050089445438283,
    "recall": 0.9574468085106383,
    "f1-score": 0.1485148514851485,
    "support": 47.0
  },
  "disgust": {
    "precision": 0.09090909090909091,
    "recall": 0.014705882352941176,
    "f1-score": 0.02531645569620253,
    "support": 68.0
  },
  "fear": {
    "precision": 0.09615384615384616,
    "recall": 0.19230769230769232,
    "f1-score": 0.1282051282051282,
    "support": 26.0
  },
  "sadness": {
    "precision": 0.05,
    "recall": 0.3333333333333333,
    "f1-score": 0.08695652173913043,
    "support": 6.0
  },
  "surprise": {
    "precision": 0.09009009009009009,
    "recall": 0.1694915254237288,
    "f1-score": 0.11764705882352941,
    "support": 59.0
  },
  "other": {
    "precision": 0.9814550641940085,
    "recall": 0.6129175946547885,
    "f1-score": 0.7545928160131615,
    "support": 2245.0
  },
  "micro avg": {
    "precision": 0.5949519230769231,
    "recall": 0.5937624950019992,
    "f1-score": 0.594356613968381,
    "support": 2501.0
  },
  "macro avg": {
    "precision": 0.2189158809266824,
    "recall": 0.45717183379758897,
    "f1-score": 0.21560160980285467,
    "support": 2501.0
  },
  "weighted avg": {
    "precision": 0.8910885260640968,
    "recall": 0.5937624950019992,
    "f1-score": 0.6901070610651466,
    "support": 2501.0
  }
}