{
  "positive": {
    "precision": 0.30847457627118646,
    "recall": 0.8792270531400966,
    "f1-score": 0.45671267252195735,
    "support": 207.0
  },
  "negative": {
    "precision": 0.49924585218702866,
    "recall": 0.817283950617284,
    "f1-score": 0.6198501872659176,
    "support": 405.0
  },
  "neutral": {
    "precision": 0.9493161705551086,
    "recall": 0.6246691371095818,
    "f1-score": 0.7535121328224776,
    "support": 1889.0
  },
  "micro avg": {
    "precision": 0.6782852564102564,
    "recall": 0.6769292283086765,
    "f1-score": 0.677606563938363,
    "support": 2501.0
  },
  "macro avg": {
    "precision": 0.5856788663377746,
    "recall": 0.7737267136223208,
    "f1-score": 0.6100249975367842,
    "support": 2501.0
  },
  "weighted avg": {
    "precision": 0.8233934640553708,
    "recall": 0.6769292283086765,
    "f1-score": 0.7073023862280695,
    "support": 2501.0
  }
}