{
  "happiness": {
    "precision": 0.1111111111111111,
    "recall": 0.82,
    "f1-score": 0.1957040572792363,
    "support": 50.0
  },
  "anger": {
    "precision": 0.08534322820037106,
    "recall": 0.9787234042553191,
    "f1-score": 0.15699658703071673,
    "support": 47.0
  },
  "disgust": {
    "precision": 0.0625,
    "recall": 0.014705882352941176,
    "f1-score": 0.023809523809523808,
    "support": 68.0
  },
  "fear": {
    "precision": 0.0821917808219178,
    "recall": 0.23076923076923078,
    "f1-score": 0.12121212121212122,
    "support": 26.0
  },
  "sadness": {
    "precision": 0.05,
    "recall": 0.3333333333333333,
    "f1-score": 0.08695652173913043,
    "support": 6.0
  },
  "surprise": {
    "precision": 0.0625,
    "recall": 0.1694915254237288,
    "f1-score": 0.091324200913242,
    "support": 59.0
  },
  "other": {
    "precision": 0.97893850042123,
    "recall": 0.5175946547884187,
    "f1-score": 0.6771561771561772,
    "support": 2245.0
  },
  "micro avg": {
    "precision": 0.5318791946308725,
    "recall": 0.5069972011195522,
    "f1-score": 0.5191402251791197,
    "support": 2501.0
  },
  "macro avg": {
    "precision": 0.20465494579351856,
    "recall": 0.43780257584613885,
    "f1-score": 0.19330845559144966,
    "support": 2501.0
  },
  "weighted avg": {
    "precision": 0.8867085593874466,
    "recall": 0.5069972011195522,
    "f1-score": 0.6189764453918041,
    "support": 2501.0
  }
}