{
  "positive": {
    "precision": 0.2575976845151954,
    "recall": 0.8599033816425121,
    "f1-score": 0.39643652561247217,
    "support": 207.0
  },
  "negative": {
    "precision": 0.48575712143928035,
    "recall": 0.8,
    "f1-score": 0.6044776119402985,
    "support": 405.0
  },
  "neutral": {
    "precision": 0.9374416433239963,
    "recall": 0.5314981471678136,
    "f1-score": 0.6783783783783783,
    "support": 1889.0
  },
  "micro avg": {
    "precision": 0.6200082338410868,
    "recall": 0.6021591363454618,
    "f1-score": 0.6109533468559838,
    "support": 2501.0
  },
  "macro avg": {
    "precision": 0.560265483092824,
    "recall": 0.7304671762701086,
    "f1-score": 0.5597641719770496,
    "support": 2501.0
  },
  "weighted avg": {
    "precision": 0.8080294358722843,
    "recall": 0.6021591363454618,
    "f1-score": 0.643075789841807,
    "support": 2501.0
  }
}