{
  "happiness": {
    "precision": 0.14426229508196722,
    "recall": 0.88,
    "f1-score": 0.24788732394366197,
    "support": 50.0
  },
  "anger": {
    "precision": 0.08348457350272233,
    "recall": 0.9787234042553191,
    "f1-score": 0.15384615384615385,
    "support": 47.0
  },
  "disgust": {
    "precision": 0.09090909090909091,
    "recall": 0.014705882352941176,
    "f1-score": 0.02531645569620253,
    "support": 68.0
  },
  "fear": {
    "precision": 0.08064516129032258,
    "recall": 0.19230769230769232,
    "f1-score": 0.11363636363636363,
    "support": 26.0
  },
  "sadness": {
    "precision": 0.0625,
    "recall": 0.3333333333333333,
    "f1-score": 0.10526315789473684,
    "support": 6.0
  },
  "surprise": {
    "precision": 0.11458333333333333,
    "recall": 0.1864406779661017,
    "f1-score": 0.14193548387096774,
    "support": 59.0
  },
  "other": {
    "precision": 0.9806094182825484,
    "recall": 0.6307349665924277,
    "f1-score": 0.76768772024939,
    "support": 2245.0
  },
  "accuracy": 0.6097560975609756,
  "macro avg": {
    "precision": 0.2224276960571407,
    "recall": 0.4594637081154022,
    "f1-score": 0.2222246655910681,
    "support": 2501.0
  },
  "weighted avg": {
    "precision": 0.8908512766073895,
    "recall": 0.6097560975609757,
    "f1-score": 0.7024253915735609,
    "support": 2501.0
  }
}