{
  "positive": {
    "precision": 0.32269503546099293,
    "recall": 0.8792270531400966,
    "f1-score": 0.4721141374837873,
    "support": 207.0
  },
  "negative": {
    "precision": 0.503793626707132,
    "recall": 0.8197530864197531,
    "f1-score": 0.6240601503759399,
    "support": 405.0
  },
  "neutral": {
    "precision": 0.9499217527386542,
    "recall": 0.6426680783483325,
    "f1-score": 0.7666561414587938,
    "support": 1889.0
  },
  "accuracy": 0.6909236305477809,
  "macro avg": {
    "precision": 0.5921368049689263,
    "recall": 0.7805494059693941,
    "f1-score": 0.620943476439507,
    "support": 2501.0
  },
  "weighted avg": {
    "precision": 0.8257642871172058,
    "recall": 0.6909236305477809,
    "f1-score": 0.7191865008304923,
    "support": 2501.0
  }
}