{
  "happiness": {
    "precision": 0.22627737226277372,
    "recall": 0.62,
    "f1-score": 0.3315508021390374,
    "support": 50.0
  },
  "anger": {
    "precision": 0.12753623188405797,
    "recall": 0.9361702127659575,
    "f1-score": 0.22448979591836735,
    "support": 47.0
  },
  "disgust": {
    "precision": 0.05263157894736842,
    "recall": 0.029411764705882353,
    "f1-score": 0.03773584905660377,
    "support": 68.0
  },
  "fear": {
    "precision": 0.05454545454545454,
    "recall": 0.46153846153846156,
    "f1-score": 0.0975609756097561,
    "support": 26.0
  },
  "sadness": {
    "precision": 0.02702702702702703,
    "recall": 0.3333333333333333,
    "f1-score": 0.05,
    "support": 6.0
  },
  "surprise": {
    "precision": 0.03481624758220503,
    "recall": 0.6101694915254238,
    "f1-score": 0.06587374199451052,
    "support": 59.0
  },
  "other": {
    "precision": 0.9758551307847082,
    "recall": 0.21603563474387527,
    "f1-score": 0.3537563822027717,
    "support": 2245.0
  },
  "micro avg": {
    "precision": 0.26098081023454156,
    "recall": 0.24470211915233905,
    "f1-score": 0.25257944696657036,
    "support": 2501.0
  },
  "macro avg": {
    "precision": 0.21409843471908502,
    "recall": 0.45809412837327634,
    "f1-score": 0.16585250670300672,
    "support": 2501.0
  },
  "weighted avg": {
    "precision": 0.8857722071489302,
    "recall": 0.24470211915233905,
    "f1-score": 0.33210748198309337,
    "support": 2501.0
  }
}