{
  "positive": {
    "precision": 0.18271119842829076,
    "recall": 0.8985507246376812,
    "f1-score": 0.3036734693877551,
    "support": 207.0
  },
  "negative": {
    "precision": 0.48672566371681414,
    "recall": 0.8148148148148148,
    "f1-score": 0.6094182825484764,
    "support": 405.0
  },
  "neutral": {
    "precision": 0.916243654822335,
    "recall": 0.382212811011117,
    "f1-score": 0.539409787075084,
    "support": 1889.0
  },
  "micro avg": {
    "precision": 0.49838969404186795,
    "recall": 0.4950019992003199,
    "f1-score": 0.4966900702106319,
    "support": 2501.0
  },
  "macro avg": {
    "precision": 0.52856017232248,
    "recall": 0.6985261168212044,
    "f1-score": 0.4841671796704385,
    "support": 2501.0
  },
  "weighted avg": {
    "precision": 0.785977359391986,
    "recall": 0.4950019992003199,
    "f1-score": 0.5312354659657065,
    "support": 2501.0
  }
}