{
  "happiness": {
    "precision": 0.16433566433566432,
    "recall": 0.94,
    "f1-score": 0.27976190476190477,
    "support": 50.0
  },
  "anger": {
    "precision": 0.08333333333333333,
    "recall": 0.9787234042553191,
    "f1-score": 0.15358931552587646,
    "support": 47.0
  },
  "disgust": {
    "precision": 0.08333333333333333,
    "recall": 0.014705882352941176,
    "f1-score": 0.025,
    "support": 68.0
  },
  "fear": {
    "precision": 0.10204081632653061,
    "recall": 0.19230769230769232,
    "f1-score": 0.13333333333333333,
    "support": 26.0
  },
  "sadness": {
    "precision": 0.0625,
    "recall": 0.3333333333333333,
    "f1-score": 0.10526315789473684,
    "support": 6.0
  },
  "surprise": {
    "precision": 0.1527777777777778,
    "recall": 0.1864406779661017,
    "f1-score": 0.16793893129770993,
    "support": 59.0
  },
  "other": {
    "precision": 0.9810938555030385,
    "recall": 0.6472160356347438,
    "f1-score": 0.7799248523886205,
    "support": 2245.0
  },
  "micro avg": {
    "precision": 0.6300322061191627,
    "recall": 0.625749700119952,
    "f1-score": 0.6278836509528586,
    "support": 2501.0
  },
  "macro avg": {
    "precision": 0.23277354008709686,
    "recall": 0.47038957512144736,
    "f1-score": 0.2349730707431688,
    "support": 2501.0
  },
  "weighted avg": {
    "precision": 0.8926020680798946,
    "recall": 0.625749700119952,
    "f1-score": 0.7148519509159794,
    "support": 2501.0
  }
}