{
  "positive": {
    "precision": 0.3390151515151515,
    "recall": 0.8647342995169082,
    "f1-score": 0.48707482993197276,
    "support": 207.0
  },
  "negative": {
    "precision": 0.4984520123839009,
    "recall": 0.7950617283950617,
    "f1-score": 0.6127497621313035,
    "support": 405.0
  },
  "neutral": {
    "precision": 0.9488549618320611,
    "recall": 0.6580201164637375,
    "f1-score": 0.777117849327915,
    "support": 1889.0
  },
  "micro avg": {
    "precision": 0.7020933977455717,
    "recall": 0.6973210715713715,
    "f1-score": 0.6996990972918756,
    "support": 2501.0
  },
  "macro avg": {
    "precision": 0.5954407085770378,
    "recall": 0.7726053814585692,
    "f1-score": 0.6256474804637304,
    "support": 2501.0
  },
  "weighted avg": {
    "precision": 0.8254443119871571,
    "recall": 0.6973210715713715,
    "f1-score": 0.7264949063732616,
    "support": 2501.0
  }
}