{
  "happiness": {
    "precision": 0.11278195488721804,
    "recall": 0.3,
    "f1-score": 0.16393442622950818,
    "support": 50.0
  },
  "anger": {
    "precision": 0.16666666666666666,
    "recall": 0.7872340425531915,
    "f1-score": 0.275092936802974,
    "support": 47.0
  },
  "disgust": {
    "precision": 0.05405405405405406,
    "recall": 0.029411764705882353,
    "f1-score": 0.0380952380952381,
    "support": 68.0
  },
  "fear": {
    "precision": 0.015261044176706828,
    "recall": 0.7307692307692307,
    "f1-score": 0.02989771833202203,
    "support": 26.0
  },
  "sadness": {
    "precision": 0.0,
    "recall": 0.0,
    "f1-score": 0.0,
    "support": 6.0
  },
  "surprise": {
    "precision": 0.04456824512534819,
    "recall": 0.2711864406779661,
    "f1-score": 0.07655502392344497,
    "support": 59.0
  },
  "other": {
    "precision": 0.9256756756756757,
    "recall": 0.18307349665924277,
    "f1-score": 0.3056898475269617,
    "support": 2245.0
  },
  "micro avg": {
    "precision": 0.20475020475020475,
    "recall": 0.19992003198720512,
    "f1-score": 0.20230629172567266,
    "support": 2501.0
  },
  "macro avg": {
    "precision": 0.18842966294080993,
    "recall": 0.3288107107665019,
    "f1-score": 0.12703788441573555,
    "support": 2501.0
  },
  "weighted avg": {
    "precision": 0.8389909285310881,
    "recall": 0.19992003198720512,
    "f1-score": 0.28599934438937874,
    "support": 2501.0
  }
}