{
  "positive": {
    "precision": 0.21256038647342995,
    "recall": 0.4251207729468599,
    "f1-score": 0.2834138486312399,
    "support": 207.0
  },
  "negative": {
    "precision": 0.6043613707165109,
    "recall": 0.47901234567901235,
    "f1-score": 0.5344352617079889,
    "support": 405.0
  },
  "neutral": {
    "precision": 0.8494318181818182,
    "recall": 0.79142403388036,
    "f1-score": 0.8194025760482324,
    "support": 1889.0
  },
  "micro avg": {
    "precision": 0.7122244488977956,
    "recall": 0.710515793682527,
    "f1-score": 0.7113690952762209,
    "support": 2501.0
  },
  "macro avg": {
    "precision": 0.5554511917905863,
    "recall": 0.5651857175020775,
    "f1-score": 0.5457505621291537,
    "support": 2501.0
  },
  "weighted avg": {
    "precision": 0.7570344101102126,
    "recall": 0.710515793682527,
    "f1-score": 0.7288942078422683,
    "support": 2501.0
  }
}