{
  "happiness": {
    "precision": 0.060064935064935064,
    "recall": 0.74,
    "f1-score": 0.1111111111111111,
    "support": 50.0
  },
  "anger": {
    "precision": 0.12225705329153605,
    "recall": 0.8297872340425532,
    "f1-score": 0.21311475409836064,
    "support": 47.0
  },
  "disgust": {
    "precision": 0.13636363636363635,
    "recall": 0.08823529411764706,
    "f1-score": 0.10714285714285714,
    "support": 68.0
  },
  "fear": {
    "precision": 0.0821917808219178,
    "recall": 0.46153846153846156,
    "f1-score": 0.13953488372093023,
    "support": 26.0
  },
  "sadness": {
    "precision": 0.009302325581395349,
    "recall": 0.3333333333333333,
    "f1-score": 0.01809954751131222,
    "support": 6.0
  },
  "surprise": {
    "precision": 0.048484848484848485,
    "recall": 0.4067796610169492,
    "f1-score": 0.08664259927797834,
    "support": 59.0
  },
  "other": {
    "precision": 0.9768211920529801,
    "recall": 0.13140311804008908,
    "f1-score": 0.23164507263447193,
    "support": 2245.0
  },
  "micro avg": {
    "precision": 0.1941974730931212,
    "recall": 0.16593362654938024,
    "f1-score": 0.17895644674428632,
    "support": 2501.0
  },
  "macro avg": {
    "precision": 0.20506939595160703,
    "recall": 0.4272967288698619,
    "f1-score": 0.12961297507100308,
    "support": 2501.0
  },
  "weighted avg": {
    "precision": 0.886061190725742,
    "recall": 0.16593362654938024,
    "f1-score": 0.2206114630017973,
    "support": 2501.0
  }
}