{
  "positive": {
    "precision": 0.2345360824742268,
    "recall": 0.8792270531400966,
    "f1-score": 0.37029501525940994,
    "support": 207.0
  },
  "negative": {
    "precision": 0.5061728395061729,
    "recall": 0.8098765432098766,
    "f1-score": 0.6229819563152896,
    "support": 405.0
  },
  "neutral": {
    "precision": 0.9442755825734549,
    "recall": 0.4933827421916358,
    "f1-score": 0.6481223922114048,
    "support": 1889.0
  },
  "micro avg": {
    "precision": 0.5980920779759435,
    "recall": 0.5765693722510996,
    "f1-score": 0.5871335504885994,
    "support": 2501.0
  },
  "macro avg": {
    "precision": 0.5616615015179516,
    "recall": 0.7274954461805363,
    "f1-score": 0.5471331212620348,
    "support": 2501.0
  },
  "weighted avg": {
    "precision": 0.8145883824683812,
    "recall": 0.5765693722510996,
    "f1-score": 0.6210563611970147,
    "support": 2501.0
  }
}