{
  "happiness": {
    "precision": 0.1602787456445993,
    "recall": 0.92,
    "f1-score": 0.27299703264094954,
    "support": 50.0
  },
  "anger": {
    "precision": 0.08424908424908426,
    "recall": 0.9787234042553191,
    "f1-score": 0.1551433389544688,
    "support": 47.0
  },
  "disgust": {
    "precision": 0.09090909090909091,
    "recall": 0.014705882352941176,
    "f1-score": 0.02531645569620253,
    "support": 68.0
  },
  "fear": {
    "precision": 0.09803921568627451,
    "recall": 0.19230769230769232,
    "f1-score": 0.12987012987012986,
    "support": 26.0
  },
  "sadness": {
    "precision": 0.06060606060606061,
    "recall": 0.3333333333333333,
    "f1-score": 0.10256410256410256,
    "support": 6.0
  },
  "surprise": {
    "precision": 0.1506849315068493,
    "recall": 0.1864406779661017,
    "f1-score": 0.16666666666666666,
    "support": 59.0
  },
  "other": {
    "precision": 0.9812709030100334,
    "recall": 0.6534521158129176,
    "f1-score": 0.7844919786096257,
    "support": 2245.0
  },
  "micro avg": {
    "precision": 0.6322115384615384,
    "recall": 0.6309476209516194,
    "f1-score": 0.631578947368421,
    "support": 2501.0
  },
  "macro avg": {
    "precision": 0.23229114737314174,
    "recall": 0.4684233008611865,
    "f1-score": 0.2338642435717351,
    "support": 2501.0
  },
  "weighted avg": {
    "precision": 0.8928075596208171,
    "recall": 0.6309476209516194,
    "f1-score": 0.7187816636762097,
    "support": 2501.0
  }
}