{
  "positive": {
    "precision": 0.344106463878327,
    "recall": 0.8743961352657005,
    "f1-score": 0.49386084583901774,
    "support": 207.0
  },
  "negative": {
    "precision": 0.5061919504643962,
    "recall": 0.8074074074074075,
    "f1-score": 0.6222645099904852,
    "support": 405.0
  },
  "neutral": {
    "precision": 0.9479245283018868,
    "recall": 0.6649020645844362,
    "f1-score": 0.7815805849408837,
    "support": 1889.0
  },
  "micro avg": {
    "precision": 0.7064477372847416,
    "recall": 0.7053178728508597,
    "f1-score": 0.7058823529411765,
    "support": 2501.0
  },
  "macro avg": {
    "precision": 0.5994076475482033,
    "recall": 0.7822352024191814,
    "f1-score": 0.6325686469234623,
    "support": 2501.0
  },
  "weighted avg": {
    "precision": 0.8264163182419665,
    "recall": 0.7053178728508597,
    "f1-score": 0.731968031422692,
    "support": 2501.0
  }
}