{
  "happiness": {
    "precision": 0.09738717339667459,
    "recall": 0.82,
    "f1-score": 0.1740976645435244,
    "support": 50.0
  },
  "anger": {
    "precision": 0.12418300653594772,
    "recall": 0.8085106382978723,
    "f1-score": 0.21529745042492918,
    "support": 47.0
  },
  "disgust": {
    "precision": 0.1956521739130435,
    "recall": 0.1323529411764706,
    "f1-score": 0.15789473684210525,
    "support": 68.0
  },
  "fear": {
    "precision": 0.08053691275167785,
    "recall": 0.46153846153846156,
    "f1-score": 0.13714285714285715,
    "support": 26.0
  },
  "sadness": {
    "precision": 0.009523809523809525,
    "recall": 0.3333333333333333,
    "f1-score": 0.018518518518518517,
    "support": 6.0
  },
  "surprise": {
    "precision": 0.04918032786885246,
    "recall": 0.4067796610169492,
    "f1-score": 0.08775137111517367,
    "support": 59.0
  },
  "other": {
    "precision": 0.9866071428571429,
    "recall": 0.09844097995545657,
    "f1-score": 0.17901984609153504,
    "support": 2245.0
  },
  "micro avg": {
    "precision": 0.18817787418655096,
    "recall": 0.13874450219912035,
    "f1-score": 0.15972382048331416,
    "support": 2501.0
  },
  "macro avg": {
    "precision": 0.22043864954959266,
    "recall": 0.437279430759792,
    "f1-score": 0.13853177781123474,
    "support": 2501.0
  },
  "weighted avg": {
    "precision": 0.897239538364792,
    "recall": 0.13874450219912035,
    "f1-score": 0.17605534437046297,
    "support": 2501.0
  }
}