{
  "positive": {
    "precision": 0.2336065573770492,
    "recall": 0.8260869565217391,
    "f1-score": 0.36421725239616615,
    "support": 207.0
  },
  "negative": {
    "precision": 0.5098634294385432,
    "recall": 0.8296296296296296,
    "f1-score": 0.631578947368421,
    "support": 405.0
  },
  "neutral": {
    "precision": 0.9482233502538071,
    "recall": 0.49444150344097404,
    "f1-score": 0.6499652052887961,
    "support": 1889.0
  },
  "micro avg": {
    "precision": 0.6064814814814815,
    "recall": 0.5761695321871252,
    "f1-score": 0.5909370514660652,
    "support": 2501.0
  },
  "macro avg": {
    "precision": 0.5638977790231331,
    "recall": 0.7167193631974476,
    "f1-score": 0.5485871350177944,
    "support": 2501.0
  },
  "weighted avg": {
    "precision": 0.8180908256413838,
    "recall": 0.5761695321871252,
    "f1-score": 0.6233373521474421,
    "support": 2501.0
  }
}