{
  "happiness": {
    "precision": 0.13782051282051283,
    "recall": 0.86,
    "f1-score": 0.23756906077348067,
    "support": 50.0
  },
  "anger": {
    "precision": 0.08550185873605948,
    "recall": 0.9787234042553191,
    "f1-score": 0.15726495726495726,
    "support": 47.0
  },
  "disgust": {
    "precision": 0.0,
    "recall": 0.0,
    "f1-score": 0.0,
    "support": 68.0
  },
  "fear": {
    "precision": 0.06557377049180328,
    "recall": 0.15384615384615385,
    "f1-score": 0.09195402298850575,
    "support": 26.0
  },
  "sadness": {
    "precision": 0.05714285714285714,
    "recall": 0.3333333333333333,
    "f1-score": 0.0975609756097561,
    "support": 6.0
  },
  "surprise": {
    "precision": 0.14285714285714285,
    "recall": 0.22033898305084745,
    "f1-score": 0.17333333333333334,
    "support": 59.0
  },
  "other": {
    "precision": 0.9799570508231925,
    "recall": 0.6097995545657016,
    "f1-score": 0.7517847336628226,
    "support": 2245.0
  },
  "micro avg": {
    "precision": 0.6031033074724377,
    "recall": 0.5905637744902039,
    "f1-score": 0.5967676767676767,
    "support": 2501.0
  },
  "macro avg": {
    "precision": 0.20983617041022404,
    "recall": 0.45086306129305076,
    "f1-score": 0.21563815480469367,
    "support": 2501.0
  },
  "weighted avg": {
    "precision": 0.8882005352674543,
    "recall": 0.5905637744902039,
    "f1-score": 0.6878166614239064,
    "support": 2501.0
  }
}