{
  "positive": {
    "precision": 0.3055091819699499,
    "recall": 0.8840579710144928,
    "f1-score": 0.45409429280397023,
    "support": 207.0
  },
  "negative": {
    "precision": 0.5007704160246533,
    "recall": 0.8024691358024691,
    "f1-score": 0.6166982922201139,
    "support": 405.0
  },
  "neutral": {
    "precision": 0.9501633986928104,
    "recall": 0.6156696664902065,
    "f1-score": 0.7471892065531641,
    "support": 1889.0
  },
  "micro avg": {
    "precision": 0.6759708737864077,
    "recall": 0.6681327469012395,
    "f1-score": 0.6720289563643675,
    "support": 2501.0
  },
  "macro avg": {
    "precision": 0.5854809988958046,
    "recall": 0.7673989244357228,
    "f1-score": 0.6059939305257495,
    "support": 2501.0
  },
  "weighted avg": {
    "precision": 0.8240348177882779,
    "recall": 0.6681327469012395,
    "f1-score": 0.7017995754252279,
    "support": 2501.0
  }
}