{
  "happiness": {
    "precision": 0.14733542319749215,
    "recall": 0.94,
    "f1-score": 0.25474254742547425,
    "support": 50.0
  },
  "anger": {
    "precision": 0.0807899461400359,
    "recall": 0.9574468085106383,
    "f1-score": 0.1490066225165563,
    "support": 47.0
  },
  "disgust": {
    "precision": 0.07142857142857142,
    "recall": 0.014705882352941176,
    "f1-score": 0.024390243902439025,
    "support": 68.0
  },
  "fear": {
    "precision": 0.08333333333333333,
    "recall": 0.15384615384615385,
    "f1-score": 0.10810810810810811,
    "support": 26.0
  },
  "sadness": {
    "precision": 0.034482758620689655,
    "recall": 0.16666666666666666,
    "f1-score": 0.05714285714285714,
    "support": 6.0
  },
  "surprise": {
    "precision": 0.0990990990990991,
    "recall": 0.1864406779661017,
    "f1-score": 0.12941176470588237,
    "support": 59.0
  },
  "other": {
    "precision": 0.9810260014054814,
    "recall": 0.621826280623608,
    "f1-score": 0.7611777535441657,
    "support": 2245.0
  },
  "accuracy": 0.6017592962814874,
  "macro avg": {
    "precision": 0.2139278761749576,
    "recall": 0.43441892428087275,
    "f1-score": 0.21199712819221186,
    "support": 2501.0
  },
  "weighted avg": {
    "precision": 0.8903018091587933,
    "recall": 0.6017592962814874,
    "f1-score": 0.69613434385961,
    "support": 2501.0
  }
}