{
  "positive": {
    "precision": 0.30833333333333335,
    "recall": 0.893719806763285,
    "f1-score": 0.45848822800495664,
    "support": 207.0
  },
  "negative": {
    "precision": 0.5038639876352395,
    "recall": 0.8049382716049382,
    "f1-score": 0.6197718631178707,
    "support": 405.0
  },
  "neutral": {
    "precision": 0.9441340782122905,
    "recall": 0.6262572789835892,
    "f1-score": 0.7530235518777848,
    "support": 1889.0
  },
  "micro avg": {
    "precision": 0.6776,
    "recall": 0.6773290683726509,
    "f1-score": 0.6774645070985803,
    "support": 2501.0
  },
  "macro avg": {
    "precision": 0.5854437997269545,
    "recall": 0.7749717857839374,
    "f1-score": 0.6104278810002041,
    "support": 2501.0
  },
  "weighted avg": {
    "precision": 0.8202155892584121,
    "recall": 0.6773290683726509,
    "f1-score": 0.7070676358484204,
    "support": 2501.0
  }
}