{
  "happiness": {
    "precision": 0.23134328358208955,
    "recall": 0.62,
    "f1-score": 0.33695652173913043,
    "support": 50.0
  },
  "anger": {
    "precision": 0.12941176470588237,
    "recall": 0.9361702127659575,
    "f1-score": 0.22739018087855298,
    "support": 47.0
  },
  "disgust": {
    "precision": 0.05263157894736842,
    "recall": 0.029411764705882353,
    "f1-score": 0.03773584905660377,
    "support": 68.0
  },
  "fear": {
    "precision": 0.056768558951965066,
    "recall": 0.5,
    "f1-score": 0.10196078431372549,
    "support": 26.0
  },
  "sadness": {
    "precision": 0.027777777777777776,
    "recall": 0.3333333333333333,
    "f1-score": 0.05128205128205128,
    "support": 6.0
  },
  "surprise": {
    "precision": 0.03762935089369708,
    "recall": 0.6779661016949152,
    "f1-score": 0.07130124777183601,
    "support": 59.0
  },
  "other": {
    "precision": 0.9788053949903661,
    "recall": 0.22628062360801782,
    "f1-score": 0.3675832127351664,
    "support": 2245.0
  },
  "micro avg": {
    "precision": 0.267223382045929,
    "recall": 0.25589764094362255,
    "f1-score": 0.26143790849673204,
    "support": 2501.0
  },
  "macro avg": {
    "precision": 0.21633824426416376,
    "recall": 0.4747374337297295,
    "f1-score": 0.1706014068252952,
    "support": 2501.0
  },
  "weighted avg": {
    "precision": 0.8886482835442703,
    "recall": 0.25589764094362255,
    "f1-score": 0.34485844111672675,
    "support": 2501.0
  }
}