{
  "positive": {
    "precision": 0.18590998043052837,
    "recall": 0.9178743961352657,
    "f1-score": 0.30919446704637915,
    "support": 207.0
  },
  "negative": {
    "precision": 0.4838235294117647,
    "recall": 0.8123456790123457,
    "f1-score": 0.6064516129032258,
    "support": 405.0
  },
  "neutral": {
    "precision": 0.9227748691099477,
    "recall": 0.37321334039174164,
    "f1-score": 0.5314738032416133,
    "support": 1889.0
  },
  "micro avg": {
    "precision": 0.49635036496350365,
    "recall": 0.4894042383046781,
    "f1-score": 0.4928528286692168,
    "support": 2501.0
  },
  "macro avg": {
    "precision": 0.5308361263174136,
    "recall": 0.701144471846451,
    "f1-score": 0.4823732943970727,
    "support": 2501.0
  },
  "weighted avg": {
    "precision": 0.7907051671769593,
    "recall": 0.4894042383046781,
    "f1-score": 0.5252179816984465,
    "support": 2501.0
  }
}