{
  "happiness": {
    "precision": 0.0,
    "recall": 0.0,
    "f1-score": 0.0,
    "support": 50.0
  },
  "anger": {
    "precision": 0.21904761904761905,
    "recall": 0.48936170212765956,
    "f1-score": 0.3026315789473684,
    "support": 47.0
  },
  "disgust": {
    "precision": 0.1282051282051282,
    "recall": 0.07352941176470588,
    "f1-score": 0.09345794392523364,
    "support": 68.0
  },
  "fear": {
    "precision": 0.09090909090909091,
    "recall": 0.07692307692307693,
    "f1-score": 0.08333333333333333,
    "support": 26.0
  },
  "sadness": {
    "precision": 0.0625,
    "recall": 0.3333333333333333,
    "f1-score": 0.10526315789473684,
    "support": 6.0
  },
  "surprise": {
    "precision": 0.026217228464419477,
    "recall": 0.4745762711864407,
    "f1-score": 0.049689440993788817,
    "support": 59.0
  },
  "other": {
    "precision": 0.9298928919182083,
    "recall": 0.42538975501113585,
    "f1-score": 0.5837408312958435,
    "support": 2245.0
  },
  "micro avg": {
    "precision": 0.43825561312607947,
    "recall": 0.4058376649340264,
    "f1-score": 0.42142412289806935,
    "support": 2501.0
  },
  "macro avg": {
    "precision": 0.20811027979206656,
    "recall": 0.2675876500494789,
    "f1-score": 0.1740166123414721,
    "support": 2501.0
  },
  "weighted avg": {
    "precision": 0.8440256625400246,
    "recall": 0.4058376649340264,
    "f1-score": 0.5345089617310195,
    "support": 2501.0
  }
}