{
  "positive": {
    "precision": 0.15711009174311927,
    "recall": 0.6618357487922706,
    "f1-score": 0.25393883225208524,
    "support": 207.0
  },
  "negative": {
    "precision": 0.4893964110929853,
    "recall": 0.7407407407407407,
    "f1-score": 0.5893909626719057,
    "support": 405.0
  },
  "neutral": {
    "precision": 0.8494094488188977,
    "recall": 0.45685547908946533,
    "f1-score": 0.5941480206540447,
    "support": 1889.0
  },
  "accuracy": 0.5197920831667333,
  "macro avg": {
    "precision": 0.4986386505516674,
    "recall": 0.6198106562074922,
    "f1-score": 0.4791592718593452,
    "support": 2501.0
  },
  "weighted avg": {
    "precision": 0.7338111892452549,
    "recall": 0.5197920831667333,
    "f1-score": 0.5652196278183903,
    "support": 2501.0
  }
}