{
  "happiness": {
    "precision": 0.10164835164835165,
    "recall": 0.74,
    "f1-score": 0.178743961352657,
    "support": 50.0
  },
  "anger": {
    "precision": 0.08148148148148149,
    "recall": 0.9361702127659575,
    "f1-score": 0.14991482112436116,
    "support": 47.0
  },
  "disgust": {
    "precision": 0.0,
    "recall": 0.0,
    "f1-score": 0.0,
    "support": 68.0
  },
  "fear": {
    "precision": 0.07352941176470588,
    "recall": 0.19230769230769232,
    "f1-score": 0.10638297872340426,
    "support": 26.0
  },
  "sadness": {
    "precision": 0.045454545454545456,
    "recall": 0.3333333333333333,
    "f1-score": 0.08,
    "support": 6.0
  },
  "surprise": {
    "precision": 0.07741935483870968,
    "recall": 0.2033898305084746,
    "f1-score": 0.11214953271028037,
    "support": 59.0
  },
  "other": {
    "precision": 0.9703640982218459,
    "recall": 0.510467706013363,
    "f1-score": 0.6690017513134852,
    "support": 2245.0
  },
  "micro avg": {
    "precision": 0.5261824324324325,
    "recall": 0.49820071971211516,
    "f1-score": 0.5118094064489628,
    "support": 2501.0
  },
  "macro avg": {
    "precision": 0.19284246334423427,
    "recall": 0.41652411070411727,
    "f1-score": 0.18517043503202688,
    "support": 2501.0
  },
  "weighted avg": {
    "precision": 0.8773017519528928,
    "recall": 0.49820071971211516,
    "f1-score": 0.6108576194466082,
    "support": 2501.0
  }
}