{
  "positive": {
    "precision": 0.263768115942029,
    "recall": 0.8792270531400966,
    "f1-score": 0.4057971014492754,
    "support": 207.0
  },
  "negative": {
    "precision": 0.4804804804804805,
    "recall": 0.7901234567901234,
    "f1-score": 0.5975723622782446,
    "support": 405.0
  },
  "neutral": {
    "precision": 0.9389097744360902,
    "recall": 0.5288512440444679,
    "f1-score": 0.6766000677277345,
    "support": 1889.0
  },
  "micro avg": {
    "precision": 0.6202479338842976,
    "recall": 0.6001599360255898,
    "f1-score": 0.61003861003861,
    "support": 2501.0
  },
  "macro avg": {
    "precision": 0.5610527902861998,
    "recall": 0.7327339179915627,
    "f1-score": 0.5599898438184182,
    "support": 2501.0
  },
  "weighted avg": {
    "precision": 0.8087945455835143,
    "recall": 0.6001599360255898,
    "f1-score": 0.6413891781928747,
    "support": 2501.0
  }
}