{
  "happiness": {
    "precision": 0.06489675516224189,
    "recall": 0.88,
    "f1-score": 0.12087912087912088,
    "support": 50.0
  },
  "anger": {
    "precision": 0.13183279742765272,
    "recall": 0.8723404255319149,
    "f1-score": 0.22905027932960895,
    "support": 47.0
  },
  "disgust": {
    "precision": 0.13636363636363635,
    "recall": 0.08823529411764706,
    "f1-score": 0.10714285714285714,
    "support": 68.0
  },
  "fear": {
    "precision": 0.07236842105263158,
    "recall": 0.4230769230769231,
    "f1-score": 0.12359550561797752,
    "support": 26.0
  },
  "sadness": {
    "precision": 0.011049723756906077,
    "recall": 0.3333333333333333,
    "f1-score": 0.0213903743315508,
    "support": 6.0
  },
  "surprise": {
    "precision": 0.05240174672489083,
    "recall": 0.4067796610169492,
    "f1-score": 0.09284332688588008,
    "support": 59.0
  },
  "other": {
    "precision": 0.9657534246575342,
    "recall": 0.2512249443207127,
    "f1-score": 0.3987274655355249,
    "support": 2245.0
  },
  "micro avg": {
    "precision": 0.287375415282392,
    "recall": 0.27668932427029186,
    "f1-score": 0.28193114687309023,
    "support": 2501.0
  },
  "macro avg": {
    "precision": 0.20495235787792768,
    "recall": 0.4649986544853544,
    "f1-score": 0.1562327042460743,
    "support": 2501.0
  },
  "weighted avg": {
    "precision": 0.8763973311526516,
    "recall": 0.27668932427029186,
    "f1-score": 0.37107468023340223,
    "support": 2501.0
  }
}