{
  "positive": {
    "precision": 0.22795969773299748,
    "recall": 0.8743961352657005,
    "f1-score": 0.36163836163836166,
    "support": 207.0
  },
  "negative": {
    "precision": 0.509009009009009,
    "recall": 0.837037037037037,
    "f1-score": 0.6330532212885154,
    "support": 405.0
  },
  "neutral": {
    "precision": 0.9473684210526315,
    "recall": 0.5145579671784013,
    "f1-score": 0.6668953687821613,
    "support": 1889.0
  },
  "micro avg": {
    "precision": 0.6001609010458568,
    "recall": 0.59656137544982,
    "f1-score": 0.5983557248847002,
    "support": 2501.0
  },
  "macro avg": {
    "precision": 0.5614457092648794,
    "recall": 0.7419970464937129,
    "f1-score": 0.553862317236346,
    "support": 2501.0
  },
  "weighted avg": {
    "precision": 0.816839365632867,
    "recall": 0.59656137544982,
    "f1-score": 0.6361499588606526,
    "support": 2501.0
  }
}