{
  "happiness": {
    "precision": 0.156794425087108,
    "recall": 0.9,
    "f1-score": 0.26706231454005935,
    "support": 50.0
  },
  "anger": {
    "precision": 0.08363636363636363,
    "recall": 0.9787234042553191,
    "f1-score": 0.1541038525963149,
    "support": 47.0
  },
  "disgust": {
    "precision": 0.1,
    "recall": 0.014705882352941176,
    "f1-score": 0.02564102564102564,
    "support": 68.0
  },
  "fear": {
    "precision": 0.10869565217391304,
    "recall": 0.19230769230769232,
    "f1-score": 0.1388888888888889,
    "support": 26.0
  },
  "sadness": {
    "precision": 0.06451612903225806,
    "recall": 0.3333333333333333,
    "f1-score": 0.10810810810810811,
    "support": 6.0
  },
  "surprise": {
    "precision": 0.18840579710144928,
    "recall": 0.22033898305084745,
    "f1-score": 0.203125,
    "support": 59.0
  },
  "other": {
    "precision": 0.9845741113346748,
    "recall": 0.6538975501113585,
    "f1-score": 0.7858672376873662,
    "support": 2245.0
  },
  "micro avg": {
    "precision": 0.6360708534621579,
    "recall": 0.6317473010795682,
    "f1-score": 0.633901705115346,
    "support": 2501.0
  },
  "macro avg": {
    "precision": 0.2409460683379667,
    "recall": 0.47047240648735594,
    "f1-score": 0.24039948963739471,
    "support": 2501.0
  },
  "weighted avg": {
    "precision": 0.8969486749505439,
    "recall": 0.6317473010795682,
    "f1-score": 0.7208539263936491,
    "support": 2501.0
  }
}