{
  "positive": {
    "precision": 0.3503787878787879,
    "recall": 0.893719806763285,
    "f1-score": 0.5034013605442177,
    "support": 207.0
  },
  "negative": {
    "precision": 0.5101404056162246,
    "recall": 0.8074074074074075,
    "f1-score": 0.6252390057361377,
    "support": 405.0
  },
  "neutral": {
    "precision": 0.9552691432903715,
    "recall": 0.6670195870831127,
    "f1-score": 0.7855361596009975,
    "support": 1889.0
  },
  "micro avg": {
    "precision": 0.7122186495176849,
    "recall": 0.7085165933626549,
    "f1-score": 0.710362798155943,
    "support": 2501.0
  },
  "macro avg": {
    "precision": 0.6052627789284614,
    "recall": 0.7893822670846017,
    "f1-score": 0.6380588419604509,
    "support": 2501.0
  },
  "weighted avg": {
    "precision": 0.8331222251263461,
    "recall": 0.7085165933626549,
    "f1-score": 0.7362269829836358,
    "support": 2501.0
  }
}