{
  "happiness": {
    "precision": 0.06712564543889846,
    "recall": 0.78,
    "f1-score": 0.12361331220285261,
    "support": 50.0
  },
  "anger": {
    "precision": 0.1237785016286645,
    "recall": 0.8085106382978723,
    "f1-score": 0.21468926553672316,
    "support": 47.0
  },
  "disgust": {
    "precision": 0.125,
    "recall": 0.08823529411764706,
    "f1-score": 0.10344827586206896,
    "support": 68.0
  },
  "fear": {
    "precision": 0.07453416149068323,
    "recall": 0.46153846153846156,
    "f1-score": 0.12834224598930483,
    "support": 26.0
  },
  "sadness": {
    "precision": 0.005847953216374269,
    "recall": 0.16666666666666666,
    "f1-score": 0.011299435028248588,
    "support": 6.0
  },
  "surprise": {
    "precision": 0.04899777282850779,
    "recall": 0.3728813559322034,
    "f1-score": 0.08661417322834646,
    "support": 59.0
  },
  "other": {
    "precision": 0.9593023255813954,
    "recall": 0.14699331848552338,
    "f1-score": 0.2549246813441483,
    "support": 2245.0
  },
  "micro avg": {
    "precision": 0.21737020863658418,
    "recall": 0.17912834866053579,
    "f1-score": 0.19640508548882069,
    "support": 2501.0
  },
  "macro avg": {
    "precision": 0.20065519431207482,
    "recall": 0.40354653357691056,
    "f1-score": 0.13184734131309897,
    "support": 2501.0
  },
  "weighted avg": {
    "precision": 0.8701205267067825,
    "recall": 0.17912834866053579,
    "f1-score": 0.24155393230426478,
    "support": 2501.0
  }
}