{
  "positive": {
    "precision": 0.23026315789473684,
    "recall": 0.8454106280193237,
    "f1-score": 0.3619441571871768,
    "support": 207.0
  },
  "negative": {
    "precision": 0.5130568356374808,
    "recall": 0.8246913580246914,
    "f1-score": 0.6325757575757576,
    "support": 405.0
  },
  "neutral": {
    "precision": 0.9451776649746193,
    "recall": 0.49285336156696663,
    "f1-score": 0.6478775226165623,
    "support": 1889.0
  },
  "micro avg": {
    "precision": 0.6010016694490818,
    "recall": 0.5757696921231508,
    "f1-score": 0.5881151725546253,
    "support": 2501.0
  },
  "macro avg": {
    "precision": 0.5628325528356123,
    "recall": 0.7209851158703273,
    "f1-score": 0.5474658124598323,
    "support": 2501.0
  },
  "weighted avg": {
    "precision": 0.8160308281705102,
    "recall": 0.5757696921231508,
    "f1-score": 0.6217338115068427,
    "support": 2501.0
  }
}