{
  "happiness": {
    "precision": 0.22535211267605634,
    "recall": 0.64,
    "f1-score": 0.3333333333333333,
    "support": 50.0
  },
  "anger": {
    "precision": 0.12427745664739884,
    "recall": 0.9148936170212766,
    "f1-score": 0.21882951653944022,
    "support": 47.0
  },
  "disgust": {
    "precision": 0.06666666666666667,
    "recall": 0.04411764705882353,
    "f1-score": 0.05309734513274336,
    "support": 68.0
  },
  "fear": {
    "precision": 0.05286343612334802,
    "recall": 0.46153846153846156,
    "f1-score": 0.09486166007905138,
    "support": 26.0
  },
  "sadness": {
    "precision": 0.028985507246376812,
    "recall": 0.3333333333333333,
    "f1-score": 0.05333333333333334,
    "support": 6.0
  },
  "surprise": {
    "precision": 0.033707865168539325,
    "recall": 0.6101694915254238,
    "f1-score": 0.06388642413487133,
    "support": 59.0
  },
  "other": {
    "precision": 0.9767441860465116,
    "recall": 0.2244988864142539,
    "f1-score": 0.36508511408909816,
    "support": 2245.0
  },
  "micro avg": {
    "precision": 0.2619146290924161,
    "recall": 0.2526989204318273,
    "f1-score": 0.25722425722425724,
    "support": 2501.0
  },
  "macro avg": {
    "precision": 0.21551389008212823,
    "recall": 0.4612216338416533,
    "f1-score": 0.16891810380598157,
    "support": 2501.0
  },
  "weighted avg": {
    "precision": 0.8868331881373896,
    "recall": 0.2526989204318273,
    "f1-score": 0.3425566000516133,
    "support": 2501.0
  }
}