{
  "positive": {
    "precision": 0.18385214007782102,
    "recall": 0.9130434782608695,
    "f1-score": 0.3060728744939271,
    "support": 207.0
  },
  "negative": {
    "precision": 0.48159057437407954,
    "recall": 0.8074074074074075,
    "f1-score": 0.6033210332103321,
    "support": 405.0
  },
  "neutral": {
    "precision": 0.9140328697850821,
    "recall": 0.38274219163578616,
    "f1-score": 0.5395522388059701,
    "support": 1889.0
  },
  "micro avg": {
    "precision": 0.4959967974379504,
    "recall": 0.49540183926429426,
    "f1-score": 0.4956991398279656,
    "support": 2501.0
  },
  "macro avg": {
    "precision": 0.5264918614123276,
    "recall": 0.7010643591013545,
    "f1-score": 0.4829820488367431,
    "support": 2501.0
  },
  "weighted avg": {
    "precision": 0.7835704384812601,
    "recall": 0.49540183926429426,
    "f1-score": 0.5305542913134366,
    "support": 2501.0
  }
}