{
  "happiness": {
    "precision": 0.22695035460992907,
    "recall": 0.64,
    "f1-score": 0.33507853403141363,
    "support": 50.0
  },
  "anger": {
    "precision": 0.12753623188405797,
    "recall": 0.9361702127659575,
    "f1-score": 0.22448979591836735,
    "support": 47.0
  },
  "disgust": {
    "precision": 0.07894736842105263,
    "recall": 0.04411764705882353,
    "f1-score": 0.05660377358490566,
    "support": 68.0
  },
  "fear": {
    "precision": 0.057777777777777775,
    "recall": 0.5,
    "f1-score": 0.10358565737051793,
    "support": 26.0
  },
  "sadness": {
    "precision": 0.02666666666666667,
    "recall": 0.3333333333333333,
    "f1-score": 0.04938271604938271,
    "support": 6.0
  },
  "surprise": {
    "precision": 0.035783365570599614,
    "recall": 0.6271186440677966,
    "f1-score": 0.0677035681610247,
    "support": 59.0
  },
  "other": {
    "precision": 0.9770833333333333,
    "recall": 0.2089086859688196,
    "f1-score": 0.3442201834862385,
    "support": 2245.0
  },
  "micro avg": {
    "precision": 0.2566295979469632,
    "recall": 0.23990403838464613,
    "f1-score": 0.24798512089274644,
    "support": 2501.0
  },
  "macro avg": {
    "precision": 0.21867787118048815,
    "recall": 0.46994978902781875,
    "f1-score": 0.16872346122883577,
    "support": 2501.0
  },
  "weighted avg": {
    "precision": 0.8876592026413035,
    "recall": 0.23990403838464613,
    "f1-score": 0.3242352457215287,
    "support": 2501.0
  }
}