{
  "positive": {
    "precision": 0.18655967903711135,
    "recall": 0.8985507246376812,
    "f1-score": 0.3089700996677741,
    "support": 207.0
  },
  "negative": {
    "precision": 0.4821958456973294,
    "recall": 0.8024691358024691,
    "f1-score": 0.6024096385542169,
    "support": 405.0
  },
  "neutral": {
    "precision": 0.9095966620305981,
    "recall": 0.3462149285336157,
    "f1-score": 0.5015337423312883,
    "support": 1889.0
  },
  "micro avg": {
    "precision": 0.4874476987447699,
    "recall": 0.4658136745301879,
    "f1-score": 0.4763851973011654,
    "support": 2501.0
  },
  "macro avg": {
    "precision": 0.5261173955883462,
    "recall": 0.6824115963245886,
    "f1-score": 0.4709711601844265,
    "support": 2501.0
  },
  "weighted avg": {
    "precision": 0.7805418895017594,
    "recall": 0.4658136745301879,
    "f1-score": 0.5019312089202281,
    "support": 2501.0
  }
}