{
  "happiness": {
    "precision": 0.07177033492822966,
    "recall": 0.9,
    "f1-score": 0.1329394387001477,
    "support": 50.0
  },
  "anger": {
    "precision": 0.11716621253405994,
    "recall": 0.9148936170212766,
    "f1-score": 0.20772946859903382,
    "support": 47.0
  },
  "disgust": {
    "precision": 0.07692307692307693,
    "recall": 0.04411764705882353,
    "f1-score": 0.056074766355140186,
    "support": 68.0
  },
  "fear": {
    "precision": 0.06349206349206349,
    "recall": 0.3076923076923077,
    "f1-score": 0.10526315789473684,
    "support": 26.0
  },
  "sadness": {
    "precision": 0.016260162601626018,
    "recall": 0.3333333333333333,
    "f1-score": 0.031007751937984496,
    "support": 6.0
  },
  "surprise": {
    "precision": 0.06398104265402843,
    "recall": 0.4576271186440678,
    "f1-score": 0.11226611226611227,
    "support": 59.0
  },
  "other": {
    "precision": 0.9753320683111955,
    "recall": 0.2289532293986637,
    "f1-score": 0.3708513708513709,
    "support": 2245.0
  },
  "micro avg": {
    "precision": 0.28776333482743166,
    "recall": 0.2566973210715714,
    "f1-score": 0.2713440405748098,
    "support": 2501.0
  },
  "macro avg": {
    "precision": 0.19784642306346858,
    "recall": 0.4552310361640676,
    "f1-score": 0.1451617238006466,
    "support": 2501.0
  },
  "weighted avg": {
    "precision": 0.8834345571642968,
    "recall": 0.2566973210715714,
    "f1-score": 0.34479458531516627,
    "support": 2501.0
  }
}