{
  "positive": {
    "precision": 0.2249690976514215,
    "recall": 0.8792270531400966,
    "f1-score": 0.35826771653543305,
    "support": 207.0
  },
  "negative": {
    "precision": 0.503725782414307,
    "recall": 0.8345679012345679,
    "f1-score": 0.6282527881040892,
    "support": 405.0
  },
  "neutral": {
    "precision": 0.943064182194617,
    "recall": 0.4822657490735839,
    "f1-score": 0.6381786339754816,
    "support": 1889.0
  },
  "micro avg": {
    "precision": 0.5850367947669665,
    "recall": 0.5721711315473811,
    "f1-score": 0.5785324439053973,
    "support": 2501.0
  },
  "macro avg": {
    "precision": 0.5572530207534485,
    "recall": 0.7320202344827496,
    "f1-score": 0.5415663795383346,
    "support": 2501.0
  },
  "weighted avg": {
    "precision": 0.812485319974918,
    "recall": 0.5721711315473811,
    "f1-score": 0.613403932860726,
    "support": 2501.0
  }
}