{
  "happiness": {
    "precision": 0.2391304347826087,
    "recall": 0.66,
    "f1-score": 0.35106382978723405,
    "support": 50.0
  },
  "anger": {
    "precision": 0.12753623188405797,
    "recall": 0.9361702127659575,
    "f1-score": 0.22448979591836735,
    "support": 47.0
  },
  "disgust": {
    "precision": 0.02631578947368421,
    "recall": 0.014705882352941176,
    "f1-score": 0.018867924528301886,
    "support": 68.0
  },
  "fear": {
    "precision": 0.05726872246696035,
    "recall": 0.5,
    "f1-score": 0.10276679841897234,
    "support": 26.0
  },
  "sadness": {
    "precision": 0.028985507246376812,
    "recall": 0.3333333333333333,
    "f1-score": 0.05333333333333334,
    "support": 6.0
  },
  "surprise": {
    "precision": 0.03614457831325301,
    "recall": 0.6610169491525424,
    "f1-score": 0.06854130052724078,
    "support": 59.0
  },
  "other": {
    "precision": 0.9786407766990292,
    "recall": 0.2244988864142539,
    "f1-score": 0.3652173913043478,
    "support": 2245.0
  },
  "micro avg": {
    "precision": 0.2637909581086686,
    "recall": 0.2542982806877249,
    "f1-score": 0.25895765472312704,
    "support": 2501.0
  },
  "macro avg": {
    "precision": 0.21343172012371006,
    "recall": 0.4756750377170041,
    "f1-score": 0.16918291054539963,
    "support": 2501.0
  },
  "weighted avg": {
    "precision": 0.8878785173767746,
    "recall": 0.2542982806877249,
    "f1-score": 0.34239750009344694,
    "support": 2501.0
  }
}