{
  "positive": {
    "precision": 0.18304431599229287,
    "recall": 0.9178743961352657,
    "f1-score": 0.30522088353413657,
    "support": 207.0
  },
  "negative": {
    "precision": 0.47750362844702465,
    "recall": 0.8123456790123457,
    "f1-score": 0.6014625228519196,
    "support": 405.0
  },
  "neutral": {
    "precision": 0.9166666666666666,
    "recall": 0.3726839597670725,
    "f1-score": 0.5299209634926609,
    "support": 1889.0
  },
  "micro avg": {
    "precision": 0.4901803607214429,
    "recall": 0.48900439824070374,
    "f1-score": 0.48959167333867093,
    "support": 2501.0
  },
  "macro avg": {
    "precision": 0.5257382037019948,
    "recall": 0.7009680116382279,
    "f1-score": 0.4788681232929057,
    "support": 2501.0
  },
  "weighted avg": {
    "precision": 0.78483105808268,
    "recall": 0.48900439824070374,
    "f1-score": 0.5229083345398762,
    "support": 2501.0
  }
}