{
  "happiness": {
    "precision": 0.12979351032448377,
    "recall": 0.88,
    "f1-score": 0.2262210796915167,
    "support": 50.0
  },
  "anger": {
    "precision": 0.08243727598566308,
    "recall": 0.9787234042553191,
    "f1-score": 0.15206611570247933,
    "support": 47.0
  },
  "disgust": {
    "precision": 0.0,
    "recall": 0.0,
    "f1-score": 0.0,
    "support": 68.0
  },
  "fear": {
    "precision": 0.046153846153846156,
    "recall": 0.11538461538461539,
    "f1-score": 0.06593406593406594,
    "support": 26.0
  },
  "sadness": {
    "precision": 0.06451612903225806,
    "recall": 0.3333333333333333,
    "f1-score": 0.10810810810810811,
    "support": 6.0
  },
  "surprise": {
    "precision": 0.08588957055214724,
    "recall": 0.23728813559322035,
    "f1-score": 0.12612612612612611,
    "support": 59.0
  },
  "other": {
    "precision": 0.978030303030303,
    "recall": 0.5750556792873052,
    "f1-score": 0.7242636746143057,
    "support": 2245.0
  },
  "micro avg": {
    "precision": 0.5620232838217584,
    "recall": 0.5597760895641744,
    "f1-score": 0.5608974358974359,
    "support": 2501.0
  },
  "macro avg": {
    "precision": 0.1981172335826716,
    "recall": 0.44568359540768476,
    "f1-score": 0.2003884528823717,
    "support": 2501.0
  },
  "weighted avg": {
    "precision": 0.8847248457526394,
    "recall": 0.5597760895641744,
    "f1-score": 0.6614292230052318,
    "support": 2501.0
  }
}