{
  "positive": {
    "precision": 0.2667660208643815,
    "recall": 0.8647342995169082,
    "f1-score": 0.40774487471526194,
    "support": 207.0
  },
  "negative": {
    "precision": 0.4940652818991098,
    "recall": 0.8222222222222222,
    "f1-score": 0.6172381835032438,
    "support": 405.0
  },
  "neutral": {
    "precision": 0.9477806788511749,
    "recall": 0.5764955002646903,
    "f1-score": 0.716919025674786,
    "support": 1889.0
  },
  "micro avg": {
    "precision": 0.6419406575781876,
    "recall": 0.6401439424230307,
    "f1-score": 0.6410410410410411,
    "support": 2501.0
  },
  "macro avg": {
    "precision": 0.5695373272048888,
    "recall": 0.754484007334607,
    "f1-score": 0.5806340279644306,
    "support": 2501.0
  },
  "weighted avg": {
    "precision": 0.8179427060527532,
    "recall": 0.6401439424230307,
    "f1-score": 0.6751878020330043,
    "support": 2501.0
  }
}