{
  "happiness": {
    "precision": 0.1541095890410959,
    "recall": 0.9,
    "f1-score": 0.2631578947368421,
    "support": 50.0
  },
  "anger": {
    "precision": 0.08303249097472924,
    "recall": 0.9787234042553191,
    "f1-score": 0.15307820299500832,
    "support": 47.0
  },
  "disgust": {
    "precision": 0.09090909090909091,
    "recall": 0.014705882352941176,
    "f1-score": 0.02531645569620253,
    "support": 68.0
  },
  "fear": {
    "precision": 0.08,
    "recall": 0.15384615384615385,
    "f1-score": 0.10526315789473684,
    "support": 26.0
  },
  "sadness": {
    "precision": 0.06451612903225806,
    "recall": 0.3333333333333333,
    "f1-score": 0.10810810810810811,
    "support": 6.0
  },
  "surprise": {
    "precision": 0.1527777777777778,
    "recall": 0.1864406779661017,
    "f1-score": 0.16793893129770993,
    "support": 59.0
  },
  "other": {
    "precision": 0.9838926174496644,
    "recall": 0.6530066815144766,
    "f1-score": 0.7850066934404284,
    "support": 2245.0
  },
  "micro avg": {
    "precision": 0.63,
    "recall": 0.6297481007596961,
    "f1-score": 0.629874025194961,
    "support": 2501.0
  },
  "macro avg": {
    "precision": 0.22989109931208804,
    "recall": 0.46000801903833227,
    "f1-score": 0.22969563488129088,
    "support": 2501.0
  },
  "weighted avg": {
    "precision": 0.8948859402428085,
    "recall": 0.6297481007596961,
    "f1-score": 0.7187956832223861,
    "support": 2501.0
  }
}