{
  "positive": {
    "precision": 0.3432282003710575,
    "recall": 0.893719806763285,
    "f1-score": 0.4959785522788204,
    "support": 207.0
  },
  "negative": {
    "precision": 0.5084745762711864,
    "recall": 0.8148148148148148,
    "f1-score": 0.6261859582542695,
    "support": 405.0
  },
  "neutral": {
    "precision": 0.954233409610984,
    "recall": 0.6622551614610905,
    "f1-score": 0.781875,
    "support": 1889.0
  },
  "micro avg": {
    "precision": 0.7066826730692277,
    "recall": 0.7061175529788085,
    "f1-score": 0.7064,
    "support": 2501.0
  },
  "macro avg": {
    "precision": 0.6019787287510759,
    "recall": 0.7902632610130634,
    "f1-score": 0.6346798368443632,
    "support": 2501.0
  },
  "weighted avg": {
    "precision": 0.8314783493089917,
    "recall": 0.7061175529788085,
    "f1-score": 0.7330006990862434,
    "support": 2501.0
  }
}