{
  "happiness": {
    "precision": 0.23529411764705882,
    "recall": 0.64,
    "f1-score": 0.34408602150537637,
    "support": 50.0
  },
  "anger": {
    "precision": 0.1286549707602339,
    "recall": 0.9361702127659575,
    "f1-score": 0.2262210796915167,
    "support": 47.0
  },
  "disgust": {
    "precision": 0.027777777777777776,
    "recall": 0.014705882352941176,
    "f1-score": 0.019230769230769232,
    "support": 68.0
  },
  "fear": {
    "precision": 0.05627705627705628,
    "recall": 0.5,
    "f1-score": 0.10116731517509728,
    "support": 26.0
  },
  "sadness": {
    "precision": 0.029411764705882353,
    "recall": 0.3333333333333333,
    "f1-score": 0.05405405405405406,
    "support": 6.0
  },
  "surprise": {
    "precision": 0.03690036900369004,
    "recall": 0.6779661016949152,
    "f1-score": 0.0699912510936133,
    "support": 59.0
  },
  "other": {
    "precision": 0.9803536345776032,
    "recall": 0.222271714922049,
    "f1-score": 0.3623819898329702,
    "support": 2245.0
  },
  "micro avg": {
    "precision": 0.26226101413133834,
    "recall": 0.25229908036785287,
    "f1-score": 0.2571836152435297,
    "support": 2501.0
  },
  "macro avg": {
    "precision": 0.2135242415356146,
    "recall": 0.4749210350098852,
    "f1-score": 0.1681617829404853,
    "support": 2501.0
  },
  "weighted avg": {
    "precision": 0.8894086700705112,
    "recall": 0.25229908036785287,
    "f1-score": 0.3397745340411358,
    "support": 2501.0
  }
}