{
  "positive": {
    "precision": 0.18489835430784124,
    "recall": 0.9227053140096618,
    "f1-score": 0.30806451612903224,
    "support": 207.0
  },
  "negative": {
    "precision": 0.4780701754385965,
    "recall": 0.8074074074074075,
    "f1-score": 0.6005509641873278,
    "support": 405.0
  },
  "neutral": {
    "precision": 0.9159120310478654,
    "recall": 0.37480148226574905,
    "f1-score": 0.531930879038317,
    "support": 1889.0
  },
  "micro avg": {
    "precision": 0.4923694779116466,
    "recall": 0.49020391843262695,
    "f1-score": 0.4912843117611701,
    "support": 2501.0
  },
  "macro avg": {
    "precision": 0.5262935202647677,
    "recall": 0.7016380678942727,
    "f1-score": 0.48018211978489234,
    "support": 2501.0
  },
  "weighted avg": {
    "precision": 0.7845062803053868,
    "recall": 0.49020391843262695,
    "f1-score": 0.5245141646693157,
    "support": 2501.0
  }
}