{
  "happiness": {
    "precision": 0.1541095890410959,
    "recall": 0.9,
    "f1-score": 0.2631578947368421,
    "support": 50.0
  },
  "anger": {
    "precision": 0.08288288288288288,
    "recall": 0.9787234042553191,
    "f1-score": 0.15282392026578073,
    "support": 47.0
  },
  "disgust": {
    "precision": 0.08333333333333333,
    "recall": 0.014705882352941176,
    "f1-score": 0.025,
    "support": 68.0
  },
  "fear": {
    "precision": 0.09433962264150944,
    "recall": 0.19230769230769232,
    "f1-score": 0.12658227848101267,
    "support": 26.0
  },
  "sadness": {
    "precision": 0.0625,
    "recall": 0.3333333333333333,
    "f1-score": 0.10526315789473684,
    "support": 6.0
  },
  "surprise": {
    "precision": 0.16176470588235295,
    "recall": 0.1864406779661017,
    "f1-score": 0.1732283464566929,
    "support": 59.0
  },
  "other": {
    "precision": 0.9804450438300741,
    "recall": 0.6476614699331849,
    "f1-score": 0.7800429184549357,
    "support": 2245.0
  },
  "micro avg": {
    "precision": 0.6268537074148297,
    "recall": 0.6253498600559776,
    "f1-score": 0.6261008807045636,
    "support": 2501.0
  },
  "macro avg": {
    "precision": 0.23133931108732123,
    "recall": 0.46473892287836754,
    "f1-score": 0.23229978804142867,
    "support": 2501.0
  },
  "weighted avg": {
    "precision": 0.8919387096555265,
    "recall": 0.6253498600559776,
    "f1-score": 0.7146661981405373,
    "support": 2501.0
  }
}