{
  "positive": {
    "precision": 0.34450651769087526,
    "recall": 0.893719806763285,
    "f1-score": 0.49731182795698925,
    "support": 207.0
  },
  "negative": {
    "precision": 0.5023183925811437,
    "recall": 0.8024691358024691,
    "f1-score": 0.6178707224334601,
    "support": 405.0
  },
  "neutral": {
    "precision": 0.9512566641279513,
    "recall": 0.6611964002117523,
    "f1-score": 0.7801374141161774,
    "support": 1889.0
  },
  "micro avg": {
    "precision": 0.7044453344012815,
    "recall": 0.7033186725309876,
    "f1-score": 0.7038815526210485,
    "support": 2501.0
  },
  "macro avg": {
    "precision": 0.5993605247999901,
    "recall": 0.7857951142591689,
    "f1-score": 0.6317733215022089,
    "support": 2501.0
  },
  "weighted avg": {
    "precision": 0.8283389191103856,
    "recall": 0.7033186725309876,
    "f1-score": 0.730452125644985,
    "support": 2501.0
  }
}