{
  "happiness": {
    "precision": 0.06596701649175413,
    "recall": 0.88,
    "f1-score": 0.12273361227336123,
    "support": 50.0
  },
  "anger": {
    "precision": 0.12312312312312312,
    "recall": 0.8723404255319149,
    "f1-score": 0.21578947368421053,
    "support": 47.0
  },
  "disgust": {
    "precision": 0.1111111111111111,
    "recall": 0.07352941176470588,
    "f1-score": 0.08849557522123894,
    "support": 68.0
  },
  "fear": {
    "precision": 0.0728476821192053,
    "recall": 0.4230769230769231,
    "f1-score": 0.12429378531073447,
    "support": 26.0
  },
  "sadness": {
    "precision": 0.00980392156862745,
    "recall": 0.3333333333333333,
    "f1-score": 0.01904761904761905,
    "support": 6.0
  },
  "surprise": {
    "precision": 0.046747967479674794,
    "recall": 0.3898305084745763,
    "f1-score": 0.08348457350272233,
    "support": 59.0
  },
  "other": {
    "precision": 0.9563567362428842,
    "recall": 0.2244988864142539,
    "f1-score": 0.36363636363636365,
    "support": 2245.0
  },
  "micro avg": {
    "precision": 0.260438197602315,
    "recall": 0.25189924030387845,
    "f1-score": 0.25609756097560976,
    "support": 2501.0
  },
  "macro avg": {
    "precision": 0.19799393687662573,
    "recall": 0.45665849837081535,
    "f1-score": 0.14535442895375003,
    "support": 2501.0
  },
  "weighted avg": {
    "precision": 0.8670022228620621,
    "recall": 0.25189924030387845,
    "f1-score": 0.33863719925011276,
    "support": 2501.0
  }
}