{
  "positive": {
    "precision": 0.22835633626097868,
    "recall": 0.8792270531400966,
    "f1-score": 0.36254980079681276,
    "support": 207.0
  },
  "negative": {
    "precision": 0.5075075075075075,
    "recall": 0.8345679012345679,
    "f1-score": 0.6311858076563959,
    "support": 405.0
  },
  "neutral": {
    "precision": 0.9392156862745098,
    "recall": 0.5071466384330333,
    "f1-score": 0.6586455826744586,
    "support": 1889.0
  },
  "micro avg": {
    "precision": 0.5952476842529199,
    "recall": 0.5909636145541783,
    "f1-score": 0.5930979133226324,
    "support": 2501.0
  },
  "macro avg": {
    "precision": 0.5583598433476653,
    "recall": 0.7403138642692326,
    "f1-score": 0.5507937303758891,
    "support": 2501.0
  },
  "weighted avg": {
    "precision": 0.8104713048856906,
    "recall": 0.5909636145541783,
    "f1-score": 0.629691949835199,
    "support": 2501.0
  }
}