{
  "happiness": {
    "precision": 0.1329479768786127,
    "recall": 0.92,
    "f1-score": 0.23232323232323232,
    "support": 50.0
  },
  "anger": {
    "precision": 0.08348794063079777,
    "recall": 0.9574468085106383,
    "f1-score": 0.15358361774744028,
    "support": 47.0
  },
  "disgust": {
    "precision": 0.0,
    "recall": 0.0,
    "f1-score": 0.0,
    "support": 68.0
  },
  "fear": {
    "precision": 0.07407407407407407,
    "recall": 0.15384615384615385,
    "f1-score": 0.1,
    "support": 26.0
  },
  "sadness": {
    "precision": 0.03225806451612903,
    "recall": 0.16666666666666666,
    "f1-score": 0.05405405405405406,
    "support": 6.0
  },
  "surprise": {
    "precision": 0.11570247933884298,
    "recall": 0.23728813559322035,
    "f1-score": 0.15555555555555556,
    "support": 59.0
  },
  "other": {
    "precision": 0.9798705966930266,
    "recall": 0.6071269487750557,
    "f1-score": 0.7497249724972497,
    "support": 2245.0
  },
  "accuracy": 0.5889644142343062,
  "macro avg": {
    "precision": 0.20262016173306902,
    "recall": 0.4346249590559621,
    "f1-score": 0.2064630617396474,
    "support": 2501.0
  },
  "weighted avg": {
    "precision": 0.8873757465907386,
    "recall": 0.5889644142343062,
    "f1-score": 0.685353561378936,
    "support": 2501.0
  }
}