{
  "positive": {
    "precision": 0.2811550151975684,
    "recall": 0.893719806763285,
    "f1-score": 0.4277456647398844,
    "support": 207.0
  },
  "negative": {
    "precision": 0.4892966360856269,
    "recall": 0.7901234567901234,
    "f1-score": 0.6043437204910292,
    "support": 405.0
  },
  "neutral": {
    "precision": 0.9410774410774411,
    "recall": 0.5918475383800953,
    "f1-score": 0.7266818329541761,
    "support": 1889.0
  },
  "micro avg": {
    "precision": 0.6492,
    "recall": 0.6489404238304678,
    "f1-score": 0.6490701859628074,
    "support": 2501.0
  },
  "macro avg": {
    "precision": 0.5705096974535455,
    "recall": 0.7585636006445012,
    "f1-score": 0.5862570727283632,
    "support": 2501.0
  },
  "weighted avg": {
    "precision": 0.8132984853881894,
    "recall": 0.6489404238304678,
    "f1-score": 0.6821289651541229,
    "support": 2501.0
  }
}