{
  "happiness": {
    "precision": 0.125,
    "recall": 0.88,
    "f1-score": 0.21890547263681592,
    "support": 50.0
  },
  "anger": {
    "precision": 0.08364312267657993,
    "recall": 0.9574468085106383,
    "f1-score": 0.15384615384615385,
    "support": 47.0
  },
  "disgust": {
    "precision": 0.058823529411764705,
    "recall": 0.014705882352941176,
    "f1-score": 0.023529411764705882,
    "support": 68.0
  },
  "fear": {
    "precision": 0.08823529411764706,
    "recall": 0.23076923076923078,
    "f1-score": 0.1276595744680851,
    "support": 26.0
  },
  "sadness": {
    "precision": 0.023255813953488372,
    "recall": 0.16666666666666666,
    "f1-score": 0.04081632653061224,
    "support": 6.0
  },
  "surprise": {
    "precision": 0.08633093525179857,
    "recall": 0.2033898305084746,
    "f1-score": 0.12121212121212122,
    "support": 59.0
  },
  "other": {
    "precision": 0.9813849590469099,
    "recall": 0.5870824053452116,
    "f1-score": 0.7346711259754738,
    "support": 2245.0
  },
  "micro avg": {
    "precision": 0.5708,
    "recall": 0.5705717712914834,
    "f1-score": 0.5706858628274345,
    "support": 2501.0
  },
  "macro avg": {
    "precision": 0.2066676649225984,
    "recall": 0.43429440345045184,
    "f1-score": 0.20294859806199542,
    "support": 2501.0
  },
  "weighted avg": {
    "precision": 0.889611210530487,
    "recall": 0.5705717712914834,
    "f1-score": 0.6716626480305549,
    "support": 2501.0
  }
}