{
  "positive": {
    "precision": 0.2675438596491228,
    "recall": 0.8840579710144928,
    "f1-score": 0.4107744107744108,
    "support": 207.0
  },
  "negative": {
    "precision": 0.4917293233082707,
    "recall": 0.8074074074074075,
    "f1-score": 0.611214953271028,
    "support": 405.0
  },
  "neutral": {
    "precision": 0.9409722222222222,
    "recall": 0.5738485971413446,
    "f1-score": 0.7129233804669517,
    "support": 1889.0
  },
  "accuracy": 0.6373450619752099,
  "macro avg": {
    "precision": 0.5667484683932053,
    "recall": 0.7551046585210816,
    "f1-score": 0.5783042481707968,
    "support": 2501.0
  },
  "weighted avg": {
    "precision": 0.8124863985065957,
    "recall": 0.6373450619752099,
    "f1-score": 0.6714452718141308,
    "support": 2501.0
  }
}