{
  "happiness": {
    "precision": 0.24242424242424243,
    "recall": 0.64,
    "f1-score": 0.3516483516483517,
    "support": 50.0
  },
  "anger": {
    "precision": 0.12320916905444126,
    "recall": 0.9148936170212766,
    "f1-score": 0.21717171717171718,
    "support": 47.0
  },
  "disgust": {
    "precision": 0.02702702702702703,
    "recall": 0.014705882352941176,
    "f1-score": 0.01904761904761905,
    "support": 68.0
  },
  "fear": {
    "precision": 0.057777777777777775,
    "recall": 0.5,
    "f1-score": 0.10358565737051793,
    "support": 26.0
  },
  "sadness": {
    "precision": 0.028985507246376812,
    "recall": 0.3333333333333333,
    "f1-score": 0.05333333333333334,
    "support": 6.0
  },
  "surprise": {
    "precision": 0.03683241252302026,
    "recall": 0.6779661016949152,
    "f1-score": 0.06986899563318777,
    "support": 59.0
  },
  "other": {
    "precision": 0.9822134387351779,
    "recall": 0.22138084632516702,
    "f1-score": 0.361323155216285,
    "support": 2245.0
  },
  "micro avg": {
    "precision": 0.2612312811980033,
    "recall": 0.2510995601759296,
    "f1-score": 0.2560652395514781,
    "support": 2501.0
  },
  "macro avg": {
    "precision": 0.2140670821125805,
    "recall": 0.47175425438966195,
    "f1-score": 0.16799697563157315,
    "support": 2501.0
  },
  "weighted avg": {
    "precision": 0.8911108750378416,
    "recall": 0.2510995601759296,
    "f1-score": 0.33882075476980317,
    "support": 2501.0
  }
}