{
  "positive": {
    "precision": 0.18561710398445092,
    "recall": 0.9227053140096618,
    "f1-score": 0.30906148867313915,
    "support": 207.0
  },
  "negative": {
    "precision": 0.48604992657856094,
    "recall": 0.817283950617284,
    "f1-score": 0.6095764272559853,
    "support": 405.0
  },
  "neutral": {
    "precision": 0.9212598425196851,
    "recall": 0.37162519851773423,
    "f1-score": 0.5296114673708034,
    "support": 1889.0
  },
  "micro avg": {
    "precision": 0.49514563106796117,
    "recall": 0.4894042383046781,
    "f1-score": 0.4922581942489443,
    "support": 2501.0
  },
  "macro avg": {
    "precision": 0.5309756243608991,
    "recall": 0.7038714877148933,
    "f1-score": 0.4827497944333093,
    "support": 2501.0
  },
  "weighted avg": {
    "precision": 0.78989716245853,
    "recall": 0.4894042383046781,
    "f1-score": 0.5243063746731154,
    "support": 2501.0
  }
}