{
  "happiness": {
    "precision": 0.0669710806697108,
    "recall": 0.88,
    "f1-score": 0.12446958981612447,
    "support": 50.0
  },
  "anger": {
    "precision": 0.11684782608695653,
    "recall": 0.9148936170212766,
    "f1-score": 0.20722891566265061,
    "support": 47.0
  },
  "disgust": {
    "precision": 0.08108108108108109,
    "recall": 0.04411764705882353,
    "f1-score": 0.05714285714285714,
    "support": 68.0
  },
  "fear": {
    "precision": 0.06015037593984962,
    "recall": 0.3076923076923077,
    "f1-score": 0.10062893081761007,
    "support": 26.0
  },
  "sadness": {
    "precision": 0.015625,
    "recall": 0.3333333333333333,
    "f1-score": 0.029850746268656716,
    "support": 6.0
  },
  "surprise": {
    "precision": 0.06264501160092807,
    "recall": 0.4576271186440678,
    "f1-score": 0.11020408163265306,
    "support": 59.0
  },
  "other": {
    "precision": 0.9759887005649718,
    "recall": 0.30779510022271717,
    "f1-score": 0.46799864544530984,
    "support": 2245.0
  },
  "micro avg": {
    "precision": 0.3322502030869212,
    "recall": 0.3270691723310676,
    "f1-score": 0.3296393310497683,
    "support": 2501.0
  },
  "macro avg": {
    "precision": 0.19704415370621398,
    "recall": 0.4636370177103609,
    "f1-score": 0.1567891095408374,
    "support": 2501.0
  },
  "weighted avg": {
    "precision": 0.8839673185127305,
    "recall": 0.3270691723310676,
    "f1-score": 0.4317486642673259,
    "support": 2501.0
  }
}