{
  "positive": {
    "precision": 0.2214199759326113,
    "recall": 0.8888888888888888,
    "f1-score": 0.35452793834296725,
    "support": 207.0
  },
  "negative": {
    "precision": 0.502906976744186,
    "recall": 0.854320987654321,
    "f1-score": 0.6331198536139067,
    "support": 405.0
  },
  "neutral": {
    "precision": 0.946611909650924,
    "recall": 0.4880889359449444,
    "f1-score": 0.6440796367446734,
    "support": 1889.0
  },
  "micro avg": {
    "precision": 0.5824308062575211,
    "recall": 0.5805677728908437,
    "f1-score": 0.5814977973568282,
    "support": 2501.0
  },
  "macro avg": {
    "precision": 0.5569796207759071,
    "recall": 0.7437662708293847,
    "f1-score": 0.5439091429005157,
    "support": 2501.0
  },
  "weighted avg": {
    "precision": 0.8147385677449186,
    "recall": 0.5805677728908437,
    "f1-score": 0.6183395672776147,
    "support": 2501.0
  }
}