{
  "happiness": {
    "precision": 0.15463917525773196,
    "recall": 0.9,
    "f1-score": 0.26392961876832843,
    "support": 50.0
  },
  "anger": {
    "precision": 0.08394160583941605,
    "recall": 0.9787234042553191,
    "f1-score": 0.1546218487394958,
    "support": 47.0
  },
  "disgust": {
    "precision": 0.1,
    "recall": 0.014705882352941176,
    "f1-score": 0.02564102564102564,
    "support": 68.0
  },
  "fear": {
    "precision": 0.10416666666666667,
    "recall": 0.19230769230769232,
    "f1-score": 0.13513513513513514,
    "support": 26.0
  },
  "sadness": {
    "precision": 0.0625,
    "recall": 0.3333333333333333,
    "f1-score": 0.10526315789473684,
    "support": 6.0
  },
  "surprise": {
    "precision": 0.18055555555555555,
    "recall": 0.22033898305084745,
    "f1-score": 0.1984732824427481,
    "support": 59.0
  },
  "other": {
    "precision": 0.9845222072678331,
    "recall": 0.6516703786191537,
    "f1-score": 0.7842401500938087,
    "support": 2245.0
  },
  "micro avg": {
    "precision": 0.6332931242460796,
    "recall": 0.6297481007596961,
    "f1-score": 0.6315156375300722,
    "support": 2501.0
  },
  "macro avg": {
    "precision": 0.23861788722674332,
    "recall": 0.4701542391313267,
    "f1-score": 0.2381863169593255,
    "support": 2501.0
  },
  "weighted avg": {
    "precision": 0.8966276212174074,
    "recall": 0.6297481007596961,
    "f1-score": 0.7191849063008264,
    "support": 2501.0
  }
}