{
  "positive": {
    "precision": 0.3446969696969697,
    "recall": 0.8792270531400966,
    "f1-score": 0.49523809523809526,
    "support": 207.0
  },
  "negative": {
    "precision": 0.5078125,
    "recall": 0.8024691358024691,
    "f1-score": 0.6220095693779905,
    "support": 405.0
  },
  "neutral": {
    "precision": 0.9537177541729894,
    "recall": 0.6654314452091054,
    "f1-score": 0.7839101964452759,
    "support": 1889.0
  },
  "micro avg": {
    "precision": 0.7095736122284795,
    "recall": 0.7053178728508597,
    "f1-score": 0.7074393422899539,
    "support": 2501.0
  },
  "macro avg": {
    "precision": 0.6020757412899864,
    "recall": 0.7823758780505571,
    "f1-score": 0.6337192870204539,
    "support": 2501.0
  },
  "weighted avg": {
    "precision": 0.8311032278528788,
    "recall": 0.7053178728508597,
    "f1-score": 0.7338002888434618,
    "support": 2501.0
  }
}