{
  "happiness": {
    "precision": 0.15845070422535212,
    "recall": 0.9,
    "f1-score": 0.2694610778443114,
    "support": 50.0
  },
  "anger": {
    "precision": 0.08394160583941605,
    "recall": 0.9787234042553191,
    "f1-score": 0.1546218487394958,
    "support": 47.0
  },
  "disgust": {
    "precision": 0.08333333333333333,
    "recall": 0.014705882352941176,
    "f1-score": 0.025,
    "support": 68.0
  },
  "fear": {
    "precision": 0.09803921568627451,
    "recall": 0.19230769230769232,
    "f1-score": 0.12987012987012986,
    "support": 26.0
  },
  "sadness": {
    "precision": 0.06451612903225806,
    "recall": 0.3333333333333333,
    "f1-score": 0.10810810810810811,
    "support": 6.0
  },
  "surprise": {
    "precision": 0.15789473684210525,
    "recall": 0.2033898305084746,
    "f1-score": 0.17777777777777778,
    "support": 59.0
  },
  "other": {
    "precision": 0.9819759679572764,
    "recall": 0.6552338530066815,
    "f1-score": 0.7860005343307508,
    "support": 2245.0
  },
  "micro avg": {
    "precision": 0.6328,
    "recall": 0.632546981207517,
    "f1-score": 0.6326734653069386,
    "support": 2501.0
  },
  "macro avg": {
    "precision": 0.23259309898800223,
    "recall": 0.4682419993949202,
    "f1-score": 0.23583421095293913,
    "support": 2501.0
  },
  "weighted avg": {
    "precision": 0.8933716158625323,
    "recall": 0.632546981207517,
    "f1-score": 0.7203221276568046,
    "support": 2501.0
  }
}