{
  "positive": {
    "precision": 0.3466666666666667,
    "recall": 0.8792270531400966,
    "f1-score": 0.4972677595628415,
    "support": 207.0
  },
  "negative": {
    "precision": 0.5061728395061729,
    "recall": 0.8098765432098766,
    "f1-score": 0.6229819563152896,
    "support": 405.0
  },
  "neutral": {
    "precision": 0.9524886877828054,
    "recall": 0.6686077289571202,
    "f1-score": 0.785692068429238,
    "support": 1889.0
  },
  "micro avg": {
    "precision": 0.709483793517407,
    "recall": 0.7089164334266294,
    "f1-score": 0.7092,
    "support": 2501.0
  },
  "macro avg": {
    "precision": 0.6017760646518816,
    "recall": 0.7859037751023644,
    "f1-score": 0.6353139281024563,
    "support": 2501.0
  },
  "weighted avg": {
    "precision": 0.8300724235192801,
    "recall": 0.7089164334266294,
    "f1-score": 0.7354715856857381,
    "support": 2501.0
  }
}