{
  "happiness": {
    "precision": 0.06515151515151515,
    "recall": 0.86,
    "f1-score": 0.12112676056338029,
    "support": 50.0
  },
  "anger": {
    "precision": 0.11653116531165311,
    "recall": 0.9148936170212766,
    "f1-score": 0.20673076923076922,
    "support": 47.0
  },
  "disgust": {
    "precision": 0.06666666666666667,
    "recall": 0.029411764705882353,
    "f1-score": 0.04081632653061224,
    "support": 68.0
  },
  "fear": {
    "precision": 0.058823529411764705,
    "recall": 0.3076923076923077,
    "f1-score": 0.09876543209876543,
    "support": 26.0
  },
  "sadness": {
    "precision": 0.015037593984962405,
    "recall": 0.3333333333333333,
    "f1-score": 0.02877697841726619,
    "support": 6.0
  },
  "surprise": {
    "precision": 0.059770114942528735,
    "recall": 0.4406779661016949,
    "f1-score": 0.10526315789473684,
    "support": 59.0
  },
  "other": {
    "precision": 0.9741007194244604,
    "recall": 0.30155902004454344,
    "f1-score": 0.4605442176870748,
    "support": 2245.0
  },
  "micro avg": {
    "precision": 0.3258746948738812,
    "recall": 0.3202718912435026,
    "f1-score": 0.32304900181488205,
    "support": 2501.0
  },
  "macro avg": {
    "precision": 0.19372590069907875,
    "recall": 0.45536685841414837,
    "f1-score": 0.1517176632032293,
    "support": 2501.0
  },
  "weighted avg": {
    "precision": 0.881755323102237,
    "recall": 0.3202718912435026,
    "f1-score": 0.4243986615411598,
    "support": 2501.0
  }
}