{
  "positive": {
    "precision": 0.2246376811594203,
    "recall": 0.8985507246376812,
    "f1-score": 0.35942028985507246,
    "support": 207.0
  },
  "negative": {
    "precision": 0.49783549783549785,
    "recall": 0.8518518518518519,
    "f1-score": 0.6284153005464481,
    "support": 405.0
  },
  "neutral": {
    "precision": 0.9463917525773196,
    "recall": 0.4859714134462679,
    "f1-score": 0.6421825813221406,
    "support": 1889.0
  },
  "micro avg": {
    "precision": 0.5816940987555199,
    "recall": 0.5793682526989204,
    "f1-score": 0.5805288461538461,
    "support": 2501.0
  },
  "macro avg": {
    "precision": 0.5562883105240792,
    "recall": 0.7454579966452669,
    "f1-score": 0.5433393905745537,
    "support": 2501.0
  },
  "weighted avg": {
    "precision": 0.8140173519559908,
    "recall": 0.5793682526989204,
    "f1-score": 0.6165498172086505,
    "support": 2501.0
  }
}