{
  "happiness": {
    "precision": 0.13125,
    "recall": 0.84,
    "f1-score": 0.22702702702702704,
    "support": 50.0
  },
  "anger": {
    "precision": 0.08394160583941605,
    "recall": 0.9787234042553191,
    "f1-score": 0.1546218487394958,
    "support": 47.0
  },
  "disgust": {
    "precision": 0.05555555555555555,
    "recall": 0.014705882352941176,
    "f1-score": 0.023255813953488372,
    "support": 68.0
  },
  "fear": {
    "precision": 0.07547169811320754,
    "recall": 0.15384615384615385,
    "f1-score": 0.10126582278481013,
    "support": 26.0
  },
  "sadness": {
    "precision": 0.05263157894736842,
    "recall": 0.3333333333333333,
    "f1-score": 0.09090909090909091,
    "support": 6.0
  },
  "surprise": {
    "precision": 0.08,
    "recall": 0.1694915254237288,
    "f1-score": 0.10869565217391304,
    "support": 59.0
  },
  "other": {
    "precision": 0.9778254649499285,
    "recall": 0.6089086859688196,
    "f1-score": 0.7504803733186934,
    "support": 2245.0
  },
  "micro avg": {
    "precision": 0.5888,
    "recall": 0.5885645741703319,
    "f1-score": 0.5886822635472906,
    "support": 2501.0
  },
  "macro avg": {
    "precision": 0.2080965576293537,
    "recall": 0.4427155693114709,
    "f1-score": 0.208036518415217,
    "support": 2501.0
  },
  "weighted avg": {
    "precision": 0.8862462037942612,
    "recall": 0.5885645741703319,
    "f1-score": 0.6855736989634276,
    "support": 2501.0
  }
}