{
  "positive": {
    "precision": 0.29838709677419356,
    "recall": 0.893719806763285,
    "f1-score": 0.44740024183796856,
    "support": 207.0
  },
  "negative": {
    "precision": 0.4954682779456193,
    "recall": 0.8098765432098766,
    "f1-score": 0.6148078725398313,
    "support": 405.0
  },
  "neutral": {
    "precision": 0.9507389162561576,
    "recall": 0.6130227633668608,
    "f1-score": 0.7454135822336659,
    "support": 1889.0
  },
  "micro avg": {
    "precision": 0.6684,
    "recall": 0.6681327469012395,
    "f1-score": 0.6682663467306539,
    "support": 2501.0
  },
  "macro avg": {
    "precision": 0.5815314303253235,
    "recall": 0.7722063711133408,
    "f1-score": 0.6025405655371552,
    "support": 2501.0
  },
  "weighted avg": {
    "precision": 0.8230214291915696,
    "recall": 0.6681327469012395,
    "f1-score": 0.6995982787998745,
    "support": 2501.0
  }
}