{
  "happiness": {
    "precision": 0.15017064846416384,
    "recall": 0.88,
    "f1-score": 0.2565597667638484,
    "support": 50.0
  },
  "anger": {
    "precision": 0.08156028368794327,
    "recall": 0.9787234042553191,
    "f1-score": 0.15057283142389524,
    "support": 47.0
  },
  "disgust": {
    "precision": 0.09090909090909091,
    "recall": 0.014705882352941176,
    "f1-score": 0.02531645569620253,
    "support": 68.0
  },
  "fear": {
    "precision": 0.0847457627118644,
    "recall": 0.19230769230769232,
    "f1-score": 0.11764705882352941,
    "support": 26.0
  },
  "sadness": {
    "precision": 0.05263157894736842,
    "recall": 0.3333333333333333,
    "f1-score": 0.09090909090909091,
    "support": 6.0
  },
  "surprise": {
    "precision": 0.09,
    "recall": 0.15254237288135594,
    "f1-score": 0.11320754716981132,
    "support": 59.0
  },
  "other": {
    "precision": 0.9828326180257511,
    "recall": 0.6120267260579064,
    "f1-score": 0.7543233598682405,
    "support": 2245.0
  },
  "micro avg": {
    "precision": 0.6012992285830289,
    "recall": 0.5921631347461016,
    "f1-score": 0.5966962127316681,
    "support": 2501.0
  },
  "macro avg": {
    "precision": 0.21897856896374027,
    "recall": 0.45194848731264975,
    "f1-score": 0.21550515866494546,
    "support": 2501.0
  },
  "weighted avg": {
    "precision": 0.892367889128494,
    "recall": 0.5921631347461016,
    "f1-score": 0.6898704105016162,
    "support": 2501.0
  }
}