{
  "positive": {
    "precision": 0.3082077051926298,
    "recall": 0.8888888888888888,
    "f1-score": 0.4577114427860697,
    "support": 207.0
  },
  "negative": {
    "precision": 0.49099099099099097,
    "recall": 0.8074074074074075,
    "f1-score": 0.6106442577030813,
    "support": 405.0
  },
  "neutral": {
    "precision": 0.9505358615004122,
    "recall": 0.6103758602435151,
    "f1-score": 0.743391360412637,
    "support": 1889.0
  },
  "micro avg": {
    "precision": 0.6720516962843296,
    "recall": 0.6653338664534186,
    "f1-score": 0.6686759091822383,
    "support": 2501.0
  },
  "macro avg": {
    "precision": 0.5832448525613444,
    "recall": 0.7688907188466038,
    "f1-score": 0.6039156869672627,
    "support": 2501.0
  },
  "weighted avg": {
    "precision": 0.8229558531389463,
    "recall": 0.6653338664534186,
    "f1-score": 0.6982500891027331,
    "support": 2501.0
  }
}