{
  "happiness": {
    "precision": 0.23703703703703705,
    "recall": 0.64,
    "f1-score": 0.34594594594594597,
    "support": 50.0
  },
  "anger": {
    "precision": 0.12753623188405797,
    "recall": 0.9361702127659575,
    "f1-score": 0.22448979591836735,
    "support": 47.0
  },
  "disgust": {
    "precision": 0.05,
    "recall": 0.029411764705882353,
    "f1-score": 0.037037037037037035,
    "support": 68.0
  },
  "fear": {
    "precision": 0.05309734513274336,
    "recall": 0.46153846153846156,
    "f1-score": 0.09523809523809523,
    "support": 26.0
  },
  "sadness": {
    "precision": 0.02857142857142857,
    "recall": 0.3333333333333333,
    "f1-score": 0.05263157894736842,
    "support": 6.0
  },
  "surprise": {
    "precision": 0.03707136237256719,
    "recall": 0.6779661016949152,
    "f1-score": 0.070298769771529,
    "support": 59.0
  },
  "other": {
    "precision": 0.9784313725490196,
    "recall": 0.222271714922049,
    "f1-score": 0.3622504537205082,
    "support": 2245.0
  },
  "micro avg": {
    "precision": 0.2623700623700624,
    "recall": 0.25229908036785287,
    "f1-score": 0.2572360375050958,
    "support": 2501.0
  },
  "macro avg": {
    "precision": 0.21596353964955053,
    "recall": 0.47152736985151417,
    "f1-score": 0.16969881093983588,
    "support": 2501.0
  },
  "weighted avg": {
    "precision": 0.8882701543573822,
    "recall": 0.25229908036785287,
    "f1-score": 0.3400874498972071,
    "support": 2501.0
  }
}