{
  "positive": {
    "precision": 0.18536585365853658,
    "recall": 0.9178743961352657,
    "f1-score": 0.30844155844155846,
    "support": 207.0
  },
  "negative": {
    "precision": 0.478134110787172,
    "recall": 0.8098765432098766,
    "f1-score": 0.6012832263978002,
    "support": 405.0
  },
  "neutral": {
    "precision": 0.9183135704874835,
    "recall": 0.3689782953943886,
    "f1-score": 0.5264350453172205,
    "support": 1889.0
  },
  "micro avg": {
    "precision": 0.49190283400809715,
    "recall": 0.4858056777289084,
    "f1-score": 0.4888352444176222,
    "support": 2501.0
  },
  "macro avg": {
    "precision": 0.5272711783110641,
    "recall": 0.6989097449131769,
    "f1-score": 0.4787199433855263,
    "support": 2501.0
  },
  "weighted avg": {
    "precision": 0.7863692048088676,
    "recall": 0.4858056777289084,
    "f1-score": 0.520512958773587,
    "support": 2501.0
  }
}