{
  "positive": {
    "precision": 0.3309222423146474,
    "recall": 0.8840579710144928,
    "f1-score": 0.48157894736842105,
    "support": 207.0
  },
  "negative": {
    "precision": 0.5046728971962616,
    "recall": 0.8,
    "f1-score": 0.6189111747851003,
    "support": 405.0
  },
  "neutral": {
    "precision": 0.9485011529592621,
    "recall": 0.6532556908417152,
    "f1-score": 0.773667711598746,
    "support": 1889.0
  },
  "micro avg": {
    "precision": 0.6975160256410257,
    "recall": 0.6961215513794482,
    "f1-score": 0.6968180908545127,
    "support": 2501.0
  },
  "macro avg": {
    "precision": 0.5946987641567237,
    "recall": 0.7791045539520693,
    "f1-score": 0.6247192779174224,
    "support": 2501.0
  },
  "weighted avg": {
    "precision": 0.8255146363309332,
    "recall": 0.6961215513794482,
    "f1-score": 0.7244318972823911,
    "support": 2501.0
  }
}