{
  "happiness": {
    "precision": 0.15734265734265734,
    "recall": 0.9,
    "f1-score": 0.26785714285714285,
    "support": 50.0
  },
  "anger": {
    "precision": 0.08409506398537477,
    "recall": 0.9787234042553191,
    "f1-score": 0.15488215488215487,
    "support": 47.0
  },
  "disgust": {
    "precision": 0.09090909090909091,
    "recall": 0.014705882352941176,
    "f1-score": 0.02531645569620253,
    "support": 68.0
  },
  "fear": {
    "precision": 0.09803921568627451,
    "recall": 0.19230769230769232,
    "f1-score": 0.12987012987012986,
    "support": 26.0
  },
  "sadness": {
    "precision": 0.0625,
    "recall": 0.3333333333333333,
    "f1-score": 0.10526315789473684,
    "support": 6.0
  },
  "surprise": {
    "precision": 0.16216216216216217,
    "recall": 0.2033898305084746,
    "f1-score": 0.18045112781954886,
    "support": 59.0
  },
  "other": {
    "precision": 0.9826551034022681,
    "recall": 0.6561247216035635,
    "f1-score": 0.7868589743589743,
    "support": 2245.0
  },
  "micro avg": {
    "precision": 0.6336,
    "recall": 0.6333466613354658,
    "f1-score": 0.6334733053389322,
    "support": 2501.0
  },
  "macro avg": {
    "precision": 0.233957613355404,
    "recall": 0.46836926633733206,
    "f1-score": 0.23578559191127005,
    "support": 2501.0
  },
  "weighted avg": {
    "precision": 0.894263779835972,
    "recall": 0.6333466613354658,
    "f1-score": 0.7211303693366266,
    "support": 2501.0
  }
}