{
  "positive": {
    "precision": 0.3511450381679389,
    "recall": 0.8888888888888888,
    "f1-score": 0.5034199726402189,
    "support": 207.0
  },
  "negative": {
    "precision": 0.5053929121725732,
    "recall": 0.8098765432098766,
    "f1-score": 0.6223908918406073,
    "support": 405.0
  },
  "neutral": {
    "precision": 0.9524886877828054,
    "recall": 0.6686077289571202,
    "f1-score": 0.785692068429238,
    "support": 1889.0
  },
  "micro avg": {
    "precision": 0.7102841136454582,
    "recall": 0.7097161135545782,
    "f1-score": 0.71,
    "support": 2501.0
  },
  "macro avg": {
    "precision": 0.6030088793744391,
    "recall": 0.7891243870186285,
    "f1-score": 0.6371676443033546,
    "support": 2501.0
  },
  "weighted avg": {
    "precision": 0.8303167867062675,
    "recall": 0.7097161135545782,
    "f1-score": 0.7358850710894849,
    "support": 2501.0
  }
}