{
  "happiness": {
    "precision": 0.0,
    "recall": 0.0,
    "f1-score": 0.0,
    "support": 50.0
  },
  "anger": {
    "precision": 0.17518248175182483,
    "recall": 0.5106382978723404,
    "f1-score": 0.2608695652173913,
    "support": 47.0
  },
  "disgust": {
    "precision": 0.0,
    "recall": 0.0,
    "f1-score": 0.0,
    "support": 68.0
  },
  "fear": {
    "precision": 0.08333333333333333,
    "recall": 0.11538461538461539,
    "f1-score": 0.0967741935483871,
    "support": 26.0
  },
  "sadness": {
    "precision": 0.034482758620689655,
    "recall": 0.16666666666666666,
    "f1-score": 0.05714285714285714,
    "support": 6.0
  },
  "surprise": {
    "precision": 0.032981530343007916,
    "recall": 0.423728813559322,
    "f1-score": 0.06119951040391677,
    "support": 59.0
  },
  "other": {
    "precision": 0.9269311064718163,
    "recall": 0.5933184855233853,
    "f1-score": 0.7235198261814232,
    "support": 2245.0
  },
  "micro avg": {
    "precision": 0.5766028309741882,
    "recall": 0.5537784886045581,
    "f1-score": 0.5649602284315725,
    "support": 2501.0
  },
  "macro avg": {
    "precision": 0.17898731578866744,
    "recall": 0.2585338398580471,
    "f1-score": 0.17135799321342507,
    "support": 2501.0
  },
  "weighted avg": {
    "precision": 0.8370705254618918,
    "recall": 0.5537784886045581,
    "f1-score": 0.6569502745427664,
    "support": 2501.0
  }
}