{
  "positive": {
    "precision": 0.11865482233502538,
    "recall": 0.9033816425120773,
    "f1-score": 0.20975883342680876,
    "support": 207.0
  },
  "negative": {
    "precision": 0.5254833040421792,
    "recall": 0.7382716049382716,
    "f1-score": 0.6139630390143738,
    "support": 405.0
  },
  "neutral": {
    "precision": 0.8746355685131195,
    "recall": 0.15881418740074113,
    "f1-score": 0.26881720430107525,
    "support": 1889.0
  },
  "micro avg": {
    "precision": 0.3159163987138264,
    "recall": 0.3142742902838864,
    "f1-score": 0.31509320505111243,
    "support": 2501.0
  },
  "macro avg": {
    "precision": 0.5062578982967747,
    "recall": 0.60015581161703,
    "f1-score": 0.36417969224741925,
    "support": 2501.0
  },
  "weighted avg": {
    "precision": 0.7555253399766955,
    "recall": 0.3142742902838864,
    "f1-score": 0.3198203951399048,
    "support": 2501.0
  }
}