{
  "happiness": {
    "precision": 0.06794682422451995,
    "recall": 0.92,
    "f1-score": 0.1265474552957359,
    "support": 50.0
  },
  "anger": {
    "precision": 0.12048192771084337,
    "recall": 0.851063829787234,
    "f1-score": 0.21108179419525067,
    "support": 47.0
  },
  "disgust": {
    "precision": 0.1276595744680851,
    "recall": 0.08823529411764706,
    "f1-score": 0.10434782608695652,
    "support": 68.0
  },
  "fear": {
    "precision": 0.08496732026143791,
    "recall": 0.5,
    "f1-score": 0.1452513966480447,
    "support": 26.0
  },
  "sadness": {
    "precision": 0.01276595744680851,
    "recall": 0.5,
    "f1-score": 0.024896265560165973,
    "support": 6.0
  },
  "surprise": {
    "precision": 0.03962264150943396,
    "recall": 0.3559322033898305,
    "f1-score": 0.07130730050933787,
    "support": 59.0
  },
  "other": {
    "precision": 0.9666666666666667,
    "recall": 0.19376391982182628,
    "f1-score": 0.3228200371057514,
    "support": 2245.0
  },
  "micro avg": {
    "precision": 0.23267326732673269,
    "recall": 0.22550979608156738,
    "f1-score": 0.22903553299492385,
    "support": 2501.0
  },
  "macro avg": {
    "precision": 0.20287298746968507,
    "recall": 0.4869993210166483,
    "f1-score": 0.14375029648589188,
    "support": 2501.0
  },
  "weighted avg": {
    "precision": 0.8766617318931095,
    "recall": 0.22550979608156738,
    "f1-score": 0.3023622139962214,
    "support": 2501.0
  }
}