{
  "positive": {
    "precision": 0.22807017543859648,
    "recall": 0.8792270531400966,
    "f1-score": 0.36218905472636814,
    "support": 207.0
  },
  "negative": {
    "precision": 0.5106060606060606,
    "recall": 0.8320987654320988,
    "f1-score": 0.6328638497652582,
    "support": 405.0
  },
  "neutral": {
    "precision": 0.9373163565132223,
    "recall": 0.5066172578083642,
    "f1-score": 0.6577319587628866,
    "support": 1889.0
  },
  "micro avg": {
    "precision": 0.5954013715207745,
    "recall": 0.5901639344262295,
    "f1-score": 0.5927710843373494,
    "support": 2501.0
  },
  "macro avg": {
    "precision": 0.5586641975192931,
    "recall": 0.7393143587935199,
    "f1-score": 0.5509282877515043,
    "support": 2501.0
  },
  "weighted avg": {
    "precision": 0.80951482539573,
    "recall": 0.5901639344262295,
    "f1-score": 0.6292437679273813,
    "support": 2501.0
  }
}