{
  "happiness": {
    "precision": 0.06549520766773163,
    "recall": 0.82,
    "f1-score": 0.12130177514792899,
    "support": 50.0
  },
  "anger": {
    "precision": 0.12885154061624648,
    "recall": 0.9787234042553191,
    "f1-score": 0.22772277227722773,
    "support": 47.0
  },
  "disgust": {
    "precision": 0.038461538461538464,
    "recall": 0.029411764705882353,
    "f1-score": 0.03333333333333333,
    "support": 68.0
  },
  "fear": {
    "precision": 0.057971014492753624,
    "recall": 0.3076923076923077,
    "f1-score": 0.0975609756097561,
    "support": 26.0
  },
  "sadness": {
    "precision": 0.034482758620689655,
    "recall": 0.5,
    "f1-score": 0.06451612903225806,
    "support": 6.0
  },
  "surprise": {
    "precision": 0.05443548387096774,
    "recall": 0.4576271186440678,
    "f1-score": 0.0972972972972973,
    "support": 59.0
  },
  "other": {
    "precision": 0.9775910364145658,
    "recall": 0.310913140311804,
    "f1-score": 0.4717810070969922,
    "support": 2245.0
  },
  "micro avg": {
    "precision": 0.3340080971659919,
    "recall": 0.3298680527788884,
    "f1-score": 0.331925165962583,
    "support": 2501.0
  },
  "macro avg": {
    "precision": 0.1938983685920705,
    "recall": 0.4863382479441973,
    "f1-score": 0.15907332711354197,
    "support": 2501.0
  },
  "weighted avg": {
    "precision": 0.8842718435167366,
    "recall": 0.3298680527788884,
    "f1-score": 0.4345650976946933,
    "support": 2501.0
  }
}