{
  "positive": {
    "precision": 0.2282208588957055,
    "recall": 0.8985507246376812,
    "f1-score": 0.3639921722113503,
    "support": 207.0
  },
  "negative": {
    "precision": 0.5065312046444121,
    "recall": 0.8617283950617284,
    "f1-score": 0.6380255941499086,
    "support": 405.0
  },
  "neutral": {
    "precision": 0.9496475327291037,
    "recall": 0.49920592906299627,
    "f1-score": 0.6544066620402498,
    "support": 1889.0
  },
  "micro avg": {
    "precision": 0.5919102923508209,
    "recall": 0.5909636145541783,
    "f1-score": 0.5914365746298519,
    "support": 2501.0
  },
  "macro avg": {
    "precision": 0.5614665320897405,
    "recall": 0.753161682920802,
    "f1-score": 0.5521414761338362,
    "support": 2501.0
  },
  "weighted avg": {
    "precision": 0.8181811455408536,
    "recall": 0.5909636145541783,
    "f1-score": 0.6277172850349837,
    "support": 2501.0
  }
}