{
  "happiness": {
    "precision": 0.0,
    "recall": 0.0,
    "f1-score": 0.0,
    "support": 50.0
  },
  "anger": {
    "precision": 0.0777027027027027,
    "recall": 0.48936170212765956,
    "f1-score": 0.13411078717201166,
    "support": 47.0
  },
  "disgust": {
    "precision": 0.025157232704402517,
    "recall": 0.058823529411764705,
    "f1-score": 0.03524229074889868,
    "support": 68.0
  },
  "fear": {
    "precision": 0.09090909090909091,
    "recall": 0.038461538461538464,
    "f1-score": 0.05405405405405406,
    "support": 26.0
  },
  "sadness": {
    "precision": 0.0,
    "recall": 0.0,
    "f1-score": 0.0,
    "support": 6.0
  },
  "surprise": {
    "precision": 0.031287605294825514,
    "recall": 0.4406779661016949,
    "f1-score": 0.058426966292134834,
    "support": 59.0
  },
  "other": {
    "precision": 0.9655172413793104,
    "recall": 0.07483296213808463,
    "f1-score": 0.138900372054568,
    "support": 2245.0
  },
  "micro avg": {
    "precision": 0.14490861618798956,
    "recall": 0.08876449420231908,
    "f1-score": 0.11009174311926606,
    "support": 2501.0
  },
  "macro avg": {
    "precision": 0.17008198185576173,
    "recall": 0.15745109974867746,
    "f1-score": 0.06010492433166675,
    "support": 2501.0
  },
  "weighted avg": {
    "precision": 0.8705152062469048,
    "recall": 0.08876449420231908,
    "f1-score": 0.13010140521677577,
    "support": 2501.0
  }
}