{
  "positive": {
    "precision": 0.18382352941176472,
    "recall": 0.12077294685990338,
    "f1-score": 0.1457725947521866,
    "support": 207.0
  },
  "negative": {
    "precision": 0.14711033274956217,
    "recall": 0.2074074074074074,
    "f1-score": 0.1721311475409836,
    "support": 405.0
  },
  "neutral": {
    "precision": 0.7770491803278688,
    "recall": 0.1254632080465855,
    "f1-score": 0.21604375569735643,
    "support": 1889.0
  },
  "micro avg": {
    "precision": 0.34189723320158105,
    "recall": 0.13834466213514593,
    "f1-score": 0.19698263592371193,
    "support": 2501.0
  },
  "macro avg": {
    "precision": 0.3693276808297319,
    "recall": 0.15121452077129877,
    "f1-score": 0.17798249933017554,
    "support": 2501.0
  },
  "weighted avg": {
    "precision": 0.6259404466178138,
    "recall": 0.13834466213514593,
    "f1-score": 0.2031166318992832,
    "support": 2501.0
  }
}