{
  "happiness": {
    "precision": 0.15254237288135594,
    "recall": 0.9,
    "f1-score": 0.2608695652173913,
    "support": 50.0
  },
  "anger": {
    "precision": 0.08394160583941605,
    "recall": 0.9787234042553191,
    "f1-score": 0.1546218487394958,
    "support": 47.0
  },
  "disgust": {
    "precision": 0.09090909090909091,
    "recall": 0.014705882352941176,
    "f1-score": 0.02531645569620253,
    "support": 68.0
  },
  "fear": {
    "precision": 0.09090909090909091,
    "recall": 0.19230769230769232,
    "f1-score": 0.12345679012345678,
    "support": 26.0
  },
  "sadness": {
    "precision": 0.06060606060606061,
    "recall": 0.3333333333333333,
    "f1-score": 0.10256410256410256,
    "support": 6.0
  },
  "surprise": {
    "precision": 0.1506849315068493,
    "recall": 0.1864406779661017,
    "f1-score": 0.16666666666666666,
    "support": 59.0
  },
  "other": {
    "precision": 0.9830623306233063,
    "recall": 0.6463251670378619,
    "f1-score": 0.7798978769148078,
    "support": 2245.0
  },
  "micro avg": {
    "precision": 0.6266559614612606,
    "recall": 0.6241503398640543,
    "f1-score": 0.6254006410256411,
    "support": 2501.0
  },
  "macro avg": {
    "precision": 0.23037935475359572,
    "recall": 0.4645480224647499,
    "f1-score": 0.23048475798887477,
    "support": 2501.0
  },
  "weighted avg": {
    "precision": 0.8941810508739857,
    "recall": 0.6241503398640543,
    "f1-score": 0.7143388853677085,
    "support": 2501.0
  }
}