{
  "positive": {
    "precision": 0.3370165745856354,
    "recall": 0.8840579710144928,
    "f1-score": 0.488,
    "support": 207.0
  },
  "negative": {
    "precision": 0.5062305295950156,
    "recall": 0.8024691358024691,
    "f1-score": 0.620821394460363,
    "support": 405.0
  },
  "neutral": {
    "precision": 0.9523076923076923,
    "recall": 0.6553732133403918,
    "f1-score": 0.7764189401066165,
    "support": 1889.0
  },
  "micro avg": {
    "precision": 0.7026156941649899,
    "recall": 0.6981207516993203,
    "f1-score": 0.7003610108303249,
    "support": 2501.0
  },
  "macro avg": {
    "precision": 0.5985182654961144,
    "recall": 0.7806334400524513,
    "f1-score": 0.6284134448556599,
    "support": 2501.0
  },
  "weighted avg": {
    "precision": 0.8291463519370006,
    "recall": 0.6981207516993203,
    "f1-score": 0.7273506767764276,
    "support": 2501.0
  }
}