{
  "happiness": {
    "precision": 0.15358361774744028,
    "recall": 0.9,
    "f1-score": 0.26239067055393583,
    "support": 50.0
  },
  "anger": {
    "precision": 0.08378870673952642,
    "recall": 0.9787234042553191,
    "f1-score": 0.15436241610738255,
    "support": 47.0
  },
  "disgust": {
    "precision": 0.09090909090909091,
    "recall": 0.014705882352941176,
    "f1-score": 0.02531645569620253,
    "support": 68.0
  },
  "fear": {
    "precision": 0.10416666666666667,
    "recall": 0.19230769230769232,
    "f1-score": 0.13513513513513514,
    "support": 26.0
  },
  "sadness": {
    "precision": 0.06666666666666667,
    "recall": 0.3333333333333333,
    "f1-score": 0.1111111111111111,
    "support": 6.0
  },
  "surprise": {
    "precision": 0.1643835616438356,
    "recall": 0.2033898305084746,
    "f1-score": 0.18181818181818182,
    "support": 59.0
  },
  "other": {
    "precision": 0.9832327297116029,
    "recall": 0.6530066815144766,
    "f1-score": 0.784796573875803,
    "support": 2245.0
  },
  "micro avg": {
    "precision": 0.632064128256513,
    "recall": 0.630547780887645,
    "f1-score": 0.6313050440352281,
    "support": 2501.0
  },
  "macro avg": {
    "precision": 0.23524729144068995,
    "recall": 0.467923832038891,
    "f1-score": 0.23641864918539315,
    "support": 2501.0
  },
  "weighted avg": {
    "precision": 0.8948274729943286,
    "recall": 0.630547780887645,
    "f1-score": 0.7192610345184791,
    "support": 2501.0
  }
}