{
  "positive": {
    "precision": 0.34150943396226413,
    "recall": 0.8743961352657005,
    "f1-score": 0.49118046132971505,
    "support": 207.0
  },
  "negative": {
    "precision": 0.5046583850931677,
    "recall": 0.8024691358024691,
    "f1-score": 0.6196377502383222,
    "support": 405.0
  },
  "neutral": {
    "precision": 0.9501133786848073,
    "recall": 0.6654314452091054,
    "f1-score": 0.7826899128268991,
    "support": 1889.0
  },
  "micro avg": {
    "precision": 0.7060472567080497,
    "recall": 0.7049180327868853,
    "f1-score": 0.7054821928771509,
    "support": 2501.0
  },
  "macro avg": {
    "precision": 0.5987603992467464,
    "recall": 0.780765572092425,
    "f1-score": 0.6311693747983121,
    "support": 2501.0
  },
  "weighted avg": {
    "precision": 0.8276062659450311,
    "recall": 0.7049180327868853,
    "f1-score": 0.732158692391757,
    "support": 2501.0
  }
}