{
  "happiness": {
    "precision": 0.09468822170900693,
    "recall": 0.82,
    "f1-score": 0.16977225672877846,
    "support": 50.0
  },
  "anger": {
    "precision": 0.12258064516129032,
    "recall": 0.8085106382978723,
    "f1-score": 0.21288515406162464,
    "support": 47.0
  },
  "disgust": {
    "precision": 0.1,
    "recall": 0.058823529411764705,
    "f1-score": 0.07407407407407407,
    "support": 68.0
  },
  "fear": {
    "precision": 0.087248322147651,
    "recall": 0.5,
    "f1-score": 0.14857142857142858,
    "support": 26.0
  },
  "sadness": {
    "precision": 0.008771929824561403,
    "recall": 0.3333333333333333,
    "f1-score": 0.017094017094017096,
    "support": 6.0
  },
  "surprise": {
    "precision": 0.04183266932270916,
    "recall": 0.3559322033898305,
    "f1-score": 0.0748663101604278,
    "support": 59.0
  },
  "other": {
    "precision": 0.973404255319149,
    "recall": 0.08151447661469934,
    "f1-score": 0.1504315659679408,
    "support": 2245.0
  },
  "micro avg": {
    "precision": 0.16324324324324324,
    "recall": 0.1207516993202719,
    "f1-score": 0.13881866237646517,
    "support": 2501.0
  },
  "macro avg": {
    "precision": 0.2040751490691954,
    "recall": 0.4225877401496429,
    "f1-score": 0.12109925809404165,
    "support": 2501.0
  },
  "weighted avg": {
    "precision": 0.8825979488382033,
    "recall": 0.1207516993202719,
    "f1-score": 0.14779394292574405,
    "support": 2501.0
  }
}