{
  "positive": {
    "precision": 0.22745098039215686,
    "recall": 0.8405797101449275,
    "f1-score": 0.35802469135802467,
    "support": 207.0
  },
  "negative": {
    "precision": 0.5164319248826291,
    "recall": 0.8148148148148148,
    "f1-score": 0.632183908045977,
    "support": 405.0
  },
  "neutral": {
    "precision": 0.9404641775983855,
    "recall": 0.4933827421916358,
    "f1-score": 0.6472222222222223,
    "support": 1889.0
  },
  "micro avg": {
    "precision": 0.5995824634655532,
    "recall": 0.5741703318672531,
    "f1-score": 0.5866013071895425,
    "support": 2501.0
  },
  "macro avg": {
    "precision": 0.5614490276243905,
    "recall": 0.7162590890504593,
    "f1-score": 0.545810273875408,
    "support": 2501.0
  },
  "weighted avg": {
    "precision": 0.8127845317880813,
    "recall": 0.5741703318672531,
    "f1-score": 0.6208510082557016,
    "support": 2501.0
  }
}