{
  "happiness": {
    "precision": 0.22,
    "recall": 0.66,
    "f1-score": 0.33,
    "support": 50.0
  },
  "anger": {
    "precision": 0.13043478260869565,
    "recall": 0.9574468085106383,
    "f1-score": 0.22959183673469388,
    "support": 47.0
  },
  "disgust": {
    "precision": 0.07317073170731707,
    "recall": 0.04411764705882353,
    "f1-score": 0.05504587155963303,
    "support": 68.0
  },
  "fear": {
    "precision": 0.053811659192825115,
    "recall": 0.46153846153846156,
    "f1-score": 0.0963855421686747,
    "support": 26.0
  },
  "sadness": {
    "precision": 0.028169014084507043,
    "recall": 0.3333333333333333,
    "f1-score": 0.05194805194805195,
    "support": 6.0
  },
  "surprise": {
    "precision": 0.03650336215177714,
    "recall": 0.6440677966101694,
    "f1-score": 0.06909090909090909,
    "support": 59.0
  },
  "other": {
    "precision": 0.9772727272727273,
    "recall": 0.21069042316258352,
    "f1-score": 0.34664712348845733,
    "support": 2245.0
  },
  "micro avg": {
    "precision": 0.2573248407643312,
    "recall": 0.2423030787684926,
    "f1-score": 0.24958813838550248,
    "support": 2501.0
  },
  "macro avg": {
    "precision": 0.21705175385969275,
    "recall": 0.4730277814591443,
    "f1-score": 0.1683870478557743,
    "support": 2501.0
  },
  "weighted avg": {
    "precision": 0.8875670263320491,
    "recall": 0.2423030787684926,
    "f1-score": 0.3263297896315913,
    "support": 2501.0
  }
}