{
  "positive": {
    "precision": 0.18361303060217177,
    "recall": 0.8985507246376812,
    "f1-score": 0.30491803278688523,
    "support": 207.0
  },
  "negative": {
    "precision": 0.4787701317715959,
    "recall": 0.8074074074074075,
    "f1-score": 0.6011029411764706,
    "support": 405.0
  },
  "neutral": {
    "precision": 0.909433962264151,
    "recall": 0.38274219163578616,
    "f1-score": 0.5387481371087929,
    "support": 1889.0
  },
  "micro avg": {
    "precision": 0.4961862705740666,
    "recall": 0.49420231907237105,
    "f1-score": 0.4951923076923077,
    "support": 2501.0
  },
  "macro avg": {
    "precision": 0.5239390415459729,
    "recall": 0.6962334412269583,
    "f1-score": 0.48158970369071624,
    "support": 2501.0
  },
  "weighted avg": {
    "precision": 0.7796203740180436,
    "recall": 0.49420231907237105,
    "f1-score": 0.529492185110702,
    "support": 2501.0
  }
}