{
  "happiness": {
    "precision": 0.20238095238095238,
    "recall": 0.68,
    "f1-score": 0.3119266055045872,
    "support": 50.0
  },
  "anger": {
    "precision": 0.13213213213213212,
    "recall": 0.9361702127659575,
    "f1-score": 0.23157894736842105,
    "support": 47.0
  },
  "disgust": {
    "precision": 0.045454545454545456,
    "recall": 0.014705882352941176,
    "f1-score": 0.022222222222222223,
    "support": 68.0
  },
  "fear": {
    "precision": 0.05069124423963134,
    "recall": 0.4230769230769231,
    "f1-score": 0.09053497942386832,
    "support": 26.0
  },
  "sadness": {
    "precision": 0.05263157894736842,
    "recall": 0.5,
    "f1-score": 0.09523809523809523,
    "support": 6.0
  },
  "surprise": {
    "precision": 0.035869565217391305,
    "recall": 0.559322033898305,
    "f1-score": 0.06741573033707865,
    "support": 59.0
  },
  "other": {
    "precision": 0.9479638009049773,
    "recall": 0.1866369710467706,
    "f1-score": 0.31187197618161516,
    "support": 2245.0
  },
  "micro avg": {
    "precision": 0.2524316813339509,
    "recall": 0.2179128348660536,
    "f1-score": 0.23390557939914164,
    "support": 2501.0
  },
  "macro avg": {
    "precision": 0.20958911703957117,
    "recall": 0.47141600330584243,
    "f1-score": 0.16154122232512683,
    "support": 2501.0
  },
  "weighted avg": {
    "precision": 0.8601955082461342,
    "recall": 0.2179128348660536,
    "f1-score": 0.293901281314162,
    "support": 2501.0
  }
}