{
  "positive": {
    "precision": 0.20405576679340937,
    "recall": 0.7777777777777778,
    "f1-score": 0.3232931726907631,
    "support": 207.0
  },
  "negative": {
    "precision": 0.4906621392190153,
    "recall": 0.7135802469135802,
    "f1-score": 0.5814889336016097,
    "support": 405.0
  },
  "neutral": {
    "precision": 0.9143780290791599,
    "recall": 0.2996294335627316,
    "f1-score": 0.4513556618819777,
    "support": 1889.0
  },
  "micro avg": {
    "precision": 0.5087631447170756,
    "recall": 0.4062375049980008,
    "f1-score": 0.45175633614939975,
    "support": 2501.0
  },
  "macro avg": {
    "precision": 0.5363653116971948,
    "recall": 0.5969958194180299,
    "f1-score": 0.4520459227247835,
    "support": 2501.0
  },
  "weighted avg": {
    "precision": 0.786972333882635,
    "recall": 0.4062375049980008,
    "f1-score": 0.4618294882649723,
    "support": 2501.0
  }
}