{
  "happiness": {
    "precision": 0.0855397148676171,
    "recall": 0.84,
    "f1-score": 0.15526802218114602,
    "support": 50.0
  },
  "anger": {
    "precision": 0.12903225806451613,
    "recall": 0.9361702127659575,
    "f1-score": 0.2268041237113402,
    "support": 47.0
  },
  "disgust": {
    "precision": 0.07317073170731707,
    "recall": 0.04411764705882353,
    "f1-score": 0.05504587155963303,
    "support": 68.0
  },
  "fear": {
    "precision": 0.06976744186046512,
    "recall": 0.34615384615384615,
    "f1-score": 0.11612903225806452,
    "support": 26.0
  },
  "sadness": {
    "precision": 0.01834862385321101,
    "recall": 0.3333333333333333,
    "f1-score": 0.034782608695652174,
    "support": 6.0
  },
  "surprise": {
    "precision": 0.0630841121495327,
    "recall": 0.4576271186440678,
    "f1-score": 0.11088295687885011,
    "support": 59.0
  },
  "other": {
    "precision": 0.9795454545454545,
    "recall": 0.19198218262806235,
    "f1-score": 0.32104283054003724,
    "support": 2245.0
  },
  "micro avg": {
    "precision": 0.28196058615462355,
    "recall": 0.2231107556977209,
    "f1-score": 0.24910714285714286,
    "support": 2501.0
  },
  "macro avg": {
    "precision": 0.20264119100687336,
    "recall": 0.4499120486548701,
    "f1-score": 0.14570792083210332,
    "support": 2501.0
  },
  "weighted avg": {
    "precision": 0.8876620011720792,
    "recall": 0.2231107556977209,
    "f1-score": 0.30095066521338054,
    "support": 2501.0
  }
}