{
  "positive": {
    "precision": 0.23499361430395913,
    "recall": 0.8888888888888888,
    "f1-score": 0.3717171717171717,
    "support": 207.0
  },
  "negative": {
    "precision": 0.5037369207772795,
    "recall": 0.8320987654320988,
    "f1-score": 0.62756052141527,
    "support": 405.0
  },
  "neutral": {
    "precision": 0.9509071504802561,
    "recall": 0.4716781365802012,
    "f1-score": 0.6305732484076433,
    "support": 1889.0
  },
  "micro avg": {
    "precision": 0.5910422771033905,
    "recall": 0.5645741703318673,
    "f1-score": 0.5775051124744376,
    "support": 2501.0
  },
  "macro avg": {
    "precision": 0.5632125618538316,
    "recall": 0.730888596967063,
    "f1-score": 0.5432836471800283,
    "support": 2501.0
  },
  "weighted avg": {
    "precision": 0.8192405990935313,
    "recall": 0.5645741703318673,
    "f1-score": 0.6086606685168641,
    "support": 2501.0
  }
}