{
  "happiness": {
    "precision": 0.22758620689655173,
    "recall": 0.66,
    "f1-score": 0.3384615384615385,
    "support": 50.0
  },
  "anger": {
    "precision": 0.12753623188405797,
    "recall": 0.9361702127659575,
    "f1-score": 0.22448979591836735,
    "support": 47.0
  },
  "disgust": {
    "precision": 0.07692307692307693,
    "recall": 0.04411764705882353,
    "f1-score": 0.056074766355140186,
    "support": 68.0
  },
  "fear": {
    "precision": 0.05829596412556054,
    "recall": 0.5,
    "f1-score": 0.10441767068273092,
    "support": 26.0
  },
  "sadness": {
    "precision": 0.02666666666666667,
    "recall": 0.3333333333333333,
    "f1-score": 0.04938271604938271,
    "support": 6.0
  },
  "surprise": {
    "precision": 0.0354066985645933,
    "recall": 0.6271186440677966,
    "f1-score": 0.06702898550724638,
    "support": 59.0
  },
  "other": {
    "precision": 0.9775051124744376,
    "recall": 0.2129175946547884,
    "f1-score": 0.3496708119970739,
    "support": 2245.0
  },
  "micro avg": {
    "precision": 0.2583650995340957,
    "recall": 0.24390243902439024,
    "f1-score": 0.2509255450431921,
    "support": 2501.0
  },
  "macro avg": {
    "precision": 0.21855999393356354,
    "recall": 0.47337963312581427,
    "f1-score": 0.16993232642449713,
    "support": 2501.0
  },
  "weighted avg": {
    "precision": 0.8879919833114097,
    "recall": 0.24390243902439024,
    "f1-score": 0.3291739385269074,
    "support": 2501.0
  }
}