{
  "positive": {
    "precision": 0.1827956989247312,
    "recall": 0.9033816425120773,
    "f1-score": 0.3040650406504065,
    "support": 207.0
  },
  "negative": {
    "precision": 0.4808259587020649,
    "recall": 0.8049382716049382,
    "f1-score": 0.6020313942751616,
    "support": 405.0
  },
  "neutral": {
    "precision": 0.9113924050632911,
    "recall": 0.38115404976177875,
    "f1-score": 0.5375139977603584,
    "support": 1889.0
  },
  "micro avg": {
    "precision": 0.49498193496587717,
    "recall": 0.49300279888044785,
    "f1-score": 0.49399038461538464,
    "support": 2501.0
  },
  "macro avg": {
    "precision": 0.5250046875633624,
    "recall": 0.6964913212929315,
    "f1-score": 0.4812034775619755,
    "support": 2501.0
  },
  "weighted avg": {
    "precision": 0.7813648445087216,
    "recall": 0.49300279888044785,
    "f1-score": 0.5286397920293449,
    "support": 2501.0
  }
}