{
  "happiness": {
    "precision": 0.11918604651162791,
    "recall": 0.82,
    "f1-score": 0.20812182741116753,
    "support": 50.0
  },
  "anger": {
    "precision": 0.08582089552238806,
    "recall": 0.9787234042553191,
    "f1-score": 0.15780445969125215,
    "support": 47.0
  },
  "disgust": {
    "precision": 0.07142857142857142,
    "recall": 0.014705882352941176,
    "f1-score": 0.024390243902439025,
    "support": 68.0
  },
  "fear": {
    "precision": 0.06578947368421052,
    "recall": 0.19230769230769232,
    "f1-score": 0.09803921568627451,
    "support": 26.0
  },
  "sadness": {
    "precision": 0.02564102564102564,
    "recall": 0.16666666666666666,
    "f1-score": 0.044444444444444446,
    "support": 6.0
  },
  "surprise": {
    "precision": 0.1111111111111111,
    "recall": 0.288135593220339,
    "f1-score": 0.16037735849056603,
    "support": 59.0
  },
  "other": {
    "precision": 0.9790575916230366,
    "recall": 0.5830734966592428,
    "f1-score": 0.7308766052484645,
    "support": 2245.0
  },
  "micro avg": {
    "precision": 0.5682272909163666,
    "recall": 0.5677728908436626,
    "f1-score": 0.568,
    "support": 2501.0
  },
  "macro avg": {
    "precision": 0.2082906736459959,
    "recall": 0.434801819351743,
    "f1-score": 0.20343630783922975,
    "support": 2501.0
  },
  "weighted avg": {
    "precision": 0.8881464408201459,
    "recall": 0.5677728908436626,
    "f1-score": 0.6687634413313351,
    "support": 2501.0
  }
}