{
  "positive": {
    "precision": 0.260431654676259,
    "recall": 0.8743961352657005,
    "f1-score": 0.401330376940133,
    "support": 207.0
  },
  "negative": {
    "precision": 0.5014970059880239,
    "recall": 0.8271604938271605,
    "f1-score": 0.6244175209692451,
    "support": 405.0
  },
  "neutral": {
    "precision": 0.9436619718309859,
    "recall": 0.567496029645315,
    "f1-score": 0.7087603305785124,
    "support": 1889.0
  },
  "micro avg": {
    "precision": 0.6354541816726691,
    "recall": 0.6349460215913635,
    "f1-score": 0.6352,
    "support": 2501.0
  },
  "macro avg": {
    "precision": 0.5685302108317564,
    "recall": 0.7563508862460586,
    "f1-score": 0.5781694094959635,
    "support": 2501.0
  },
  "weighted avg": {
    "precision": 0.815511037477756,
    "recall": 0.6349460215913635,
    "f1-score": 0.6696572364981854,
    "support": 2501.0
  }
}