{
  "happiness": {
    "precision": 0.1541095890410959,
    "recall": 0.9,
    "f1-score": 0.2631578947368421,
    "support": 50.0
  },
  "anger": {
    "precision": 0.08394160583941605,
    "recall": 0.9787234042553191,
    "f1-score": 0.1546218487394958,
    "support": 47.0
  },
  "disgust": {
    "precision": 0.1111111111111111,
    "recall": 0.014705882352941176,
    "f1-score": 0.025974025974025976,
    "support": 68.0
  },
  "fear": {
    "precision": 0.08163265306122448,
    "recall": 0.15384615384615385,
    "f1-score": 0.10666666666666667,
    "support": 26.0
  },
  "sadness": {
    "precision": 0.06060606060606061,
    "recall": 0.3333333333333333,
    "f1-score": 0.10256410256410256,
    "support": 6.0
  },
  "surprise": {
    "precision": 0.16923076923076924,
    "recall": 0.1864406779661017,
    "f1-score": 0.1774193548387097,
    "support": 59.0
  },
  "other": {
    "precision": 0.9831989247311828,
    "recall": 0.6516703786191537,
    "f1-score": 0.7838199839271364,
    "support": 2245.0
  },
  "micro avg": {
    "precision": 0.6328502415458938,
    "recall": 0.6285485805677729,
    "f1-score": 0.6306920762286861,
    "support": 2501.0
  },
  "macro avg": {
    "precision": 0.2348329590886943,
    "recall": 0.4598171186247147,
    "f1-score": 0.23060341106385415,
    "support": 2501.0
  },
  "weighted avg": {
    "precision": 0.8952253407562621,
    "recall": 0.6285485805677729,
    "f1-score": 0.7180022707694743,
    "support": 2501.0
  }
}