{
  "positive": {
    "precision": 0.3395872420262664,
    "recall": 0.8743961352657005,
    "f1-score": 0.4891891891891892,
    "support": 207.0
  },
  "negative": {
    "precision": 0.5054602184087363,
    "recall": 0.8,
    "f1-score": 0.6195028680688337,
    "support": 405.0
  },
  "neutral": {
    "precision": 0.9519817073170732,
    "recall": 0.6611964002117523,
    "f1-score": 0.7803811308965948,
    "support": 1889.0
  },
  "micro avg": {
    "precision": 0.7055510860820595,
    "recall": 0.7013194722111156,
    "f1-score": 0.7034289151794666,
    "support": 2501.0
  },
  "macro avg": {
    "precision": 0.5990097225840253,
    "recall": 0.7785308451591509,
    "f1-score": 0.6296910627182059,
    "support": 2501.0
  },
  "weighted avg": {
    "precision": 0.8289881618060483,
    "recall": 0.7013194722111156,
    "f1-score": 0.7302282207091992,
    "support": 2501.0
  }
}