{
  "positive": {
    "precision": 0.08735632183908046,
    "recall": 0.5507246376811594,
    "f1-score": 0.15079365079365079,
    "support": 207.0
  },
  "negative": {
    "precision": 0.3953488372093023,
    "recall": 0.04197530864197531,
    "f1-score": 0.07589285714285714,
    "support": 405.0
  },
  "neutral": {
    "precision": 0.7654320987654321,
    "recall": 0.065643197458973,
    "f1-score": 0.12091662603607996,
    "support": 1889.0
  },
  "micro avg": {
    "precision": 0.16887417218543047,
    "recall": 0.10195921631347461,
    "f1-score": 0.12715033657442035,
    "support": 2501.0
  },
  "macro avg": {
    "precision": 0.4160457526046049,
    "recall": 0.2194477145940359,
    "f1-score": 0.11586771132419595,
    "support": 2501.0
  },
  "weighted avg": {
    "precision": 0.649380356760639,
    "recall": 0.10195921631347461,
    "f1-score": 0.11609852036757211,
    "support": 2501.0
  }
}