{
  "happiness": {
    "precision": 0.14556962025316456,
    "recall": 0.92,
    "f1-score": 0.25136612021857924,
    "support": 50.0
  },
  "anger": {
    "precision": 0.08070175438596491,
    "recall": 0.9787234042553191,
    "f1-score": 0.14910858995137763,
    "support": 47.0
  },
  "disgust": {
    "precision": 0.1,
    "recall": 0.014705882352941176,
    "f1-score": 0.02564102564102564,
    "support": 68.0
  },
  "fear": {
    "precision": 0.07547169811320754,
    "recall": 0.15384615384615385,
    "f1-score": 0.10126582278481013,
    "support": 26.0
  },
  "sadness": {
    "precision": 0.03125,
    "recall": 0.16666666666666666,
    "f1-score": 0.05263157894736842,
    "support": 6.0
  },
  "surprise": {
    "precision": 0.11650485436893204,
    "recall": 0.2033898305084746,
    "f1-score": 0.14814814814814814,
    "support": 59.0
  },
  "other": {
    "precision": 0.9818971759594497,
    "recall": 0.6040089086859688,
    "f1-score": 0.7479316050744622,
    "support": 2245.0
  },
  "micro avg": {
    "precision": 0.5947261663286004,
    "recall": 0.5861655337864854,
    "f1-score": 0.5904148207813129,
    "support": 2501.0
  },
  "macro avg": {
    "precision": 0.21877072901153125,
    "recall": 0.43447726375936063,
    "f1-score": 0.21087041296653877,
    "support": 2501.0
  },
  "weighted avg": {
    "precision": 0.8921448116979102,
    "recall": 0.5861655337864854,
    "f1-score": 0.6845725287809801,
    "support": 2501.0
  }
}