{
  "positive": {
    "precision": 0.30333333333333334,
    "recall": 0.8792270531400966,
    "f1-score": 0.4510532837670384,
    "support": 207.0
  },
  "negative": {
    "precision": 0.4903129657228018,
    "recall": 0.8123456790123457,
    "f1-score": 0.6115241635687733,
    "support": 405.0
  },
  "neutral": {
    "precision": 0.9487603305785124,
    "recall": 0.6077289571201694,
    "f1-score": 0.7408841561794127,
    "support": 1889.0
  },
  "micro avg": {
    "precision": 0.6686819830713422,
    "recall": 0.6633346661335466,
    "f1-score": 0.6659975913287837,
    "support": 2501.0
  },
  "macro avg": {
    "precision": 0.5808022098782158,
    "recall": 0.7664338964242039,
    "f1-score": 0.6011538678384082,
    "support": 2501.0
  },
  "weighted avg": {
    "precision": 0.8211015656059754,
    "recall": 0.6633346661335466,
    "f1-score": 0.6959478156769456,
    "support": 2501.0
  }
}