{
  "happiness": {
    "precision": 0.12215909090909091,
    "recall": 0.86,
    "f1-score": 0.21393034825870647,
    "support": 50.0
  },
  "anger": {
    "precision": 0.08550185873605948,
    "recall": 0.9787234042553191,
    "f1-score": 0.15726495726495726,
    "support": 47.0
  },
  "disgust": {
    "precision": 0.05263157894736842,
    "recall": 0.014705882352941176,
    "f1-score": 0.022988505747126436,
    "support": 68.0
  },
  "fear": {
    "precision": 0.06153846153846154,
    "recall": 0.15384615384615385,
    "f1-score": 0.08791208791208792,
    "support": 26.0
  },
  "sadness": {
    "precision": 0.046511627906976744,
    "recall": 0.3333333333333333,
    "f1-score": 0.08163265306122448,
    "support": 6.0
  },
  "surprise": {
    "precision": 0.07246376811594203,
    "recall": 0.1694915254237288,
    "f1-score": 0.10152284263959391,
    "support": 59.0
  },
  "other": {
    "precision": 0.975482912332838,
    "recall": 0.5848552338530066,
    "f1-score": 0.7312726260094681,
    "support": 2245.0
  },
  "accuracy": 0.5673730507796881,
  "macro avg": {
    "precision": 0.20232704264096243,
    "recall": 0.4421365047234976,
    "f1-score": 0.19950343155616634,
    "support": 2501.0
  },
  "weighted avg": {
    "precision": 0.883574194141533,
    "recall": 0.5673730507796881,
    "f1-score": 0.6677823239129413,
    "support": 2501.0
  }
}