{
  "positive": {
    "precision": 0.2647482014388489,
    "recall": 0.8888888888888888,
    "f1-score": 0.4079822616407982,
    "support": 207.0
  },
  "negative": {
    "precision": 0.49319213313161875,
    "recall": 0.8049382716049382,
    "f1-score": 0.6116322701688556,
    "support": 405.0
  },
  "neutral": {
    "precision": 0.9441048034934498,
    "recall": 0.5722604552673373,
    "f1-score": 0.7125906394199077,
    "support": 1889.0
  },
  "accuracy": 0.6361455417832866,
  "macro avg": {
    "precision": 0.5673483793546391,
    "recall": 0.7553625385870548,
    "f1-score": 0.5774017237431872,
    "support": 2501.0
  },
  "weighted avg": {
    "precision": 0.8148579229969108,
    "recall": 0.6361455417832866,
    "f1-score": 0.6710304340032937,
    "support": 2501.0
  }
}