{
  "happiness": {
    "precision": 0.05953991880920163,
    "recall": 0.88,
    "f1-score": 0.11153358681875793,
    "support": 50.0
  },
  "anger": {
    "precision": 0.1126005361930295,
    "recall": 0.8936170212765957,
    "f1-score": 0.2,
    "support": 47.0
  },
  "disgust": {
    "precision": 0.15151515151515152,
    "recall": 0.07352941176470588,
    "f1-score": 0.09900990099009901,
    "support": 68.0
  },
  "fear": {
    "precision": 0.06870229007633588,
    "recall": 0.34615384615384615,
    "f1-score": 0.11464968152866242,
    "support": 26.0
  },
  "sadness": {
    "precision": 0.01875,
    "recall": 0.5,
    "f1-score": 0.03614457831325301,
    "support": 6.0
  },
  "surprise": {
    "precision": 0.07407407407407407,
    "recall": 0.4406779661016949,
    "f1-score": 0.12682926829268293,
    "support": 59.0
  },
  "other": {
    "precision": 0.972972972972973,
    "recall": 0.288641425389755,
    "f1-score": 0.44520783236001377,
    "support": 2245.0
  },
  "micro avg": {
    "precision": 0.31675499388503875,
    "recall": 0.31067572970811674,
    "f1-score": 0.3136859103754542,
    "support": 2501.0
  },
  "macro avg": {
    "precision": 0.20830784909153796,
    "recall": 0.48894566724094257,
    "f1-score": 0.1619106926147813,
    "support": 2501.0
  },
  "weighted avg": {
    "precision": 0.8833129570896611,
    "recall": 0.31067572970811674,
    "f1-score": 0.41258761386460957,
    "support": 2501.0
  }
}