{
  "positive": {
    "precision": 0.22545454545454546,
    "recall": 0.8985507246376812,
    "f1-score": 0.36046511627906974,
    "support": 207.0
  },
  "negative": {
    "precision": 0.5014792899408284,
    "recall": 0.837037037037037,
    "f1-score": 0.6271970397779834,
    "support": 405.0
  },
  "neutral": {
    "precision": 0.9415911379657603,
    "recall": 0.4949708840656432,
    "f1-score": 0.648854961832061,
    "support": 1889.0
  },
  "micro avg": {
    "precision": 0.5854049719326383,
    "recall": 0.583766493402639,
    "f1-score": 0.5845845845845846,
    "support": 2501.0
  },
  "macro avg": {
    "precision": 0.556174991120378,
    "recall": 0.7435195485801205,
    "f1-score": 0.545505705963038,
    "support": 2501.0
  },
  "weighted avg": {
    "precision": 0.8110491255307668,
    "recall": 0.583766493402639,
    "f1-score": 0.6214786497723367,
    "support": 2501.0
  }
}