{
  "happiness": {
    "precision": 0.06902356902356903,
    "recall": 0.82,
    "f1-score": 0.12732919254658384,
    "support": 50.0
  },
  "anger": {
    "precision": 0.13256484149855907,
    "recall": 0.9787234042553191,
    "f1-score": 0.233502538071066,
    "support": 47.0
  },
  "disgust": {
    "precision": 0.05,
    "recall": 0.029411764705882353,
    "f1-score": 0.037037037037037035,
    "support": 68.0
  },
  "fear": {
    "precision": 0.05517241379310345,
    "recall": 0.3076923076923077,
    "f1-score": 0.0935672514619883,
    "support": 26.0
  },
  "sadness": {
    "precision": 0.0297029702970297,
    "recall": 0.5,
    "f1-score": 0.056074766355140186,
    "support": 6.0
  },
  "surprise": {
    "precision": 0.055441478439425054,
    "recall": 0.4576271186440678,
    "f1-score": 0.0989010989010989,
    "support": 59.0
  },
  "other": {
    "precision": 0.9789473684210527,
    "recall": 0.2485523385300668,
    "f1-score": 0.3964476021314387,
    "support": 2245.0
  },
  "micro avg": {
    "precision": 0.2999124343257443,
    "recall": 0.273890443822471,
    "f1-score": 0.28631138975966564,
    "support": 2501.0
  },
  "macro avg": {
    "precision": 0.19583609163896273,
    "recall": 0.47742956197537767,
    "f1-score": 0.14897992664347898,
    "support": 2501.0
  },
  "weighted avg": {
    "precision": 0.8859265557437838,
    "recall": 0.273890443822471,
    "f1-score": 0.36724863102422034,
    "support": 2501.0
  }
}