{
  "positive": {
    "precision": 0.2272159800249688,
    "recall": 0.8792270531400966,
    "f1-score": 0.3611111111111111,
    "support": 207.0
  },
  "negative": {
    "precision": 0.5044910179640718,
    "recall": 0.8320987654320988,
    "f1-score": 0.6281453867660765,
    "support": 405.0
  },
  "neutral": {
    "precision": 0.9479708636836629,
    "recall": 0.4822657490735839,
    "f1-score": 0.639298245614035,
    "support": 1889.0
  },
  "micro avg": {
    "precision": 0.588477366255144,
    "recall": 0.5717712914834067,
    "f1-score": 0.5800040559724194,
    "support": 2501.0
  },
  "macro avg": {
    "precision": 0.5598926205575678,
    "recall": 0.7311971892152598,
    "f1-score": 0.5428515811637409,
    "support": 2501.0
  },
  "weighted avg": {
    "precision": 0.8165012121707546,
    "recall": 0.5717712914834067,
    "f1-score": 0.6144675200340556,
    "support": 2501.0
  }
}