{
  "happiness": {
    "precision": 0.12979351032448377,
    "recall": 0.88,
    "f1-score": 0.2262210796915167,
    "support": 50.0
  },
  "anger": {
    "precision": 0.07985480943738657,
    "recall": 0.9361702127659575,
    "f1-score": 0.14715719063545152,
    "support": 47.0
  },
  "disgust": {
    "precision": 0.06666666666666667,
    "recall": 0.014705882352941176,
    "f1-score": 0.024096385542168676,
    "support": 68.0
  },
  "fear": {
    "precision": 0.08571428571428572,
    "recall": 0.23076923076923078,
    "f1-score": 0.125,
    "support": 26.0
  },
  "sadness": {
    "precision": 0.06060606060606061,
    "recall": 0.3333333333333333,
    "f1-score": 0.10256410256410256,
    "support": 6.0
  },
  "surprise": {
    "precision": 0.08974358974358974,
    "recall": 0.23728813559322035,
    "f1-score": 0.13023255813953488,
    "support": 59.0
  },
  "other": {
    "precision": 0.9820493642483171,
    "recall": 0.5848552338530066,
    "f1-score": 0.7331099944165271,
    "support": 2245.0
  },
  "accuracy": 0.5693722510995601,
  "macro avg": {
    "precision": 0.21348975524868433,
    "recall": 0.45958886123824133,
    "f1-score": 0.2126259015699002,
    "support": 2501.0
  },
  "weighted avg": {
    "precision": 0.8905893991274155,
    "recall": 0.5693722510995601,
    "f1-score": 0.6706305634434346,
    "support": 2501.0
  }
}