{
  "positive": {
    "precision": 0.26207906295754024,
    "recall": 0.8647342995169082,
    "f1-score": 0.40224719101123596,
    "support": 207.0
  },
  "negative": {
    "precision": 0.4947683109118087,
    "recall": 0.817283950617284,
    "f1-score": 0.6163873370577281,
    "support": 405.0
  },
  "neutral": {
    "precision": 0.9449300699300699,
    "recall": 0.5722604552673373,
    "f1-score": 0.7128255852291461,
    "support": 1889.0
  },
  "micro avg": {
    "precision": 0.6374198717948718,
    "recall": 0.6361455417832866,
    "f1-score": 0.6367820692415449,
    "support": 2501.0
  },
  "macro avg": {
    "precision": 0.5672591479331396,
    "recall": 0.7514262351338431,
    "f1-score": 0.57715337109937,
    "support": 2501.0
  },
  "weighted avg": {
    "precision": 0.8155155673928011,
    "recall": 0.6361455417832866,
    "f1-score": 0.6715032269274541,
    "support": 2501.0
  }
}