{
  "happiness": {
    "precision": 0.14144736842105263,
    "recall": 0.86,
    "f1-score": 0.24293785310734464,
    "support": 50.0
  },
  "anger": {
    "precision": 0.08318264014466546,
    "recall": 0.9787234042553191,
    "f1-score": 0.15333333333333332,
    "support": 47.0
  },
  "disgust": {
    "precision": 0.15384615384615385,
    "recall": 0.029411764705882353,
    "f1-score": 0.04938271604938271,
    "support": 68.0
  },
  "fear": {
    "precision": 0.0847457627118644,
    "recall": 0.19230769230769232,
    "f1-score": 0.11764705882352941,
    "support": 26.0
  },
  "sadness": {
    "precision": 0.06451612903225806,
    "recall": 0.3333333333333333,
    "f1-score": 0.10810810810810811,
    "support": 6.0
  },
  "surprise": {
    "precision": 0.10784313725490197,
    "recall": 0.1864406779661017,
    "f1-score": 0.13664596273291926,
    "support": 59.0
  },
  "other": {
    "precision": 0.9833217512161223,
    "recall": 0.6302895322939867,
    "f1-score": 0.7681867535287731,
    "support": 2245.0
  },
  "accuracy": 0.6093562574970012,
  "macro avg": {
    "precision": 0.23127184894671696,
    "recall": 0.4586437721231879,
    "f1-score": 0.22517739795477007,
    "support": 2501.0
  },
  "weighted avg": {
    "precision": 0.8948236921840568,
    "recall": 0.6093562574970012,
    "f1-score": 0.7033428347320232,
    "support": 2501.0
  }
}