{
  "positive": {
    "precision": 0.313758389261745,
    "recall": 0.9033816425120773,
    "f1-score": 0.4657534246575342,
    "support": 207.0
  },
  "negative": {
    "precision": 0.49923664122137407,
    "recall": 0.8074074074074075,
    "f1-score": 0.6169811320754717,
    "support": 405.0
  },
  "neutral": {
    "precision": 0.9512,
    "recall": 0.629433562731604,
    "f1-score": 0.7575661038547308,
    "support": 1889.0
  },
  "accuracy": 0.6809276289484206,
  "macro avg": {
    "precision": 0.5880650101610397,
    "recall": 0.7800742042170296,
    "f1-score": 0.6134335535292456,
    "support": 2501.0
  },
  "weighted avg": {
    "precision": 0.8252521496488756,
    "recall": 0.6809276289484206,
    "f1-score": 0.710648015824175,
    "support": 2501.0
  }
}