{
  "happiness": {
    "precision": 0.15463917525773196,
    "recall": 0.9,
    "f1-score": 0.26392961876832843,
    "support": 50.0
  },
  "anger": {
    "precision": 0.0847145488029466,
    "recall": 0.9787234042553191,
    "f1-score": 0.15593220338983052,
    "support": 47.0
  },
  "disgust": {
    "precision": 0.0,
    "recall": 0.0,
    "f1-score": 0.0,
    "support": 68.0
  },
  "fear": {
    "precision": 0.07547169811320754,
    "recall": 0.15384615384615385,
    "f1-score": 0.10126582278481013,
    "support": 26.0
  },
  "sadness": {
    "precision": 0.07407407407407407,
    "recall": 0.3333333333333333,
    "f1-score": 0.12121212121212122,
    "support": 6.0
  },
  "surprise": {
    "precision": 0.15625,
    "recall": 0.1694915254237288,
    "f1-score": 0.16260162601626016,
    "support": 59.0
  },
  "other": {
    "precision": 0.981951871657754,
    "recall": 0.6543429844097995,
    "f1-score": 0.785351510291366,
    "support": 2245.0
  },
  "micro avg": {
    "precision": 0.63420523138833,
    "recall": 0.6301479408236705,
    "f1-score": 0.6321700762133975,
    "support": 2501.0
  },
  "macro avg": {
    "precision": 0.21815733827224487,
    "recall": 0.45567677160976217,
    "f1-score": 0.22718470035181662,
    "support": 2501.0
  },
  "weighted avg": {
    "precision": 0.8907720723805159,
    "recall": 0.6301479408236705,
    "f1-score": 0.7183499061001568,
    "support": 2501.0
  }
}