{
  "positive": {
    "precision": 0.3370577281191806,
    "recall": 0.8743961352657005,
    "f1-score": 0.48655913978494625,
    "support": 207.0
  },
  "negative": {
    "precision": 0.5070643642072213,
    "recall": 0.7975308641975308,
    "f1-score": 0.6199616122840691,
    "support": 405.0
  },
  "neutral": {
    "precision": 0.9506454062262718,
    "recall": 0.6627845420857597,
    "f1-score": 0.7810355583281348,
    "support": 1889.0
  },
  "micro avg": {
    "precision": 0.7049377759935769,
    "recall": 0.7021191523390644,
    "f1-score": 0.7035256410256411,
    "support": 2501.0
  },
  "macro avg": {
    "precision": 0.5982558328508912,
    "recall": 0.7782371805163303,
    "f1-score": 0.62918543679905,
    "support": 2501.0
  },
  "weighted avg": {
    "precision": 0.8280292641287575,
    "recall": 0.7021191523390644,
    "f1-score": 0.7305791141912749,
    "support": 2501.0
  }
}