{
  "happiness": {
    "precision": 0.16751269035532995,
    "recall": 0.66,
    "f1-score": 0.26720647773279355,
    "support": 50.0
  },
  "anger": {
    "precision": 0.13274336283185842,
    "recall": 0.9574468085106383,
    "f1-score": 0.23316062176165803,
    "support": 47.0
  },
  "disgust": {
    "precision": 0.037037037037037035,
    "recall": 0.014705882352941176,
    "f1-score": 0.021052631578947368,
    "support": 68.0
  },
  "fear": {
    "precision": 0.05069124423963134,
    "recall": 0.4230769230769231,
    "f1-score": 0.09053497942386832,
    "support": 26.0
  },
  "sadness": {
    "precision": 0.05263157894736842,
    "recall": 0.5,
    "f1-score": 0.09523809523809523,
    "support": 6.0
  },
  "surprise": {
    "precision": 0.03594771241830065,
    "recall": 0.559322033898305,
    "f1-score": 0.06755373592630501,
    "support": 59.0
  },
  "other": {
    "precision": 0.9512195121951219,
    "recall": 0.22583518930957683,
    "f1-score": 0.3650107991360691,
    "support": 2245.0
  },
  "micro avg": {
    "precision": 0.27666083916083917,
    "recall": 0.25309876049580166,
    "f1-score": 0.26435581541031533,
    "support": 2501.0
  },
  "macro avg": {
    "precision": 0.20396901971780682,
    "recall": 0.47719811959262637,
    "f1-score": 0.1628224772568195,
    "support": 2501.0
  },
  "weighted avg": {
    "precision": 0.8622053469908137,
    "recall": 0.25309876049580166,
    "f1-score": 0.340707998629901,
    "support": 2501.0
  }
}