{
  "positive": {
    "precision": 0.1930745015739769,
    "recall": 0.8888888888888888,
    "f1-score": 0.31724137931034485,
    "support": 207.0
  },
  "negative": {
    "precision": 0.4856711915535445,
    "recall": 0.7950617283950617,
    "f1-score": 0.602996254681648,
    "support": 405.0
  },
  "neutral": {
    "precision": 0.916083916083916,
    "recall": 0.41609317098994175,
    "f1-score": 0.5722606479796142,
    "support": 1889.0
  },
  "micro avg": {
    "precision": 0.5222312045270816,
    "recall": 0.516593362654938,
    "f1-score": 0.5193969849246232,
    "support": 2501.0
  },
  "macro avg": {
    "precision": 0.5316098697371459,
    "recall": 0.7000145960912975,
    "f1-score": 0.49749942732386904,
    "support": 2501.0
  },
  "weighted avg": {
    "precision": 0.786543691278495,
    "recall": 0.516593362654938,
    "f1-score": 0.5561306728095962,
    "support": 2501.0
  }
}