{
  "happiness": {
    "precision": 0.18497109826589594,
    "recall": 0.64,
    "f1-score": 0.28699551569506726,
    "support": 50.0
  },
  "anger": {
    "precision": 0.12857142857142856,
    "recall": 0.9574468085106383,
    "f1-score": 0.22670025188916876,
    "support": 47.0
  },
  "disgust": {
    "precision": 0.03571428571428571,
    "recall": 0.014705882352941176,
    "f1-score": 0.020833333333333332,
    "support": 68.0
  },
  "fear": {
    "precision": 0.055299539170506916,
    "recall": 0.46153846153846156,
    "f1-score": 0.09876543209876543,
    "support": 26.0
  },
  "sadness": {
    "precision": 0.028169014084507043,
    "recall": 0.3333333333333333,
    "f1-score": 0.05194805194805195,
    "support": 6.0
  },
  "surprise": {
    "precision": 0.03482587064676617,
    "recall": 0.5932203389830508,
    "f1-score": 0.06578947368421052,
    "support": 59.0
  },
  "other": {
    "precision": 0.9740518962075848,
    "recall": 0.2173719376391982,
    "f1-score": 0.35542607428987616,
    "support": 2245.0
  },
  "micro avg": {
    "precision": 0.2622601279317697,
    "recall": 0.2459016393442623,
    "f1-score": 0.25381758151052414,
    "support": 2501.0
  },
  "macro avg": {
    "precision": 0.20594330466585362,
    "recall": 0.45965953747966054,
    "f1-score": 0.15806544756263907,
    "support": 2501.0
  },
  "weighted avg": {
    "precision": 0.8828980483573972,
    "recall": 0.2459016393442623,
    "f1-score": 0.33231269874634445,
    "support": 2501.0
  }
}