{
  "positive": {
    "precision": 0.18775100401606426,
    "recall": 0.9033816425120773,
    "f1-score": 0.3108894430590191,
    "support": 207.0
  },
  "negative": {
    "precision": 0.4880597014925373,
    "recall": 0.8074074074074075,
    "f1-score": 0.6083720930232558,
    "support": 405.0
  },
  "neutral": {
    "precision": 0.9183922046285018,
    "recall": 0.39915299100052937,
    "f1-score": 0.5564575645756458,
    "support": 1889.0
  },
  "micro avg": {
    "precision": 0.5098512263771613,
    "recall": 0.5069972011195522,
    "f1-score": 0.5084202085004009,
    "support": 2501.0
  },
  "macro avg": {
    "precision": 0.5314009700457011,
    "recall": 0.7033140136400048,
    "f1-score": 0.49190636688597356,
    "support": 2501.0
  },
  "weighted avg": {
    "precision": 0.7882333112671104,
    "recall": 0.5069972011195522,
    "f1-score": 0.5445394449704241,
    "support": 2501.0
  }
}