{
  "happiness": {
    "precision": 0.15517241379310345,
    "recall": 0.9,
    "f1-score": 0.2647058823529412,
    "support": 50.0
  },
  "anger": {
    "precision": 0.08333333333333333,
    "recall": 0.9787234042553191,
    "f1-score": 0.15358931552587646,
    "support": 47.0
  },
  "disgust": {
    "precision": 0.0,
    "recall": 0.0,
    "f1-score": 0.0,
    "support": 68.0
  },
  "fear": {
    "precision": 0.08333333333333333,
    "recall": 0.15384615384615385,
    "f1-score": 0.10810810810810811,
    "support": 26.0
  },
  "sadness": {
    "precision": 0.0625,
    "recall": 0.3333333333333333,
    "f1-score": 0.10526315789473684,
    "support": 6.0
  },
  "surprise": {
    "precision": 0.11842105263157894,
    "recall": 0.15254237288135594,
    "f1-score": 0.13333333333333333,
    "support": 59.0
  },
  "other": {
    "precision": 0.9812458137977227,
    "recall": 0.6525612472160356,
    "f1-score": 0.7838416265382557,
    "support": 2245.0
  },
  "accuracy": 0.6281487405037984,
  "macro avg": {
    "precision": 0.21200084955558168,
    "recall": 0.45300093021888543,
    "f1-score": 0.22126306053617878,
    "support": 2501.0
  },
  "weighted avg": {
    "precision": 0.8892845454234862,
    "recall": 0.6281487405037984,
    "f1-score": 0.7163084765896015,
    "support": 2501.0
  }
}