{
  "positive": {
    "precision": 0.33891992551210426,
    "recall": 0.8792270531400966,
    "f1-score": 0.489247311827957,
    "support": 207.0
  },
  "negative": {
    "precision": 0.5069337442218799,
    "recall": 0.8123456790123457,
    "f1-score": 0.6242884250474383,
    "support": 405.0
  },
  "neutral": {
    "precision": 0.9520912547528517,
    "recall": 0.6627845420857597,
    "f1-score": 0.7815230961298377,
    "support": 1889.0
  },
  "accuracy": 0.7049180327868853,
  "macro avg": {
    "precision": 0.5993149748289452,
    "recall": 0.7847857580794008,
    "f1-score": 0.631686277668411,
    "support": 2501.0
  },
  "weighted avg": {
    "precision": 0.8292542867728924,
    "recall": 0.7049180327868853,
    "f1-score": 0.731870505510541,
    "support": 2501.0
  }
}