{
  "happiness": {
    "precision": 0.15845070422535212,
    "recall": 0.9,
    "f1-score": 0.2694610778443114,
    "support": 50.0
  },
  "anger": {
    "precision": 0.08424908424908426,
    "recall": 0.9787234042553191,
    "f1-score": 0.1551433389544688,
    "support": 47.0
  },
  "disgust": {
    "precision": 0.1,
    "recall": 0.014705882352941176,
    "f1-score": 0.02564102564102564,
    "support": 68.0
  },
  "fear": {
    "precision": 0.09803921568627451,
    "recall": 0.19230769230769232,
    "f1-score": 0.12987012987012986,
    "support": 26.0
  },
  "sadness": {
    "precision": 0.06666666666666667,
    "recall": 0.3333333333333333,
    "f1-score": 0.1111111111111111,
    "support": 6.0
  },
  "surprise": {
    "precision": 0.1625,
    "recall": 0.22033898305084745,
    "f1-score": 0.18705035971223022,
    "support": 59.0
  },
  "other": {
    "precision": 0.9833222148098733,
    "recall": 0.6565701559020044,
    "f1-score": 0.7873931623931624,
    "support": 2245.0
  },
  "micro avg": {
    "precision": 0.6344,
    "recall": 0.6341463414634146,
    "f1-score": 0.6342731453709258,
    "support": 2501.0
  },
  "macro avg": {
    "precision": 0.236175412233893,
    "recall": 0.4708542073145911,
    "f1-score": 0.23795288650377705,
    "support": 2501.0
  },
  "weighted avg": {
    "precision": 0.8951527924937958,
    "recall": 0.6341463414634146,
    "f1-score": 0.7218253864076875,
    "support": 2501.0
  }
}