{
  "positive": {
    "precision": 0.3458646616541353,
    "recall": 0.8888888888888888,
    "f1-score": 0.4979702300405954,
    "support": 207.0
  },
  "negative": {
    "precision": 0.5093167701863354,
    "recall": 0.8098765432098766,
    "f1-score": 0.6253574833174452,
    "support": 405.0
  },
  "neutral": {
    "precision": 0.9531368102796675,
    "recall": 0.6675489677077819,
    "f1-score": 0.7851805728518058,
    "support": 1889.0
  },
  "micro avg": {
    "precision": 0.709483793517407,
    "recall": 0.7089164334266294,
    "f1-score": 0.7092,
    "support": 2501.0
  },
  "macro avg": {
    "precision": 0.6027727473733794,
    "recall": 0.7887714666021824,
    "f1-score": 0.6361694287366154,
    "support": 2501.0
  },
  "weighted avg": {
    "precision": 0.8310046827293737,
    "recall": 0.7089164334266294,
    "f1-score": 0.7355280769608276,
    "support": 2501.0
  }
}