{
  "happiness": {
    "precision": 0.15845070422535212,
    "recall": 0.9,
    "f1-score": 0.2694610778443114,
    "support": 50.0
  },
  "anger": {
    "precision": 0.08363636363636363,
    "recall": 0.9787234042553191,
    "f1-score": 0.1541038525963149,
    "support": 47.0
  },
  "disgust": {
    "precision": 0.09090909090909091,
    "recall": 0.014705882352941176,
    "f1-score": 0.02531645569620253,
    "support": 68.0
  },
  "fear": {
    "precision": 0.1,
    "recall": 0.19230769230769232,
    "f1-score": 0.13157894736842105,
    "support": 26.0
  },
  "sadness": {
    "precision": 0.06896551724137931,
    "recall": 0.3333333333333333,
    "f1-score": 0.11428571428571428,
    "support": 6.0
  },
  "surprise": {
    "precision": 0.18309859154929578,
    "recall": 0.22033898305084745,
    "f1-score": 0.2,
    "support": 59.0
  },
  "other": {
    "precision": 0.9832214765100671,
    "recall": 0.6525612472160356,
    "f1-score": 0.784471218206158,
    "support": 2245.0
  },
  "micro avg": {
    "precision": 0.6346076458752515,
    "recall": 0.630547780887645,
    "f1-score": 0.6325711993582029,
    "support": 2501.0
  },
  "macro avg": {
    "precision": 0.23832596343879267,
    "recall": 0.4702815060737384,
    "f1-score": 0.23988818085673172,
    "support": 2501.0
  },
  "weighted avg": {
    "precision": 0.8953155086981017,
    "recall": 0.630547780887645,
    "f1-score": 0.7195050402805685,
    "support": 2501.0
  }
}