{
  "positive": {
    "precision": 0.34608030592734224,
    "recall": 0.8743961352657005,
    "f1-score": 0.4958904109589041,
    "support": 207.0
  },
  "negative": {
    "precision": 0.5054263565891473,
    "recall": 0.8049382716049382,
    "f1-score": 0.6209523809523809,
    "support": 405.0
  },
  "neutral": {
    "precision": 0.9536826119969628,
    "recall": 0.6649020645844362,
    "f1-score": 0.7835308796007486,
    "support": 1889.0
  },
  "micro avg": {
    "precision": 0.7094567404426559,
    "recall": 0.7049180327868853,
    "f1-score": 0.7071801042920176,
    "support": 2501.0
  },
  "macro avg": {
    "precision": 0.6017297581711508,
    "recall": 0.7814121571516917,
    "f1-score": 0.6334578905040112,
    "support": 2501.0
  },
  "weighted avg": {
    "precision": 0.8308047788116062,
    "recall": 0.7049180327868853,
    "f1-score": 0.7333965857337151,
    "support": 2501.0
  }
}