{
  "happiness": {
    "precision": 0.06687898089171974,
    "recall": 0.84,
    "f1-score": 0.12389380530973451,
    "support": 50.0
  },
  "anger": {
    "precision": 0.13142857142857142,
    "recall": 0.9787234042553191,
    "f1-score": 0.23173803526448364,
    "support": 47.0
  },
  "disgust": {
    "precision": 0.046511627906976744,
    "recall": 0.029411764705882353,
    "f1-score": 0.036036036036036036,
    "support": 68.0
  },
  "fear": {
    "precision": 0.0547945205479452,
    "recall": 0.3076923076923077,
    "f1-score": 0.09302325581395349,
    "support": 26.0
  },
  "sadness": {
    "precision": 0.030927835051546393,
    "recall": 0.5,
    "f1-score": 0.05825242718446602,
    "support": 6.0
  },
  "surprise": {
    "precision": 0.05567010309278351,
    "recall": 0.4576271186440678,
    "f1-score": 0.09926470588235294,
    "support": 59.0
  },
  "other": {
    "precision": 0.9770867430441899,
    "recall": 0.265924276169265,
    "f1-score": 0.4180672268907563,
    "support": 2245.0
  },
  "micro avg": {
    "precision": 0.3072033898305085,
    "recall": 0.28988404638144744,
    "f1-score": 0.2982925324007406,
    "support": 2501.0
  },
  "macro avg": {
    "precision": 0.19475691170910472,
    "recall": 0.4827684102095488,
    "f1-score": 0.15146792748311186,
    "support": 2501.0
  },
  "weighted avg": {
    "precision": 0.8841017118595121,
    "recall": 0.2898840463814474,
    "f1-score": 0.38653438208894214,
    "support": 2501.0
  }
}