{
  "positive": {
    "precision": 0.22564734895191121,
    "recall": 0.8840579710144928,
    "f1-score": 0.35952848722986247,
    "support": 207.0
  },
  "negative": {
    "precision": 0.4970414201183432,
    "recall": 0.8296296296296296,
    "f1-score": 0.6216466234967623,
    "support": 405.0
  },
  "neutral": {
    "precision": 0.9473140495867769,
    "recall": 0.48544203282159876,
    "f1-score": 0.6419320966048302,
    "support": 1889.0
  },
  "micro avg": {
    "precision": 0.584928716904277,
    "recall": 0.5741703318672531,
    "f1-score": 0.579499596448749,
    "support": 2501.0
  },
  "macro avg": {
    "precision": 0.5566676062190105,
    "recall": 0.7330432111552404,
    "f1-score": 0.5410357357771516,
    "support": 2501.0
  },
  "weighted avg": {
    "precision": 0.8146689388446207,
    "recall": 0.5741703318672531,
    "f1-score": 0.6152734945458994,
    "support": 2501.0
  }
}