{
  "happiness": {
    "precision": 0.15570934256055363,
    "recall": 0.9,
    "f1-score": 0.26548672566371684,
    "support": 50.0
  },
  "anger": {
    "precision": 0.08318264014466546,
    "recall": 0.9787234042553191,
    "f1-score": 0.15333333333333332,
    "support": 47.0
  },
  "disgust": {
    "precision": 0.1,
    "recall": 0.014705882352941176,
    "f1-score": 0.02564102564102564,
    "support": 68.0
  },
  "fear": {
    "precision": 0.09615384615384616,
    "recall": 0.19230769230769232,
    "f1-score": 0.1282051282051282,
    "support": 26.0
  },
  "sadness": {
    "precision": 0.0625,
    "recall": 0.3333333333333333,
    "f1-score": 0.10526315789473684,
    "support": 6.0
  },
  "surprise": {
    "precision": 0.13157894736842105,
    "recall": 0.1694915254237288,
    "f1-score": 0.14814814814814814,
    "support": 59.0
  },
  "other": {
    "precision": 0.9838709677419355,
    "recall": 0.6521158129175947,
    "f1-score": 0.7843557460487544,
    "support": 2245.0
  },
  "micro avg": {
    "precision": 0.6292,
    "recall": 0.6289484206317473,
    "f1-score": 0.6290741851629674,
    "support": 2501.0
  },
  "macro avg": {
    "precision": 0.2304279634242031,
    "recall": 0.4629539500843728,
    "f1-score": 0.2300618949906919,
    "support": 2501.0
  },
  "weighted avg": {
    "precision": 0.8948114880808513,
    "recall": 0.6289484206317473,
    "f1-score": 0.7180363437002553,
    "support": 2501.0
  }
}