{
  "positive": {
    "precision": 0.3414179104477612,
    "recall": 0.8840579710144928,
    "f1-score": 0.49259757738896365,
    "support": 207.0
  },
  "negative": {
    "precision": 0.5038051750380518,
    "recall": 0.817283950617284,
    "f1-score": 0.623352165725047,
    "support": 405.0
  },
  "neutral": {
    "precision": 0.9517980107115531,
    "recall": 0.6585494970884066,
    "f1-score": 0.7784730913642053,
    "support": 1889.0
  },
  "micro avg": {
    "precision": 0.7032,
    "recall": 0.7029188324670131,
    "f1-score": 0.7030593881223756,
    "support": 2501.0
  },
  "macro avg": {
    "precision": 0.5990070320657886,
    "recall": 0.7866304729067278,
    "f1-score": 0.6314742781594053,
    "support": 2501.0
  },
  "weighted avg": {
    "precision": 0.8287329250648626,
    "recall": 0.7029188324670131,
    "f1-score": 0.7296925210816247,
    "support": 2501.0
  }
}