{
  "happiness": {
    "precision": 0.06546644844517185,
    "recall": 0.8,
    "f1-score": 0.12102874432677761,
    "support": 50.0
  },
  "anger": {
    "precision": 0.11849710982658959,
    "recall": 0.8723404255319149,
    "f1-score": 0.20865139949109415,
    "support": 47.0
  },
  "disgust": {
    "precision": 0.15625,
    "recall": 0.07352941176470588,
    "f1-score": 0.1,
    "support": 68.0
  },
  "fear": {
    "precision": 0.061068702290076333,
    "recall": 0.3076923076923077,
    "f1-score": 0.10191082802547771,
    "support": 26.0
  },
  "sadness": {
    "precision": 0.013605442176870748,
    "recall": 0.3333333333333333,
    "f1-score": 0.026143790849673203,
    "support": 6.0
  },
  "surprise": {
    "precision": 0.05555555555555555,
    "recall": 0.4067796610169492,
    "f1-score": 0.09775967413441955,
    "support": 59.0
  },
  "other": {
    "precision": 0.9762931034482759,
    "recall": 0.2017817371937639,
    "f1-score": 0.3344407530454042,
    "support": 2245.0
  },
  "micro avg": {
    "precision": 0.26490984743411927,
    "recall": 0.22910835665733706,
    "f1-score": 0.24571183533447685,
    "support": 2501.0
  },
  "macro avg": {
    "precision": 0.20667662310607712,
    "recall": 0.4279224109332822,
    "f1-score": 0.14141931283897807,
    "support": 2501.0
  },
  "weighted avg": {
    "precision": 0.8861227111218989,
    "recall": 0.22910835665733706,
    "f1-score": 0.3126956851767469,
    "support": 2501.0
  }
}