{
  "positive": {
    "precision": 0.23205128205128206,
    "recall": 0.8743961352657005,
    "f1-score": 0.3667679837892604,
    "support": 207.0
  },
  "negative": {
    "precision": 0.5105105105105106,
    "recall": 0.8395061728395061,
    "f1-score": 0.6349206349206349,
    "support": 405.0
  },
  "neutral": {
    "precision": 0.9496402877697842,
    "recall": 0.4891476971942827,
    "f1-score": 0.6457023060796646,
    "support": 1889.0
  },
  "micro avg": {
    "precision": 0.597354278627532,
    "recall": 0.5777688924430228,
    "f1-score": 0.5873983739837398,
    "support": 2501.0
  },
  "macro avg": {
    "precision": 0.5640673601105256,
    "recall": 0.7343500017664965,
    "f1-score": 0.5491303082631865,
    "support": 2501.0
  },
  "weighted avg": {
    "precision": 0.8191370954572149,
    "recall": 0.5777688924430228,
    "f1-score": 0.6208698464501081,
    "support": 2501.0
  }
}