{
  "happiness": {
    "precision": 0.23357664233576642,
    "recall": 0.64,
    "f1-score": 0.3422459893048128,
    "support": 50.0
  },
  "anger": {
    "precision": 0.12680115273775217,
    "recall": 0.9361702127659575,
    "f1-score": 0.2233502538071066,
    "support": 47.0
  },
  "disgust": {
    "precision": 0.05263157894736842,
    "recall": 0.029411764705882353,
    "f1-score": 0.03773584905660377,
    "support": 68.0
  },
  "fear": {
    "precision": 0.05803571428571429,
    "recall": 0.5,
    "f1-score": 0.104,
    "support": 26.0
  },
  "sadness": {
    "precision": 0.028985507246376812,
    "recall": 0.3333333333333333,
    "f1-score": 0.05333333333333334,
    "support": 6.0
  },
  "surprise": {
    "precision": 0.03717472118959108,
    "recall": 0.6779661016949152,
    "f1-score": 0.07048458149779736,
    "support": 59.0
  },
  "other": {
    "precision": 0.98046875,
    "recall": 0.22360801781737194,
    "f1-score": 0.3641639463184621,
    "support": 2245.0
  },
  "micro avg": {
    "precision": 0.2642530170620058,
    "recall": 0.2538984406237505,
    "f1-score": 0.2589722675367047,
    "support": 2501.0
  },
  "macro avg": {
    "precision": 0.21681058096322417,
    "recall": 0.4772127757596372,
    "f1-score": 0.1707591361883023,
    "support": 2501.0
  },
  "weighted avg": {
    "precision": 0.8901423141059482,
    "recall": 0.2538984406237505,
    "f1-score": 0.3418258492296446,
    "support": 2501.0
  }
}