{
  "positive": {
    "precision": 0.18536585365853658,
    "recall": 0.9178743961352657,
    "f1-score": 0.30844155844155846,
    "support": 207.0
  },
  "negative": {
    "precision": 0.4831130690161527,
    "recall": 0.8123456790123457,
    "f1-score": 0.6058931860036832,
    "support": 405.0
  },
  "neutral": {
    "precision": 0.9190600522193212,
    "recall": 0.3726839597670725,
    "f1-score": 0.5303201506591337,
    "support": 1889.0
  },
  "micro avg": {
    "precision": 0.4947411003236246,
    "recall": 0.48900439824070374,
    "f1-score": 0.49185602252161675,
    "support": 2501.0
  },
  "macro avg": {
    "precision": 0.5291796582980034,
    "recall": 0.7009680116382279,
    "f1-score": 0.4815516317014585,
    "support": 2501.0
  },
  "weighted avg": {
    "precision": 0.7877392896046208,
    "recall": 0.48900439824070374,
    "f1-score": 0.524193885455417,
    "support": 2501.0
  }
}