{
  "happiness": {
    "precision": 0.06838905775075987,
    "recall": 0.9,
    "f1-score": 0.1271186440677966,
    "support": 50.0
  },
  "anger": {
    "precision": 0.11572700296735905,
    "recall": 0.8297872340425532,
    "f1-score": 0.203125,
    "support": 47.0
  },
  "disgust": {
    "precision": 0.1590909090909091,
    "recall": 0.10294117647058823,
    "f1-score": 0.125,
    "support": 68.0
  },
  "fear": {
    "precision": 0.08609271523178808,
    "recall": 0.5,
    "f1-score": 0.14689265536723164,
    "support": 26.0
  },
  "sadness": {
    "precision": 0.00851063829787234,
    "recall": 0.3333333333333333,
    "f1-score": 0.016597510373443983,
    "support": 6.0
  },
  "surprise": {
    "precision": 0.041044776119402986,
    "recall": 0.3728813559322034,
    "f1-score": 0.07394957983193277,
    "support": 59.0
  },
  "other": {
    "precision": 0.9643652561247216,
    "recall": 0.19287305122494433,
    "f1-score": 0.3214550853749072,
    "support": 2245.0
  },
  "micro avg": {
    "precision": 0.23278008298755187,
    "recall": 0.22431027588964414,
    "f1-score": 0.22846670739156993,
    "support": 2501.0
  },
  "macro avg": {
    "precision": 0.20617433651183042,
    "recall": 0.4616880215719461,
    "f1-score": 0.14487692500218746,
    "support": 2501.0
  },
  "weighted avg": {
    "precision": 0.8754050060224087,
    "recall": 0.22431027588964414,
    "f1-score": 0.30161986932504165,
    "support": 2501.0
  }
}