{
  "positive": {
    "precision": 0.22744128553770088,
    "recall": 0.8888888888888888,
    "f1-score": 0.36220472440944884,
    "support": 207.0
  },
  "negative": {
    "precision": 0.5143721633888049,
    "recall": 0.8395061728395061,
    "f1-score": 0.6378986866791745,
    "support": 405.0
  },
  "neutral": {
    "precision": 0.9437869822485208,
    "recall": 0.5066172578083642,
    "f1-score": 0.6593179469514295,
    "support": 1889.0
  },
  "micro avg": {
    "precision": 0.5962157809983897,
    "recall": 0.5921631347461016,
    "f1-score": 0.5941825476429288,
    "support": 2501.0
  },
  "macro avg": {
    "precision": 0.5618668103916755,
    "recall": 0.745004106512253,
    "f1-score": 0.5531404526800175,
    "support": 2501.0
  },
  "weighted avg": {
    "precision": 0.8149598887429931,
    "recall": 0.5921631347461016,
    "f1-score": 0.631258275829297,
    "support": 2501.0
  }
}