{
  "happiness": {
    "precision": 0.20666666666666667,
    "recall": 0.62,
    "f1-score": 0.31,
    "support": 50.0
  },
  "anger": {
    "precision": 0.1225071225071225,
    "recall": 0.9148936170212766,
    "f1-score": 0.21608040201005024,
    "support": 47.0
  },
  "disgust": {
    "precision": 0.05405405405405406,
    "recall": 0.029411764705882353,
    "f1-score": 0.0380952380952381,
    "support": 68.0
  },
  "fear": {
    "precision": 0.05855855855855856,
    "recall": 0.5,
    "f1-score": 0.10483870967741936,
    "support": 26.0
  },
  "sadness": {
    "precision": 0.0273972602739726,
    "recall": 0.3333333333333333,
    "f1-score": 0.05063291139240506,
    "support": 6.0
  },
  "surprise": {
    "precision": 0.03968253968253968,
    "recall": 0.6779661016949152,
    "f1-score": 0.07497656982193064,
    "support": 59.0
  },
  "other": {
    "precision": 0.9769874476987448,
    "recall": 0.20801781737193764,
    "f1-score": 0.34300403966213733,
    "support": 2245.0
  },
  "micro avg": {
    "precision": 0.2578697714532126,
    "recall": 0.23910435825669732,
    "f1-score": 0.24813278008298756,
    "support": 2501.0
  },
  "macro avg": {
    "precision": 0.2122648070630941,
    "recall": 0.4690889477324779,
    "f1-score": 0.16251826723702584,
    "support": 2501.0
  },
  "weighted avg": {
    "precision": 0.8864981366557225,
    "recall": 0.23910435825669732,
    "f1-score": 0.32216855084602486,
    "support": 2501.0
  }
}