{
  "positive": {
    "precision": 0.1940928270042194,
    "recall": 0.8888888888888888,
    "f1-score": 0.31861471861471863,
    "support": 207.0
  },
  "negative": {
    "precision": 0.4854961832061069,
    "recall": 0.7851851851851852,
    "f1-score": 0.6,
    "support": 405.0
  },
  "neutral": {
    "precision": 0.9141274238227147,
    "recall": 0.3493912122816305,
    "f1-score": 0.5055534278054385,
    "support": 1889.0
  },
  "micro avg": {
    "precision": 0.4997849462365591,
    "recall": 0.4646141543382647,
    "f1-score": 0.4815582262743473,
    "support": 2501.0
  },
  "macro avg": {
    "precision": 0.531238811344347,
    "recall": 0.6744884287852347,
    "f1-score": 0.47472271547338574,
    "support": 2501.0
  },
  "weighted avg": {
    "precision": 0.7851219004356077,
    "recall": 0.4646141543382647,
    "f1-score": 0.5053753186236386,
    "support": 2501.0
  }
}