{
  "happiness": {
    "precision": 0.19161676646706588,
    "recall": 0.64,
    "f1-score": 0.29493087557603687,
    "support": 50.0
  },
  "anger": {
    "precision": 0.12607449856733524,
    "recall": 0.9361702127659575,
    "f1-score": 0.2222222222222222,
    "support": 47.0
  },
  "disgust": {
    "precision": 0.06666666666666667,
    "recall": 0.029411764705882353,
    "f1-score": 0.04081632653061224,
    "support": 68.0
  },
  "fear": {
    "precision": 0.055299539170506916,
    "recall": 0.46153846153846156,
    "f1-score": 0.09876543209876543,
    "support": 26.0
  },
  "sadness": {
    "precision": 0.02702702702702703,
    "recall": 0.3333333333333333,
    "f1-score": 0.05,
    "support": 6.0
  },
  "surprise": {
    "precision": 0.03386454183266932,
    "recall": 0.576271186440678,
    "f1-score": 0.06396989651928504,
    "support": 59.0
  },
  "other": {
    "precision": 0.9707112970711297,
    "recall": 0.2066815144766147,
    "f1-score": 0.34080058758722,
    "support": 2245.0
  },
  "micro avg": {
    "precision": 0.25442000862440706,
    "recall": 0.23590563774490203,
    "f1-score": 0.24481327800829875,
    "support": 2501.0
  },
  "macro avg": {
    "precision": 0.21018004811462868,
    "recall": 0.4547723533229897,
    "f1-score": 0.15878647721916314,
    "support": 2501.0
  },
  "weighted avg": {
    "precision": 0.8808014766744344,
    "recall": 0.23590563774490203,
    "f1-score": 0.3197544752858227,
    "support": 2501.0
  }
}