{
  "positive": {
    "precision": 0.18775510204081633,
    "recall": 0.8888888888888888,
    "f1-score": 0.3100252737994945,
    "support": 207.0
  },
  "negative": {
    "precision": 0.49096385542168675,
    "recall": 0.8049382716049382,
    "f1-score": 0.6099158091674463,
    "support": 405.0
  },
  "neutral": {
    "precision": 0.918648310387985,
    "recall": 0.3885653785071466,
    "f1-score": 0.5461309523809523,
    "support": 1889.0
  },
  "micro avg": {
    "precision": 0.5092099877200164,
    "recall": 0.4974010395841663,
    "f1-score": 0.5032362459546925,
    "support": 2501.0
  },
  "macro avg": {
    "precision": 0.5324557559501627,
    "recall": 0.6941308463336578,
    "f1-score": 0.4886906784492977,
    "support": 2501.0
  },
  "weighted avg": {
    "precision": 0.7888973714078912,
    "recall": 0.4974010395841663,
    "f1-score": 0.5369182340811396,
    "support": 2501.0
  }
}