{
  "happiness": {
    "precision": 0.156794425087108,
    "recall": 0.9,
    "f1-score": 0.26706231454005935,
    "support": 50.0
  },
  "anger": {
    "precision": 0.08348457350272233,
    "recall": 0.9787234042553191,
    "f1-score": 0.15384615384615385,
    "support": 47.0
  },
  "disgust": {
    "precision": 0.09090909090909091,
    "recall": 0.014705882352941176,
    "f1-score": 0.02531645569620253,
    "support": 68.0
  },
  "fear": {
    "precision": 0.10416666666666667,
    "recall": 0.19230769230769232,
    "f1-score": 0.13513513513513514,
    "support": 26.0
  },
  "sadness": {
    "precision": 0.06060606060606061,
    "recall": 0.3333333333333333,
    "f1-score": 0.10256410256410256,
    "support": 6.0
  },
  "surprise": {
    "precision": 0.15384615384615385,
    "recall": 0.2033898305084746,
    "f1-score": 0.17518248175182483,
    "support": 59.0
  },
  "other": {
    "precision": 0.9825853985264568,
    "recall": 0.6534521158129176,
    "f1-score": 0.7849117174959872,
    "support": 2245.0
  },
  "accuracy": 0.6309476209516194,
  "macro avg": {
    "precision": 0.2331989098777513,
    "recall": 0.4679874655100969,
    "f1-score": 0.2348597658613522,
    "support": 2501.0
  },
  "weighted avg": {
    "precision": 0.8940417540410194,
    "recall": 0.6309476209516194,
    "f1-score": 0.7192710412938268,
    "support": 2501.0
  }
}