{
  "positive": {
    "precision": 0.34215500945179583,
    "recall": 0.8743961352657005,
    "f1-score": 0.49184782608695654,
    "support": 207.0
  },
  "negative": {
    "precision": 0.5046153846153846,
    "recall": 0.8098765432098766,
    "f1-score": 0.6218009478672986,
    "support": 405.0
  },
  "neutral": {
    "precision": 0.9515885022692889,
    "recall": 0.6659608258337745,
    "f1-score": 0.7835565244472127,
    "support": 1889.0
  },
  "accuracy": 0.7065173930427829,
  "macro avg": {
    "precision": 0.5994529654454898,
    "recall": 0.7834111681031172,
    "f1-score": 0.6324017661338226,
    "support": 2501.0
  },
  "weighted avg": {
    "precision": 0.8287668926479165,
    "recall": 0.7065173930427829,
    "f1-score": 0.7332187759164497,
    "support": 2501.0
  }
}