{
  "happiness": {
    "precision": 0.1541095890410959,
    "recall": 0.9,
    "f1-score": 0.2631578947368421,
    "support": 50.0
  },
  "anger": {
    "precision": 0.08333333333333333,
    "recall": 0.9787234042553191,
    "f1-score": 0.15358931552587646,
    "support": 47.0
  },
  "disgust": {
    "precision": 0.09090909090909091,
    "recall": 0.014705882352941176,
    "f1-score": 0.02531645569620253,
    "support": 68.0
  },
  "fear": {
    "precision": 0.0851063829787234,
    "recall": 0.15384615384615385,
    "f1-score": 0.1095890410958904,
    "support": 26.0
  },
  "sadness": {
    "precision": 0.0625,
    "recall": 0.3333333333333333,
    "f1-score": 0.10526315789473684,
    "support": 6.0
  },
  "surprise": {
    "precision": 0.1780821917808219,
    "recall": 0.22033898305084745,
    "f1-score": 0.19696969696969696,
    "support": 59.0
  },
  "other": {
    "precision": 0.9838709677419355,
    "recall": 0.6521158129175947,
    "f1-score": 0.7843557460487544,
    "support": 2245.0
  },
  "micro avg": {
    "precision": 0.6312625250501002,
    "recall": 0.6297481007596961,
    "f1-score": 0.6305044035228182,
    "support": 2501.0
  },
  "macro avg": {
    "precision": 0.233987365112143,
    "recall": 0.46472336710802714,
    "f1-score": 0.2340344725668571,
    "support": 2501.0
  },
  "weighted avg": {
    "precision": 0.8955173539199122,
    "recall": 0.6297481007596961,
    "f1-score": 0.7189439694403947,
    "support": 2501.0
  }
}