{
  "positive": {
    "precision": 0.3465160075329567,
    "recall": 0.8888888888888888,
    "f1-score": 0.4986449864498645,
    "support": 207.0
  },
  "negative": {
    "precision": 0.50231124807396,
    "recall": 0.8049382716049382,
    "f1-score": 0.618595825426945,
    "support": 405.0
  },
  "neutral": {
    "precision": 0.9514047076689446,
    "recall": 0.6633139227104288,
    "f1-score": 0.7816593886462883,
    "support": 1889.0
  },
  "micro avg": {
    "precision": 0.7060472567080497,
    "recall": 0.7049180327868853,
    "f1-score": 0.7054821928771509,
    "support": 2501.0
  },
  "macro avg": {
    "precision": 0.6000773210919538,
    "recall": 0.7857136944014186,
    "f1-score": 0.6329667335076993,
    "support": 2501.0
  },
  "weighted avg": {
    "precision": 0.828615898367018,
    "recall": 0.7049180327868853,
    "f1-score": 0.731829430885995,
    "support": 2501.0
  }
}