{
  "happiness": {
    "precision": 0.17857142857142858,
    "recall": 0.6,
    "f1-score": 0.27522935779816515,
    "support": 50.0
  },
  "anger": {
    "precision": 0.12576687116564417,
    "recall": 0.8723404255319149,
    "f1-score": 0.21983914209115282,
    "support": 47.0
  },
  "disgust": {
    "precision": 0.05714285714285714,
    "recall": 0.029411764705882353,
    "f1-score": 0.038834951456310676,
    "support": 68.0
  },
  "fear": {
    "precision": 0.0502283105022831,
    "recall": 0.4230769230769231,
    "f1-score": 0.08979591836734693,
    "support": 26.0
  },
  "sadness": {
    "precision": 0.028985507246376812,
    "recall": 0.3333333333333333,
    "f1-score": 0.05333333333333334,
    "support": 6.0
  },
  "surprise": {
    "precision": 0.03898840885142255,
    "recall": 0.6271186440677966,
    "f1-score": 0.07341269841269842,
    "support": 59.0
  },
  "other": {
    "precision": 0.9621380846325167,
    "recall": 0.19242761692650334,
    "f1-score": 0.3207126948775056,
    "support": 2245.0
  },
  "micro avg": {
    "precision": 0.2505643340857788,
    "recall": 0.2219112355057977,
    "f1-score": 0.23536895674300254,
    "support": 2501.0
  },
  "macro avg": {
    "precision": 0.20597449544464702,
    "recall": 0.43967267252033626,
    "f1-score": 0.1530225851909304,
    "support": 2501.0
  },
  "weighted avg": {
    "precision": 0.872653136304615,
    "recall": 0.2219112355057977,
    "f1-score": 0.30136774384291154,
    "support": 2501.0
  }
}