{
  "positive": {
    "precision": 0.20927467300832342,
    "recall": 0.8502415458937198,
    "f1-score": 0.33587786259541985,
    "support": 207.0
  },
  "negative": {
    "precision": 0.4878444084278768,
    "recall": 0.7432098765432099,
    "f1-score": 0.589041095890411,
    "support": 405.0
  },
  "neutral": {
    "precision": 0.9035769828926905,
    "recall": 0.3075701429327687,
    "f1-score": 0.4589257503949447,
    "support": 1889.0
  },
  "micro avg": {
    "precision": 0.5035697287006188,
    "recall": 0.423030787684926,
    "f1-score": 0.459800086918731,
    "support": 2501.0
  },
  "macro avg": {
    "precision": 0.533565354776297,
    "recall": 0.6336738551232328,
    "f1-score": 0.4612815696269252,
    "support": 2501.0
  },
  "weighted avg": {
    "precision": 0.7787899893683748,
    "recall": 0.423030787684926,
    "f1-score": 0.46981171686882,
    "support": 2501.0
  }
}