{
  "happiness": {
    "precision": 0.156794425087108,
    "recall": 0.9,
    "f1-score": 0.26706231454005935,
    "support": 50.0
  },
  "anger": {
    "precision": 0.08455882352941177,
    "recall": 0.9787234042553191,
    "f1-score": 0.155668358714044,
    "support": 47.0
  },
  "disgust": {
    "precision": 0.09090909090909091,
    "recall": 0.014705882352941176,
    "f1-score": 0.02531645569620253,
    "support": 68.0
  },
  "fear": {
    "precision": 0.08163265306122448,
    "recall": 0.15384615384615385,
    "f1-score": 0.10666666666666667,
    "support": 26.0
  },
  "sadness": {
    "precision": 0.05405405405405406,
    "recall": 0.3333333333333333,
    "f1-score": 0.09302325581395349,
    "support": 6.0
  },
  "surprise": {
    "precision": 0.15384615384615385,
    "recall": 0.2033898305084746,
    "f1-score": 0.17518248175182483,
    "support": 59.0
  },
  "other": {
    "precision": 0.9832775919732442,
    "recall": 0.6547884187082406,
    "f1-score": 0.786096256684492,
    "support": 2245.0
  },
  "accuracy": 0.6317473010795682,
  "macro avg": {
    "precision": 0.22929611320861246,
    "recall": 0.46268386042920895,
    "f1-score": 0.22985939855246326,
    "support": 2501.0
  },
  "weighted avg": {
    "precision": 0.8944333044793397,
    "recall": 0.6317473010795682,
    "f1-score": 0.7200497333555234,
    "support": 2501.0
  }
}