{
  "positive": {
    "precision": 0.34724857685009486,
    "recall": 0.8840579710144928,
    "f1-score": 0.4986376021798365,
    "support": 207.0
  },
  "negative": {
    "precision": 0.5038520801232665,
    "recall": 0.8074074074074075,
    "f1-score": 0.6204933586337761,
    "support": 405.0
  },
  "neutral": {
    "precision": 0.9524528301886792,
    "recall": 0.668078348332451,
    "f1-score": 0.7853142501555694,
    "support": 1889.0
  },
  "accuracy": 0.7085165933626549,
  "macro avg": {
    "precision": 0.6011844957206802,
    "recall": 0.7865145755847838,
    "f1-score": 0.6348150703230607,
    "support": 2501.0
  },
  "weighted avg": {
    "precision": 0.8297176905575,
    "recall": 0.7085165933626549,
    "f1-score": 0.7348966063341767,
    "support": 2501.0
  }
}