{
  "happiness": {
    "precision": 0.15734265734265734,
    "recall": 0.9,
    "f1-score": 0.26785714285714285,
    "support": 50.0
  },
  "anger": {
    "precision": 0.08378870673952642,
    "recall": 0.9787234042553191,
    "f1-score": 0.15436241610738255,
    "support": 47.0
  },
  "disgust": {
    "precision": 0.08333333333333333,
    "recall": 0.014705882352941176,
    "f1-score": 0.025,
    "support": 68.0
  },
  "fear": {
    "precision": 0.1,
    "recall": 0.19230769230769232,
    "f1-score": 0.13157894736842105,
    "support": 26.0
  },
  "sadness": {
    "precision": 0.06451612903225806,
    "recall": 0.3333333333333333,
    "f1-score": 0.10810810810810811,
    "support": 6.0
  },
  "surprise": {
    "precision": 0.16,
    "recall": 0.2033898305084746,
    "f1-score": 0.1791044776119403,
    "support": 59.0
  },
  "other": {
    "precision": 0.9819759679572764,
    "recall": 0.6552338530066815,
    "f1-score": 0.7860005343307508,
    "support": 2245.0
  },
  "accuracy": 0.632546981207517,
  "macro avg": {
    "precision": 0.2329938277721502,
    "recall": 0.4682419993949202,
    "f1-score": 0.23600166091196367,
    "support": 2501.0
  },
  "weighted avg": {
    "precision": 0.8934166387800226,
    "recall": 0.632546981207517,
    "f1-score": 0.7203342485932714,
    "support": 2501.0
  }
}