{
  "positive": {
    "precision": 0.3408239700374532,
    "recall": 0.8792270531400966,
    "f1-score": 0.49122807017543857,
    "support": 207.0
  },
  "negative": {
    "precision": 0.5061728395061729,
    "recall": 0.8098765432098766,
    "f1-score": 0.6229819563152896,
    "support": 405.0
  },
  "neutral": {
    "precision": 0.9522365428354814,
    "recall": 0.6649020645844362,
    "f1-score": 0.7830423940149626,
    "support": 1889.0
  },
  "accuracy": 0.7061175529788085,
  "macro avg": {
    "precision": 0.5997444507930357,
    "recall": 0.7846685536448031,
    "f1-score": 0.6324174735018969,
    "support": 2501.0
  },
  "weighted avg": {
    "precision": 0.8293983971267401,
    "recall": 0.7061175529788085,
    "f1-score": 0.7329704058889533,
    "support": 2501.0
  }
}