{
  "happiness": {
    "precision": 0.14596273291925466,
    "recall": 0.94,
    "f1-score": 0.25268817204301075,
    "support": 50.0
  },
  "anger": {
    "precision": 0.08455882352941177,
    "recall": 0.9787234042553191,
    "f1-score": 0.155668358714044,
    "support": 47.0
  },
  "disgust": {
    "precision": 0.09090909090909091,
    "recall": 0.014705882352941176,
    "f1-score": 0.02531645569620253,
    "support": 68.0
  },
  "fear": {
    "precision": 0.0851063829787234,
    "recall": 0.15384615384615385,
    "f1-score": 0.1095890410958904,
    "support": 26.0
  },
  "sadness": {
    "precision": 0.0625,
    "recall": 0.3333333333333333,
    "f1-score": 0.10526315789473684,
    "support": 6.0
  },
  "surprise": {
    "precision": 0.15789473684210525,
    "recall": 0.2542372881355932,
    "f1-score": 0.19480519480519481,
    "support": 59.0
  },
  "other": {
    "precision": 0.983448275862069,
    "recall": 0.6351893095768374,
    "f1-score": 0.7718538565629228,
    "support": 2245.0
  },
  "accuracy": 0.6161535385845661,
  "macro avg": {
    "precision": 0.2300542918629507,
    "recall": 0.4728621959285969,
    "f1-score": 0.23074060525885745,
    "support": 2501.0
  },
  "weighted avg": {
    "precision": 0.8945218529688682,
    "recall": 0.6161535385845661,
    "f1-score": 0.7075004593931157,
    "support": 2501.0
  }
}