{
  "positive": {
    "precision": 0.3125,
    "recall": 0.893719806763285,
    "f1-score": 0.46307884856070086,
    "support": 207.0
  },
  "negative": {
    "precision": 0.5062305295950156,
    "recall": 0.8024691358024691,
    "f1-score": 0.620821394460363,
    "support": 405.0
  },
  "neutral": {
    "precision": 0.9486571879936809,
    "recall": 0.6357861302276336,
    "f1-score": 0.7613312202852615,
    "support": 1889.0
  },
  "micro avg": {
    "precision": 0.6844,
    "recall": 0.6841263494602159,
    "f1-score": 0.6842631473705258,
    "support": 2501.0
  },
  "macro avg": {
    "precision": 0.5891292391962322,
    "recall": 0.7773250242644626,
    "f1-score": 0.6150771544354418,
    "support": 2501.0
  },
  "weighted avg": {
    "precision": 0.8243599730531965,
    "recall": 0.6841263494602159,
    "f1-score": 0.7138923076878733,
    "support": 2501.0
  }
}