{
  "happiness": {
    "precision": 0.10677083333333333,
    "recall": 0.82,
    "f1-score": 0.1889400921658986,
    "support": 50.0
  },
  "anger": {
    "precision": 0.08,
    "recall": 0.9361702127659575,
    "f1-score": 0.1474036850921273,
    "support": 47.0
  },
  "disgust": {
    "precision": 0.2,
    "recall": 0.058823529411764705,
    "f1-score": 0.09090909090909091,
    "support": 68.0
  },
  "fear": {
    "precision": 0.05660377358490566,
    "recall": 0.11538461538461539,
    "f1-score": 0.0759493670886076,
    "support": 26.0
  },
  "sadness": {
    "precision": 0.05405405405405406,
    "recall": 0.3333333333333333,
    "f1-score": 0.09302325581395349,
    "support": 6.0
  },
  "surprise": {
    "precision": 0.06569343065693431,
    "recall": 0.15254237288135594,
    "f1-score": 0.09183673469387756,
    "support": 59.0
  },
  "other": {
    "precision": 0.9712351945854484,
    "recall": 0.511358574610245,
    "f1-score": 0.6699737379632331,
    "support": 2245.0
  },
  "micro avg": {
    "precision": 0.5294117647058824,
    "recall": 0.5001999200319872,
    "f1-score": 0.514391447368421,
    "support": 2501.0
  },
  "macro avg": {
    "precision": 0.21919389803066797,
    "recall": 0.4182303769124674,
    "f1-score": 0.19400513767525548,
    "support": 2501.0
  },
  "weighted avg": {
    "precision": 0.8831641296910393,
    "recall": 0.5001999200319872,
    "f1-score": 0.613594173587776,
    "support": 2501.0
  }
}