{
  "positive": {
    "precision": 0.2598314606741573,
    "recall": 0.893719806763285,
    "f1-score": 0.40261153427638735,
    "support": 207.0
  },
  "negative": {
    "precision": 0.47969924812030074,
    "recall": 0.7876543209876543,
    "f1-score": 0.5962616822429907,
    "support": 405.0
  },
  "neutral": {
    "precision": 0.9463087248322147,
    "recall": 0.5224986765484383,
    "f1-score": 0.6732605729877217,
    "support": 1889.0
  },
  "micro avg": {
    "precision": 0.6161157024793389,
    "recall": 0.5961615353858457,
    "f1-score": 0.6059743954480796,
    "support": 2501.0
  },
  "macro avg": {
    "precision": 0.5619464778755576,
    "recall": 0.7346242680997926,
    "f1-score": 0.5573779298356999,
    "support": 2501.0
  },
  "weighted avg": {
    "precision": 0.8139306233731811,
    "recall": 0.5961615353858457,
    "f1-score": 0.6383909601269211,
    "support": 2501.0
  }
}