{
  "positive": {
    "precision": 0.34535104364326374,
    "recall": 0.8792270531400966,
    "f1-score": 0.49591280653950953,
    "support": 207.0
  },
  "negative": {
    "precision": 0.5023183925811437,
    "recall": 0.8024691358024691,
    "f1-score": 0.6178707224334601,
    "support": 405.0
  },
  "neutral": {
    "precision": 0.9508692365835223,
    "recall": 0.6659608258337745,
    "f1-score": 0.7833125778331258,
    "support": 1889.0
  },
  "micro avg": {
    "precision": 0.7068482178614337,
    "recall": 0.7057177129148341,
    "f1-score": 0.7062825130052021,
    "support": 2501.0
  },
  "macro avg": {
    "precision": 0.5995128909359766,
    "recall": 0.78255233825878,
    "f1-score": 0.6323653689353651,
    "support": 2501.0
  },
  "weighted avg": {
    "precision": 0.8281161946964384,
    "recall": 0.7057177129148341,
    "f1-score": 0.7327345274154357,
    "support": 2501.0
  }
}