{
  "happiness": {
    "precision": 0.18181818181818182,
    "recall": 0.68,
    "f1-score": 0.2869198312236287,
    "support": 50.0
  },
  "anger": {
    "precision": 0.13134328358208955,
    "recall": 0.9361702127659575,
    "f1-score": 0.23036649214659685,
    "support": 47.0
  },
  "disgust": {
    "precision": 0.038461538461538464,
    "recall": 0.014705882352941176,
    "f1-score": 0.02127659574468085,
    "support": 68.0
  },
  "fear": {
    "precision": 0.0502283105022831,
    "recall": 0.4230769230769231,
    "f1-score": 0.08979591836734693,
    "support": 26.0
  },
  "sadness": {
    "precision": 0.05357142857142857,
    "recall": 0.5,
    "f1-score": 0.0967741935483871,
    "support": 6.0
  },
  "surprise": {
    "precision": 0.03559870550161812,
    "recall": 0.559322033898305,
    "f1-score": 0.06693711967545639,
    "support": 59.0
  },
  "other": {
    "precision": 0.9466403162055336,
    "recall": 0.2133630289532294,
    "f1-score": 0.34823700472555436,
    "support": 2245.0
  },
  "micro avg": {
    "precision": 0.26817375886524825,
    "recall": 0.2419032387045182,
    "f1-score": 0.2543619928526382,
    "support": 2501.0
  },
  "macro avg": {
    "precision": 0.20538025209181043,
    "recall": 0.4752340115781937,
    "f1-score": 0.16290102220452157,
    "support": 2501.0
  },
  "weighted avg": {
    "precision": 0.8583824974750733,
    "recall": 0.2419032387045182,
    "f1-score": 0.3259802998445712,
    "support": 2501.0
  }
}