{
  "positive": {
    "precision": 0.1865671641791045,
    "recall": 0.8454106280193237,
    "f1-score": 0.3056768558951965,
    "support": 207.0
  },
  "negative": {
    "precision": 0.4868217054263566,
    "recall": 0.7753086419753087,
    "f1-score": 0.5980952380952381,
    "support": 405.0
  },
  "neutral": {
    "precision": 0.9266750948166877,
    "recall": 0.3880359978824775,
    "f1-score": 0.5470149253731343,
    "support": 1889.0
  },
  "micro avg": {
    "precision": 0.514743049705139,
    "recall": 0.4886045581767293,
    "f1-score": 0.5013333333333333,
    "support": 2501.0
  },
  "macro avg": {
    "precision": 0.533354654807383,
    "recall": 0.6695850892923699,
    "f1-score": 0.4835956731211897,
    "support": 2501.0
  },
  "weighted avg": {
    "precision": 0.7941909027554866,
    "recall": 0.4886045581767293,
    "f1-score": 0.5353118251214426,
    "support": 2501.0
  }
}