{
  "happiness": {
    "precision": 0.140625,
    "recall": 0.9,
    "f1-score": 0.24324324324324326,
    "support": 50.0
  },
  "anger": {
    "precision": 0.08272058823529412,
    "recall": 0.9574468085106383,
    "f1-score": 0.15228426395939088,
    "support": 47.0
  },
  "disgust": {
    "precision": 0.16666666666666666,
    "recall": 0.029411764705882353,
    "f1-score": 0.05,
    "support": 68.0
  },
  "fear": {
    "precision": 0.07936507936507936,
    "recall": 0.19230769230769232,
    "f1-score": 0.11235955056179775,
    "support": 26.0
  },
  "sadness": {
    "precision": 0.03125,
    "recall": 0.16666666666666666,
    "f1-score": 0.05263157894736842,
    "support": 6.0
  },
  "surprise": {
    "precision": 0.09803921568627451,
    "recall": 0.1694915254237288,
    "f1-score": 0.12422360248447205,
    "support": 59.0
  },
  "other": {
    "precision": 0.9838483146067416,
    "recall": 0.6240534521158129,
    "f1-score": 0.7636958299264105,
    "support": 2245.0
  },
  "micro avg": {
    "precision": 0.6043251902282739,
    "recall": 0.6033586565373851,
    "f1-score": 0.6038415366146459,
    "support": 2501.0
  },
  "macro avg": {
    "precision": 0.22607355208000804,
    "recall": 0.434196844247203,
    "f1-score": 0.2140625813032404,
    "support": 2501.0
  },
  "weighted avg": {
    "precision": 0.8952527881093599,
    "recall": 0.6033586565373851,
    "f1-score": 0.69883366296998,
    "support": 2501.0
  }
}