{
  "positive": {
    "precision": 0.2987012987012987,
    "recall": 0.8888888888888888,
    "f1-score": 0.4471445929526124,
    "support": 207.0
  },
  "negative": {
    "precision": 0.5015243902439024,
    "recall": 0.8123456790123457,
    "f1-score": 0.6201696512723845,
    "support": 405.0
  },
  "neutral": {
    "precision": 0.9509803921568627,
    "recall": 0.6161990471148756,
    "f1-score": 0.7478316736267266,
    "support": 1889.0
  },
  "micro avg": {
    "precision": 0.671875,
    "recall": 0.670531787285086,
    "f1-score": 0.6712027216329798,
    "support": 2501.0
  },
  "macro avg": {
    "precision": 0.5837353603673546,
    "recall": 0.7724778716720366,
    "f1-score": 0.605048639283908,
    "support": 2501.0
  },
  "weighted avg": {
    "precision": 0.8242105188581619,
    "recall": 0.670531787285086,
    "f1-score": 0.7022717596910808,
    "support": 2501.0
  }
}