{
  "happiness": {
    "precision": 0.0698051948051948,
    "recall": 0.86,
    "f1-score": 0.12912912912912913,
    "support": 50.0
  },
  "anger": {
    "precision": 0.1271186440677966,
    "recall": 0.9574468085106383,
    "f1-score": 0.22443890274314215,
    "support": 47.0
  },
  "disgust": {
    "precision": 0.061224489795918366,
    "recall": 0.04411764705882353,
    "f1-score": 0.05128205128205128,
    "support": 68.0
  },
  "fear": {
    "precision": 0.055944055944055944,
    "recall": 0.3076923076923077,
    "f1-score": 0.09467455621301775,
    "support": 26.0
  },
  "sadness": {
    "precision": 0.02247191011235955,
    "recall": 0.3333333333333333,
    "f1-score": 0.042105263157894736,
    "support": 6.0
  },
  "surprise": {
    "precision": 0.05894308943089431,
    "recall": 0.4915254237288136,
    "f1-score": 0.10526315789473684,
    "support": 59.0
  },
  "other": {
    "precision": 0.9754500818330606,
    "recall": 0.26547884187082404,
    "f1-score": 0.4173669467787115,
    "support": 2245.0
  },
  "micro avg": {
    "precision": 0.308411214953271,
    "recall": 0.29028388644542186,
    "f1-score": 0.2990731204943357,
    "support": 2501.0
  },
  "macro avg": {
    "precision": 0.19585106656989718,
    "recall": 0.4656563374563915,
    "f1-score": 0.1520371438855262,
    "support": 2501.0
  },
  "weighted avg": {
    "precision": 0.8830789900937354,
    "recall": 0.29028388644542186,
    "f1-score": 0.3864077394030573,
    "support": 2501.0
  }
}