{
  "positive": {
    "precision": 0.22388059701492538,
    "recall": 0.8695652173913043,
    "f1-score": 0.3560830860534125,
    "support": 207.0
  },
  "negative": {
    "precision": 0.5037593984962406,
    "recall": 0.8271604938271605,
    "f1-score": 0.6261682242990654,
    "support": 405.0
  },
  "neutral": {
    "precision": 0.944672131147541,
    "recall": 0.4880889359449444,
    "f1-score": 0.643630017452007,
    "support": 1889.0
  },
  "micro avg": {
    "precision": 0.5877300613496933,
    "recall": 0.5745701719312275,
    "f1-score": 0.5810756166599272,
    "support": 2501.0
  },
  "macro avg": {
    "precision": 0.5574373755529023,
    "recall": 0.7282715490544698,
    "f1-score": 0.541960442601495,
    "support": 2501.0
  },
  "weighted avg": {
    "precision": 0.8136151522234194,
    "recall": 0.5745701719312275,
    "f1-score": 0.6170029718596638,
    "support": 2501.0
  }
}