{
  "happiness": {
    "precision": 0.06634304207119741,
    "recall": 0.82,
    "f1-score": 0.12275449101796407,
    "support": 50.0
  },
  "anger": {
    "precision": 0.13333333333333333,
    "recall": 0.9787234042553191,
    "f1-score": 0.23469387755102042,
    "support": 47.0
  },
  "disgust": {
    "precision": 0.0425531914893617,
    "recall": 0.029411764705882353,
    "f1-score": 0.034782608695652174,
    "support": 68.0
  },
  "fear": {
    "precision": 0.06338028169014084,
    "recall": 0.34615384615384615,
    "f1-score": 0.10714285714285714,
    "support": 26.0
  },
  "sadness": {
    "precision": 0.029411764705882353,
    "recall": 0.5,
    "f1-score": 0.05555555555555555,
    "support": 6.0
  },
  "surprise": {
    "precision": 0.05761316872427984,
    "recall": 0.4745762711864407,
    "f1-score": 0.10275229357798166,
    "support": 59.0
  },
  "other": {
    "precision": 0.9793977812995246,
    "recall": 0.27527839643652563,
    "f1-score": 0.4297635605006954,
    "support": 2245.0
  },
  "micro avg": {
    "precision": 0.3150569380008435,
    "recall": 0.29868052778888443,
    "f1-score": 0.3066502463054187,
    "support": 2501.0
  },
  "macro avg": {
    "precision": 0.19600465190196,
    "recall": 0.4891633832482877,
    "f1-score": 0.1553493205773895,
    "support": 2501.0
  },
  "weighted avg": {
    "precision": 0.8862251058280077,
    "recall": 0.29868052778888443,
    "f1-score": 0.3972547702724151,
    "support": 2501.0
  }
}