{
  "positive": {
    "precision": 0.22098765432098766,
    "recall": 0.8647342995169082,
    "f1-score": 0.352015732546706,
    "support": 207.0
  },
  "negative": {
    "precision": 0.507396449704142,
    "recall": 0.8469135802469135,
    "f1-score": 0.6345975948196114,
    "support": 405.0
  },
  "neutral": {
    "precision": 0.9492227979274611,
    "recall": 0.4849126521969296,
    "f1-score": 0.641906096706377,
    "support": 1889.0
  },
  "micro avg": {
    "precision": 0.5866993064055488,
    "recall": 0.5749700119952019,
    "f1-score": 0.5807754442649434,
    "support": 2501.0
  },
  "macro avg": {
    "precision": 0.5592023006508636,
    "recall": 0.7321868439869171,
    "f1-score": 0.5428398080242315,
    "support": 2501.0
  },
  "weighted avg": {
    "precision": 0.817401788028627,
    "recall": 0.5749700119952019,
    "f1-score": 0.6167292679797909,
    "support": 2501.0
  }
}