{
  "happiness": {
    "precision": 0.16585365853658537,
    "recall": 0.68,
    "f1-score": 0.26666666666666666,
    "support": 50.0
  },
  "anger": {
    "precision": 0.12727272727272726,
    "recall": 0.8936170212765957,
    "f1-score": 0.22281167108753316,
    "support": 47.0
  },
  "disgust": {
    "precision": 0.043478260869565216,
    "recall": 0.014705882352941176,
    "f1-score": 0.02197802197802198,
    "support": 68.0
  },
  "fear": {
    "precision": 0.048672566371681415,
    "recall": 0.4230769230769231,
    "f1-score": 0.0873015873015873,
    "support": 26.0
  },
  "sadness": {
    "precision": 0.03389830508474576,
    "recall": 0.3333333333333333,
    "f1-score": 0.06153846153846154,
    "support": 6.0
  },
  "surprise": {
    "precision": 0.03803131991051454,
    "recall": 0.576271186440678,
    "f1-score": 0.07135362014690451,
    "support": 59.0
  },
  "other": {
    "precision": 0.9612244897959183,
    "recall": 0.20979955456570157,
    "f1-score": 0.34442413162705665,
    "support": 2245.0
  },
  "micro avg": {
    "precision": 0.26717557251908397,
    "recall": 0.23790483806477408,
    "f1-score": 0.2516920473773266,
    "support": 2501.0
  },
  "macro avg": {
    "precision": 0.202633046834534,
    "recall": 0.4472577001494532,
    "f1-score": 0.1537248800494617,
    "support": 2501.0
  },
  "weighted avg": {
    "precision": 0.8712086073052807,
    "recall": 0.23790483806477408,
    "f1-score": 0.32202362994779465,
    "support": 2501.0
  }
}