{
  "positive": {
    "precision": 0.1889400921658986,
    "recall": 0.7922705314009661,
    "f1-score": 0.30511627906976746,
    "support": 207.0
  },
  "negative": {
    "precision": 0.48253968253968255,
    "recall": 0.7506172839506173,
    "f1-score": 0.58743961352657,
    "support": 405.0
  },
  "neutral": {
    "precision": 0.910025706940874,
    "recall": 0.37480148226574905,
    "f1-score": 0.530933633295838,
    "support": 1889.0
  },
  "micro avg": {
    "precision": 0.5166959578207382,
    "recall": 0.47021191523390643,
    "f1-score": 0.4923592212685786,
    "support": 2501.0
  },
  "macro avg": {
    "precision": 0.5271684938821517,
    "recall": 0.6392297658724442,
    "f1-score": 0.4744965086307252,
    "support": 2501.0
  },
  "weighted avg": {
    "precision": 0.7811186449093257,
    "recall": 0.47021191523390643,
    "f1-score": 0.5213937411201682,
    "support": 2501.0
  }
}