{
  "happiness": {
    "precision": 0.10714285714285714,
    "recall": 0.84,
    "f1-score": 0.19004524886877827,
    "support": 50.0
  },
  "anger": {
    "precision": 0.08272058823529412,
    "recall": 0.9574468085106383,
    "f1-score": 0.15228426395939088,
    "support": 47.0
  },
  "disgust": {
    "precision": 0.0,
    "recall": 0.0,
    "f1-score": 0.0,
    "support": 68.0
  },
  "fear": {
    "precision": 0.07246376811594203,
    "recall": 0.19230769230769232,
    "f1-score": 0.10526315789473684,
    "support": 26.0
  },
  "sadness": {
    "precision": 0.05128205128205128,
    "recall": 0.3333333333333333,
    "f1-score": 0.08888888888888889,
    "support": 6.0
  },
  "surprise": {
    "precision": 0.08917197452229299,
    "recall": 0.23728813559322035,
    "f1-score": 0.12962962962962962,
    "support": 59.0
  },
  "other": {
    "precision": 0.9796610169491525,
    "recall": 0.5149220489977728,
    "f1-score": 0.675036496350365,
    "support": 2245.0
  },
  "micro avg": {
    "precision": 0.5271059216013344,
    "recall": 0.5053978408636546,
    "f1-score": 0.5160236783016943,
    "support": 2501.0
  },
  "macro avg": {
    "precision": 0.19749175089251286,
    "recall": 0.4393282883918081,
    "f1-score": 0.1915925265131128,
    "support": 2501.0
  },
  "weighted avg": {
    "precision": 0.8860603319994287,
    "recall": 0.5053978408636546,
    "f1-score": 0.6169671654309653,
    "support": 2501.0
  }
}