{
  "positive": {
    "precision": 0.2569444444444444,
    "recall": 0.893719806763285,
    "f1-score": 0.39913700107874867,
    "support": 207.0
  },
  "negative": {
    "precision": 0.4855403348554033,
    "recall": 0.7876543209876543,
    "f1-score": 0.60075329566855,
    "support": 405.0
  },
  "neutral": {
    "precision": 0.9476688867745005,
    "recall": 0.5272631021704606,
    "f1-score": 0.6775510204081633,
    "support": 1889.0
  },
  "micro avg": {
    "precision": 0.6177924217462932,
    "recall": 0.5997600959616154,
    "f1-score": 0.6086427267194157,
    "support": 2501.0
  },
  "macro avg": {
    "precision": 0.563384555358116,
    "recall": 0.7362124099737999,
    "f1-score": 0.5591471057184872,
    "support": 2501.0
  },
  "weighted avg": {
    "precision": 0.8156648791417311,
    "recall": 0.5997600959616154,
    "f1-score": 0.6420713000879985,
    "support": 2501.0
  }
}