{
  "happiness": {
    "precision": 0.15463917525773196,
    "recall": 0.9,
    "f1-score": 0.26392961876832843,
    "support": 50.0
  },
  "anger": {
    "precision": 0.08333333333333333,
    "recall": 0.9787234042553191,
    "f1-score": 0.15358931552587646,
    "support": 47.0
  },
  "disgust": {
    "precision": 0.1,
    "recall": 0.014705882352941176,
    "f1-score": 0.02564102564102564,
    "support": 68.0
  },
  "fear": {
    "precision": 0.10204081632653061,
    "recall": 0.19230769230769232,
    "f1-score": 0.13333333333333333,
    "support": 26.0
  },
  "sadness": {
    "precision": 0.06666666666666667,
    "recall": 0.3333333333333333,
    "f1-score": 0.1111111111111111,
    "support": 6.0
  },
  "surprise": {
    "precision": 0.16666666666666666,
    "recall": 0.2033898305084746,
    "f1-score": 0.183206106870229,
    "support": 59.0
  },
  "other": {
    "precision": 0.9832551908908238,
    "recall": 0.6538975501113585,
    "f1-score": 0.7854467629748528,
    "support": 2245.0
  },
  "micro avg": {
    "precision": 0.632358830596716,
    "recall": 0.6313474610155938,
    "f1-score": 0.6318527410964386,
    "support": 2501.0
  },
  "macro avg": {
    "precision": 0.23665740702025045,
    "recall": 0.4680510989813027,
    "f1-score": 0.23660818203210812,
    "support": 2501.0
  },
  "weighted avg": {
    "precision": 0.8951391137694025,
    "recall": 0.6313474610155938,
    "f1-score": 0.719883744513772,
    "support": 2501.0
  }
}