{
  "positive": {
    "precision": 0.34593572778827975,
    "recall": 0.8840579710144928,
    "f1-score": 0.49728260869565216,
    "support": 207.0
  },
  "negative": {
    "precision": 0.5062305295950156,
    "recall": 0.8024691358024691,
    "f1-score": 0.620821394460363,
    "support": 405.0
  },
  "neutral": {
    "precision": 0.9502637528259231,
    "recall": 0.6675489677077819,
    "f1-score": 0.7842039800995025,
    "support": 1889.0
  },
  "micro avg": {
    "precision": 0.7081665332265813,
    "recall": 0.7073170731707317,
    "f1-score": 0.707741548309662,
    "support": 2501.0
  },
  "macro avg": {
    "precision": 0.6008100034030729,
    "recall": 0.7846920248415813,
    "f1-score": 0.6341026610851727,
    "support": 2501.0
  },
  "weighted avg": {
    "precision": 0.8283407793787781,
    "recall": 0.7073170731707317,
    "f1-score": 0.7339989936682956,
    "support": 2501.0
  }
}