{
  "happiness": {
    "precision": 0.06708268330733229,
    "recall": 0.86,
    "f1-score": 0.12445730824891461,
    "support": 50.0
  },
  "anger": {
    "precision": 0.11944444444444445,
    "recall": 0.9148936170212766,
    "f1-score": 0.2113022113022113,
    "support": 47.0
  },
  "disgust": {
    "precision": 0.047619047619047616,
    "recall": 0.029411764705882353,
    "f1-score": 0.03636363636363636,
    "support": 68.0
  },
  "fear": {
    "precision": 0.07352941176470588,
    "recall": 0.38461538461538464,
    "f1-score": 0.12345679012345678,
    "support": 26.0
  },
  "sadness": {
    "precision": 0.017857142857142856,
    "recall": 0.3333333333333333,
    "f1-score": 0.03389830508474576,
    "support": 6.0
  },
  "surprise": {
    "precision": 0.06073752711496746,
    "recall": 0.4745762711864407,
    "f1-score": 0.1076923076923077,
    "support": 59.0
  },
  "other": {
    "precision": 0.9742120343839542,
    "recall": 0.3028953229398664,
    "f1-score": 0.4621134896364254,
    "support": 2245.0
  },
  "micro avg": {
    "precision": 0.32979591836734695,
    "recall": 0.3230707716913235,
    "f1-score": 0.32639870733185217,
    "support": 2501.0
  },
  "macro avg": {
    "precision": 0.1943546130702278,
    "recall": 0.47138938482888343,
    "f1-score": 0.15704057835024257,
    "support": 2501.0
  },
  "weighted avg": {
    "precision": 0.8816131775878194,
    "recall": 0.3230707716913235,
    "f1-score": 0.426165011346548,
    "support": 2501.0
  }
}