{
  "positive": {
    "precision": 0.22878228782287824,
    "recall": 0.8985507246376812,
    "f1-score": 0.36470588235294116,
    "support": 207.0
  },
  "negative": {
    "precision": 0.4950213371266003,
    "recall": 0.8592592592592593,
    "f1-score": 0.628158844765343,
    "support": 405.0
  },
  "neutral": {
    "precision": 0.9559877175025588,
    "recall": 0.49444150344097404,
    "f1-score": 0.6517794836008374,
    "support": 1889.0
  },
  "micro avg": {
    "precision": 0.5888487765744084,
    "recall": 0.5869652139144342,
    "f1-score": 0.5879054865839006,
    "support": 2501.0
  },
  "macro avg": {
    "precision": 0.5599304474840124,
    "recall": 0.7507504957793047,
    "f1-score": 0.5482147369063739,
    "support": 2501.0
  },
  "weighted avg": {
    "precision": 0.8211524883958188,
    "recall": 0.5869652139144342,
    "f1-score": 0.6241942800075988,
    "support": 2501.0
  }
}