{
  "happiness": {
    "precision": 0.06047819971870605,
    "recall": 0.86,
    "f1-score": 0.11300919842312747,
    "support": 50.0
  },
  "anger": {
    "precision": 0.11444141689373297,
    "recall": 0.8936170212765957,
    "f1-score": 0.2028985507246377,
    "support": 47.0
  },
  "disgust": {
    "precision": 0.05555555555555555,
    "recall": 0.029411764705882353,
    "f1-score": 0.038461538461538464,
    "support": 68.0
  },
  "fear": {
    "precision": 0.07563025210084033,
    "recall": 0.34615384615384615,
    "f1-score": 0.12413793103448276,
    "support": 26.0
  },
  "sadness": {
    "precision": 0.019867549668874173,
    "recall": 0.5,
    "f1-score": 0.03821656050955414,
    "support": 6.0
  },
  "surprise": {
    "precision": 0.053268765133171914,
    "recall": 0.3728813559322034,
    "f1-score": 0.09322033898305085,
    "support": 59.0
  },
  "other": {
    "precision": 0.9708141321044547,
    "recall": 0.2815144766146993,
    "f1-score": 0.43646408839779005,
    "support": 2245.0
  },
  "micro avg": {
    "precision": 0.3075980392156863,
    "recall": 0.3010795681727309,
    "f1-score": 0.30430389977773287,
    "support": 2501.0
  },
  "macro avg": {
    "precision": 0.1928651244536194,
    "recall": 0.4690826378118896,
    "f1-score": 0.14948688664774018,
    "support": 2501.0
  },
  "weighted avg": {
    "precision": 0.8784032826580214,
    "recall": 0.30107956817273085,
    "f1-score": 0.4024873412409402,
    "support": 2501.0
  }
}