{
  "positive": {
    "precision": 0.22924411400247832,
    "recall": 0.893719806763285,
    "f1-score": 0.36489151873767256,
    "support": 207.0
  },
  "negative": {
    "precision": 0.49854227405247814,
    "recall": 0.8444444444444444,
    "f1-score": 0.6269477543538039,
    "support": 405.0
  },
  "neutral": {
    "precision": 0.9456740442655935,
    "recall": 0.49761778718898886,
    "f1-score": 0.6520985084980923,
    "support": 1889.0
  },
  "micro avg": {
    "precision": 0.5898673100120627,
    "recall": 0.5865653738504598,
    "f1-score": 0.5882117080994387,
    "support": 2501.0
  },
  "macro avg": {
    "precision": 0.55782014410685,
    "recall": 0.7452606794655727,
    "f1-score": 0.5479792605298562,
    "support": 2501.0
  },
  "weighted avg": {
    "precision": 0.8139709804907929,
    "recall": 0.5865653738504598,
    "f1-score": 0.6242544851838805,
    "support": 2501.0
  }
}